VARIABLES = "X" "Y" "Z" "Cp" "HTC" "Beta" "Ts" "FF" "RhoIce"

ZONE T="SLICE_Y_0p10_BINS07_KS_0p5mm_CUTDATA"
1.02809322 0.100000001 0 0.14617385 199.504639 0 274.844 0 680
1.02798886 0.100000001 -1.34141908e-05 0.147445917 179.361862 0 274.844 0 680
1.02767026 0.100000001 -5.43631542e-05 0.145206377 161.592712 0 274.844 0 680
1.0271205 0.100000001 -0.000125015508 0.143063232 159.264511 0 274.844 0 680
1.0263099 0.100000001 -0.000229151139 0.140585601 163.266342 0 274.844 0 680
1.0251937 0.100000001 -0.000372409553 0.137402818 165.586609 0 274.844 0 680
1.02370858 0.100000001 -0.000562627282 0.133736551 168.116745 0 274.844 0 680
1.02176763 0.100000001 -0.000810235652 0.129299104 170.731186 0 274.844 0 680
1.0192535 0.100000001 -0.00112907626 0.124095753 173.370941 0 274.844 0 680
1.01600922 0.100000001 -0.00153763483 0.117919452 176.194016 0 274.844 0 680
1.01182626 0.100000001 -0.00206025487 0.110618323 179.187851 0 274.844 0 680
1.00642917 0.100000001 -0.00272902405 0.10195519 182.435837 0 274.844 0 680
0.999456898 0.100000001 -0.00358666644 0.0916375741 185.7798 0 274.844 0 680
0.990441055 0.100000001 -0.00469147282 0.079124108 189.334488 0 274.844 0 680
0.978783112 0.100000001 -0.00612650272 0.0634097755 193.826172 0 274.844 0 680
0.963735028 0.100000001 -0.00798820752 0.0441845395 198.361771 0 274.844 0 680
0.944391919 0.100000001 -0.0103546433 0.0216194522 203.334457 0 274.844 0 680
0.919711133 0.100000001 -0.0132869066 -0.00316977804 209.421387 0 274.844 0 680
0.888578271 0.100000001 -0.0168041758 -0.0280987043 216.400436 0 274.844 0 680
0.849943244 0.100000001 -0.0208815518 -0.0516527109 223.263763 0 274.844 0 680
0.803041107 0.100000001 -0.025468376 -0.0742839724 229.584854 0 274.844 0 680
0.747683526 0.100000001 -0.0304870948 -0.0984462127 237.399124 0 274.844 0 680
0.684555011 0.100000001 -0.0357298415 -0.125684157 248.641953 0 274.844 0 680
0.615392356 0.100000001 -0.0406916522 -0.151957035 262.7789 0 274.844 0 680
0.542912962 0.100000001 -0.0445967938 -0.167731568 274.886475 0 274.844 0 680
0.470433568 0.100000001 -0.0467896775 -0.166678742 284.670685 0 274.844 0 680
0.401270913 0.100000001 -0.0471539124 -0.152428776 294.539154 0 274.844 0 680
0.338142397 0.100000001 -0.0460862159 -0.132566214 303.618164 0 274.844 0 680
0.282784817 0.100000001 -0.0441256669 -0.112481765 312.637878 0 274.844 0 680
0.23588268 0.100000001 -0.0416753227 -0.0944951698 322.280945 0 274.844 0 680
0.197247653 0.100000001 -0.0389818665 -0.0777326301 333.942169 0 274.844 0 680
0.16611479 0.100000001 -0.0362183119 -0.060999129 348.681519 2.15147666e-05 274.833 0 680
0.141434005 0.100000001 -0.0335309596 -0.0443126075 363.677734 0.000538698223 273.15 0.839412332 680
0.122090895 0.100000001 -0.0310376885 -0.0336246565 377.229218 0.00263971277 273.15 0.457040399 680
0.107042812 0.100000001 -0.0288164955 -0.0418435559 392.733215 0.00662616966 273.15 0.261061579 680
0.0953848682 0.100000001 -0.0268572335 -0.0684100091 417.552307 0.0192412362 273.15 0.176346481 680
0.0863690259 0.100000001 -0.0249152486 -0.084427923 457.781433 0.0599292032 273.15 0.135208875 680
0.0793967573 0.100000001 -0.0228009001 -0.0559034087 505.420319 0.133791268 273.15 0.114486627 680
0.0739996663 0.100000001 -0.0205157782 0.0288145225 545.556519 0.222014159 273.15 0.103078261 680
0.0698167001 0.100000001 -0.0181444761 0.153801367 559.195984 0.306010455 273.15 0.0948251411 680
0.066572427 0.100000001 -0.0157819618 0.293691903 549.908691 0.377857089 273.15 0.0891701728 680
0.0640582916 0.100000001 -0.0134885374 0.428959519 534.829163 0.437259763 273.15 0.0872224942 680
0.0621173395 0.100000001 -0.0112988276 0.547523618 511.094147 0.486007243 273.15 0.0886702612 680
0.0606322222 0.100000001 -0.00921776159 0.644446015 482.263336 0.525604963 273.15 0.0950343013 680
0.0595160268 0.100000001 -0.00723963566 0.716634691 454.916016 0.556689501 273.15 0.110647745 680
0.0587054223 0.100000001 -0.0053500206 0.763651967 433.314545 0.57945317 273.15 0.147140101 680
0.0581556618 0.100000001 -0.0035453241 0.784811854 421.344421 0.594323933 273.15 0.218986705 680
0.0578370654 0.100000001 -0.00182591131 0.778935194 429.127838 0.60160327 273.15 0.192325607 680
0.0577327006 0.100000001 0 0.747612596 455.866364 0.600261092 273.15 0.124829009 680
0.0578370654 0.100000001 0.00182591131 0.688619256 490.764465 0.588100851 273.15 0.0946191624 680
0.0581556618 0.100000001 0.0035453241 0.603798509 528.009033 0.56603533 273.15 0.0807266533 680
0.0587054223 0.100000001 0.0053500206 0.501215816 564.677551 0.537150264 273.15 0.0761783272 680
0.0595160268 0.100000001 0.00723963566 0.376092583 599.889648 0.500596285 273.15 0.0748769715 680
0.0595160268 0.100000001 0.00723963566 0.376092583 599.889648 0.500596285 273.15 0.0748769715 680
0.0606322222 0.100000001 0.00921776159 0.23232542 629.862 0.455782413 273.15 0.0762416497 680
0.0621173395 0.100000001 0.0112988276 0.0741928071 653.787415 0.403186828 273.15 0.0801709443 680
0.0640582916 0.100000001 0.0134885374 -0.0957238525 665.811707 0.340409249 273.15 0.0863545313 680
0.066572427 0.100000001 0.0157819618 -0.270017862 663.13739 0.26718688 273.15 0.0952345654 680
0.0698167001 0.100000001 0.0181444761 -0.426210165 654.146301 0.18273671 273.15 0.109476872 680
0.0739996663 0.100000001 0.0205157782 -0.540538669 620.37439 0.0915902555 273.15 0.130336121 680
0.0793967573 0.100000001 0.0228009001 -0.586337268 558.499084 0.0228964314 273.15 0.16159983 680
0.0863690259 0.100000001 0.0249152486 -0.554459214 491.469513 0.000938651094 273.15 0.215246513 680
0.0953848682 0.100000001 0.0268572335 -0.47076866 439.351471 0 273.15 0.323569179 680
0.107042812 0.100000001 0.0288164955 -0.384062529 411.599762 0 273.15 0.621310949 680
0.122090895 0.100000001 0.0310376885 -0.331180096 397.125183 0 273.15 0.781811595 680
0.141434005 0.100000001 0.0335309596 -0.306685477 383.912537 0 274.844 0 680
0.16611479 0.100000001 0.0362183119 -0.293623388 368.094147 0 274.844 0 680
0.197247653 0.100000001 0.0389818665 -0.285297126 351.763611 0 274.844 0 680
0.23588268 0.100000001 0.0416753227 -0.279710621 337.856567 0 274.844 0 680
0.282784817 0.100000001 0.0441256669 -0.277522057 325.874969 0 274.844 0 680
0.338142397 0.100000001 0.0460862159 -0.279393494 314.783142 0 274.844 0 680
0.401270913 0.100000001 0.0471539124 -0.282663137 303.713806 0 274.844 0 680
0.470433568 0.100000001 0.0467896775 -0.280586064 291.748047 0 274.844 0 680
0.542912962 0.100000001 0.0445967938 -0.263360888 279.699249 0 274.844 0 680
0.615392356 0.100000001 0.0406916522 -0.230203643 265.5065 0 274.844 0 680
0.684555011 0.100000001 0.0357298415 -0.189621538 249.701279 0 274.844 0 680
0.747683526 0.100000001 0.0304870948 -0.149518296 236.946884 0 274.844 0 680
0.803041107 0.100000001 0.025468376 -0.114046134 227.716431 0 274.844 0 680
0.849943244 0.100000001 0.0208815518 -0.0816217214 220.027832 0 274.844 0 680
0.888578271 0.100000001 0.0168041758 -0.0498126708 211.887604 0 274.844 0 680
0.919711133 0.100000001 0.0132869066 -0.0181825906 203.701569 0 274.844 0 680
0.944391919 0.100000001 0.0103546433 0.0116878105 196.497528 0 274.844 0 680
0.963735028 0.100000001 0.00798820752 0.0378519893 190.544754 0 274.844 0 680
0.978783112 0.100000001 0.00612650272 0.0596545264 185.229736 0 274.844 0 680
0.990441055 0.100000001 0.00469147282 0.07719744 180.127426 0 274.844 0 680
0.999456898 0.100000001 0.00358666644 0.0910429955 176.038361 0 274.844 0 680
1.00642917 0.100000001 0.00272902405 0.102233209 172.335632 0 274.844 0 680
1.01182626 0.100000001 0.00206025487 0.111402981 168.820633 0 274.844 0 680
1.01600922 0.100000001 0.00153763483 0.118944786 165.601257 0 274.844 0 680
1.0192535 0.100000001 0.00112907626 0.125187144 162.580246 0 274.844 0 680
1.02176763 0.100000001 0.000810235652 0.130341768 159.733643 0 274.844 0 680
1.02370858 0.100000001 0.000562627282 0.134652764 156.920456 0 274.844 0 680
1.0251937 0.100000001 0.000372409553 0.13818343 154.096466 0 274.844 0 680
1.0263099 0.100000001 0.000229151139 0.141165018 151.318451 0 274.844 0 680
1.0271205 0.100000001 0.000125015508 0.143532589 146.794846 0 274.844 0 680
1.02767026 0.100000001 5.43631542e-05 0.145417511 148.990646 0 274.844 0 680
1.02798886 0.100000001 1.34141908e-05 0.147275791 168.937576 0 274.844 0 680

ZONE T="SLICE_Y_0p75_BINS07_KS_0p5mm_CUTDATA"
1.21069917 0.750000001 0 0.148556083 216.102646 0 274.844 0 680
1.21061552 0.750000001 -1.07509204e-05 0.150084466 192.568878 0 274.844 0 680
1.21036018 0.750000001 -4.35698249e-05 0.147937208 167.874603 0 274.844 0 680
1.20991957 0.750000001 -0.000100194771 0.146164462 163.44725 0 274.844 0 680
1.20926991 0.750000001 -0.000183655182 0.144035414 167.871399 0 274.844 0 680
1.20837532 0.750000001 -0.000298470891 0.141305 169.916199 0 274.844 0 680
1.20718506 0.750000001 -0.000450922552 0.138171732 172.483521 0 274.844 0 680
1.20562947 0.750000001 -0.000649370443 0.134332314 175.07489 0 274.844 0 680
1.20361449 0.750000001 -0.000904908033 0.129868224 177.711594 0 274.844 0 680
1.20101434 0.750000001 -0.00123235087 0.124546528 180.533066 0 274.844 0 680
1.19766187 0.750000001 -0.00165120927 0.118256412 183.61058 0 274.844 0 680
1.19333632 0.750000001 -0.00218720017 0.110753573 187.082962 0 274.844 0 680
1.18774834 0.750000001 -0.00287456516 0.101778723 190.810272 0 274.844 0 680
1.18052251 0.750000001 -0.00376002188 0.090772219 194.834122 0 274.844 0 680
1.17117915 0.750000001 -0.00491013914 0.0769543797 199.170944 0 274.844 0 680
1.15911873 0.750000001 -0.00640221872 0.0598347932 202.661423 0 274.844 0 680
1.14361603 0.750000001 -0.00829881936 0.0392882936 206.520416 0 274.844 0 680
1.1238354 0.750000001 -0.0106489074 0.0161057003 211.877167 0 274.844 0 680
1.09888369 0.750000001 -0.0134678535 -0.00805564038 218.751068 0 274.844 0 680
1.06791931 0.750000001 -0.0167357022 -0.0317954533 225.855331 0 274.844 0 680
1.03032918 0.750000001 -0.0204118525 -0.055485867 232.870819 0 274.844 0 680
0.985962367 0.750000001 -0.0244341485 -0.0815894753 242.235153 0 274.844 0 680
0.935367467 0.750000001 -0.0286359936 -0.112040043 255.478439 0 274.844 0 680
0.879936452 0.750000001 -0.0326126802 -0.143597052 271.395386 0 274.844 0 680
0.821847209 0.750000001 -0.0357424901 -0.167639256 287.560516 0 274.844 0 680
0.763757965 0.750000001 -0.0374999959 -0.175636977 301.686523 0 274.844 0 680
0.708326951 0.750000001 -0.0377919151 -0.169399083 313.369781 0 274.844 0 680
0.657732051 0.750000001 -0.0369362004 -0.156893268 323.991119 0 274.844 0 680
0.613365234 0.750000001 -0.0353649013 -0.142610267 334.356842 0 274.844 0 680
0.575775107 0.750000001 -0.0334010515 -0.128733337 344.931732 0 274.844 0 680
0.544810727 0.750000001 -0.0312423575 -0.114726081 356.392059 0.000136206654 274.779 0 680
0.519859022 0.750000001 -0.0290274825 -0.0994801819 370.584167 0.00134228112 274.231 0 680
0.500078391 0.750000001 -0.0268736805 -0.0833978802 387.384033 0.00499892887 273.15 0.848084092 680
0.484575687 0.750000001 -0.0248754267 -0.0716801658 403.910126 0.0118030803 273.15 0.424979568 680
0.472515269 0.750000001 -0.0230952321 -0.0765093639 422.575073 0.0221453197 273.15 0.256295413 680
0.463171908 0.750000001 -0.0215249645 -0.0983589366 452.5672 0.0437809117 273.15 0.180079997 680
0.455946082 0.750000001 -0.0199685437 -0.109181233 499.421997 0.0951948538 273.15 0.142526388 680
0.450358097 0.750000001 -0.0182739806 -0.0747612938 555.07373 0.175071403 273.15 0.123870343 680
0.446032551 0.750000001 -0.0164425497 0.0157960057 603.23468 0.26421538 273.15 0.113863982 680
0.442680076 0.750000001 -0.0145420489 0.1464082 630.351807 0.347457528 273.15 0.107831039 680
0.440079925 0.750000001 -0.0126485912 0.291184634 638.798218 0.418362886 273.15 0.104679294 680
0.438064949 0.750000001 -0.0108105062 0.428098917 627.171265 0.476953417 273.15 0.104158819 680
0.436509356 0.750000001 -0.00905554412 0.54593116 590.766846 0.524599373 273.15 0.106471561 680
0.435319096 0.750000001 -0.00738765557 0.640115917 554.825073 0.563042819 273.15 0.117078222 680
0.434424512 0.750000001 -0.00580226926 0.705813468 539.843506 0.592886865 273.15 0.146598369 680
0.433774846 0.750000001 -0.00428782075 0.742707849 533.751831 0.614254713 273.15 0.221294865 680
0.433334235 0.750000001 -0.00284143098 0.751195014 532.37561 0.627572536 273.15 0.245803088 680
0.433078893 0.750000001 -0.00146339257 0.726225317 548.607117 0.632903099 273.15 0.161327496 680
0.432995249 0.750000001 0 0.673410356 578.592285 0.62943393 273.15 0.118878826 680
0.433078893 0.750000001 0.00146339257 0.590299368 612.877747 0.614938855 273.15 0.0950603187 680
0.433078893 0.750000001 0.00146339257 0.590299368 612.877747 0.614938855 273.15 0.0950603187 680
0.433334235 0.750000001 0.00284143098 0.478639275 646.683289 0.590278566 273.15 0.0833971724 680
0.433774846 0.750000001 0.00428782075 0.350664675 676.593262 0.558866024 273.15 0.0798575059 680
0.434424512 0.750000001 0.00580226926 0.199425206 701.147095 0.519576013 273.15 0.0789482445 680
0.435319096 0.750000001 0.00738765557 0.028878469 726.075439 0.472211838 273.15 0.0812549368 680
0.436509356 0.750000001 0.00905554412 -0.152347937 767.280762 0.416913539 273.15 0.0886130705 680
0.438064949 0.750000001 0.0108105062 -0.339537412 803.167419 0.351111382 273.15 0.100015558 680
0.440079925 0.750000001 0.0126485912 -0.531248152 799.674744 0.275382638 273.15 0.113197334 680
0.442680076 0.750000001 0.0145420489 -0.699046075 763.546692 0.18856217 273.15 0.12998566 680
0.446032551 0.750000001 0.0164425497 -0.811936557 703.503479 0.0937971324 273.15 0.155255273 680
0.450358097 0.750000001 0.0182739806 -0.837818265 626.289429 0.0227964167 273.15 0.197518453 680
0.455946082 0.750000001 0.0199685437 -0.776304722 543.760986 0.000779518276 273.15 0.273867756 680
0.463171908 0.750000001 0.0215249645 -0.661334038 478.759033 0 273.15 0.446273863 680
0.472515269 0.750000001 0.0230952321 -0.543997049 445.414307 0 273.15 0.846180856 680
0.484575687 0.750000001 0.0248754267 -0.466361523 428.586304 0 274.844 0 680
0.500078391 0.750000001 0.0268736805 -0.422590256 412.875916 0 274.844 0 680
0.519859022 0.750000001 0.0290274825 -0.392529368 394.123474 0 274.844 0 680
0.544810727 0.750000001 0.0312423575 -0.367446125 376.320953 0 274.844 0 680
0.575775107 0.750000001 0.0334010515 -0.345517546 361.364594 0 274.844 0 680
0.613365234 0.750000001 0.0353649013 -0.327556878 347.482605 0 274.844 0 680
0.657732051 0.750000001 0.0369362004 -0.313850522 334.131439 0 274.844 0 680
0.708326951 0.750000001 0.0377919151 -0.301536858 320.572876 0 274.844 0 680
0.763757965 0.750000001 0.0374999959 -0.283566803 305.479584 0 274.844 0 680
0.821847209 0.750000001 0.0357424901 -0.253154933 288.238342 0 274.844 0 680
0.879936452 0.750000001 0.0326126802 -0.210312992 269.666443 0 274.844 0 680
0.935367467 0.750000001 0.0286359936 -0.162791491 251.688812 0 274.844 0 680
0.985962367 0.750000001 0.0244341485 -0.119144544 236.616837 0 274.844 0 680
1.03032918 0.750000001 0.0204118525 -0.0819326416 225.507065 0 274.844 0 680
1.06791931 0.750000001 0.0167357022 -0.0489789024 216.906494 0 274.844 0 680
1.09888369 0.750000001 0.0134678535 -0.017935466 208.436554 0 274.844 0 680
1.1238354 0.750000001 0.0106489074 0.0116017209 200.316803 0 274.844 0 680
1.14361603 0.750000001 0.00829881936 0.0383117609 193.808685 0 274.844 0 680
1.15911873 0.750000001 0.00640221872 0.0608596653 188.84787 0 274.844 0 680
1.17117915 0.750000001 0.00491013914 0.0791521147 184.480209 0 274.844 0 680
1.18052251 0.750000001 0.00376002188 0.0935819 179.651108 0 274.844 0 680
1.18774834 0.750000001 0.00287456516 0.104893275 175.262268 0 274.844 0 680
1.19333632 0.750000001 0.00218720017 0.113901563 171.373871 0 274.844 0 680
1.19766187 0.750000001 0.00165120927 0.121231928 167.794647 0 274.844 0 680
1.20101434 0.750000001 0.00123235087 0.127220884 164.606216 0 274.844 0 680
1.20361449 0.750000001 0.000904908033 0.132178605 161.674255 0 274.844 0 680
1.20562947 0.750000001 0.000649370443 0.136262655 158.888611 0 274.844 0 680
1.20718506 0.750000001 0.000450922552 0.139707565 156.132065 0 274.844 0 680
1.20837532 0.750000001 0.000298470891 0.142516315 153.260834 0 274.844 0 680
1.20926991 0.750000001 0.000183655182 0.14489077 150.753265 0 274.844 0 680
1.20991957 0.750000001 0.000100194771 0.14681761 145.866409 0 274.844 0 680
1.21036018 0.750000001 4.35698249e-05 0.148185998 150.168839 0 274.844 0 680
1.21061552 0.750000001 1.07509204e-05 0.149739698 178.007385 0 274.844 0 680

ZONE T="SLICE_Y_1p40_BINS07_KS_0p5mm_CUTDATA"
1.39330511 1.39999998 0 0.139822736 226.584793 0 274.844 0 680
1.39324218 1.39999998 -8.08765014e-06 0.140668735 194.43399 0 274.844 0 680
1.3930501 1.39999998 -3.27764961e-05 0.139462084 176.077774 0 274.844 0 680
1.39271864 1.39999998 -7.53740356e-05 0.138351291 176.789322 0 274.844 0 680
1.39222991 1.39999998 -0.000138159228 0.136308312 180.348083 0 274.844 0 680
1.39155693 1.39999998 -0.00022453223 0.133753777 182.602921 0 274.844 0 680
1.39066153 1.39999998 -0.000339217825 0.130718812 185.684967 0 274.844 0 680
1.3894913 1.39999998 -0.00048850524 0.127075717 188.454727 0 274.844 0 680
1.38797548 1.39999998 -0.000680739816 0.122825049 191.383881 0 274.844 0 680
1.38601945 1.39999998 -0.000927066921 0.117755957 194.446686 0 274.844 0 680
1.38349747 1.39999998 -0.00124216368 0.111775711 197.682602 0 274.844 0 680
1.38024347 1.39999998 -0.00164537631 0.104649328 201.149734 0 274.844 0 680
1.37603977 1.39999998 -0.0021624639 0.0961430296 204.738602 0 274.844 0 680
1.37060396 1.39999998 -0.00282857098 0.085742265 208.65361 0 274.844 0 680
1.36357518 1.39999998 -0.0036937756 0.0728009418 213.441544 0 274.844 0 680
1.35450243 1.39999998 -0.00481622997 0.0569719151 217.778641 0 274.844 0 680
1.34284013 1.39999998 -0.00624299548 0.0382618569 221.991074 0 274.844 0 680
1.32795965 1.39999998 -0.00801090826 0.0174480863 227.392227 0 274.844 0 680
1.3091891 1.39999998 -0.0101315314 -0.00386873097 233.770477 0 274.844 0 680
1.28589537 1.39999998 -0.0125898527 -0.0243985243 241.193817 0 274.844 0 680
1.25761725 1.39999998 -0.0153553291 -0.0446932577 249.615631 0 274.844 0 680
1.2242412 1.39999998 -0.0183812025 -0.0674016699 259.102478 0 274.844 0 680
1.18617991 1.39999998 -0.0215421461 -0.094746165 268.967346 0 274.844 0 680
1.14448054 1.39999998 -0.0245337085 -0.124814078 280.176941 0 274.844 0 680
1.10078145 1.39999998 -0.0268881867 -0.150795653 294.729828 0 274.844 0 680
1.05708235 1.39999998 -0.0282103146 -0.164963946 310.11377 0 274.844 0 680
1.01538298 1.39999998 -0.0284299182 -0.167255715 322.953735 0 274.844 0 680
0.977321692 1.39999998 -0.0277861853 -0.164481059 334.503693 0 274.844 0 680
0.943945639 1.39999998 -0.026604136 -0.161248937 347.75592 0 274.844 0 680
0.915667521 1.39999998 -0.0251267806 -0.158055723 363.682159 0.000193314903 274.754 0 680
0.892373788 1.39999998 -0.0235028488 -0.153008729 381.472351 0.00180571945 274.042 0 680
0.873603241 1.39999998 -0.0218366534 -0.144387618 399.97226 0.0071762898 273.15 0.747406662 680
0.858722763 1.39999998 -0.0202164017 -0.133080542 418.735016 0.0167665407 273.15 0.713853061 680
0.847060465 1.39999998 -0.018713165 -0.124461852 438.715057 0.0296108481 273.15 0.366815478 680
0.837987712 1.39999998 -0.0173739689 -0.130585745 464.097198 0.0447115153 273.15 0.24017939 680
0.830958934 1.39999998 -0.0161926956 -0.153430641 501.979065 0.0731480494 273.15 0.179839283 680
0.825523125 1.39999998 -0.015021839 -0.164929777 557.187866 0.129765898 273.15 0.144200787 680
0.821319422 1.39999998 -0.0137470613 -0.130220771 622.246887 0.211373597 273.15 0.126866594 680
0.818065422 1.39999998 -0.0123693213 -0.0394018516 679.572693 0.301227838 273.15 0.118615411 680
0.815543439 1.39999998 -0.0109396218 0.0924491733 715.10553 0.384635478 273.15 0.114492834 680
0.81358741 1.39999998 -0.00951522067 0.239540592 722.892578 0.455680817 273.15 0.109710291 680
0.812071593 1.39999998 -0.00813247502 0.379496008 711.496765 0.514551699 273.15 0.107536234 680
0.810901359 1.39999998 -0.0068122607 0.501356781 692.903992 0.562713683 273.15 0.110395387 680
0.810005956 1.39999998 -0.00555754961 0.599772096 670.934021 0.601686418 273.15 0.120294645 680
0.809332982 1.39999998 -0.00436490291 0.669098139 649.001343 0.632189631 273.15 0.142759606 680
0.808844255 1.39999998 -0.00322562095 0.710541725 630.038696 0.654414296 273.15 0.193991616 680
0.808512795 1.39999998 -0.00213753788 0.724503875 624.044128 0.668742537 273.15 0.228567302 680
0.808320707 1.39999998 -0.00110087385 0.704161584 647.872559 0.675027311 273.15 0.172952205 680
0.808257784 1.39999998 0 0.657089591 690.166321 0.672253966 273.15 0.130226821 680
0.808320707 1.39999998 0.00110087385 0.580644608 736.938538 0.658640206 273.15 0.106352463 680
0.808512795 1.39999998 0.00213753788 0.473762125 780.564392 0.635313451 273.15 0.0946527123 680
0.808844255 1.39999998 0.00322562095 0.349495083 815.40686 0.605132103 273.15 0.0912306383 680
0.809332982 1.39999998 0.00436490291 0.203077778 846.03125 0.567322075 273.15 0.0910098031 680
0.810005956 1.39999998 0.00555754961 0.0388498083 869.083435 0.521342754 273.15 0.0937578604 680
0.810901359 1.39999998 0.0068122607 -0.138413191 883.364258 0.467710704 273.15 0.0995805264 680
0.812071593 1.39999998 0.00813247502 -0.32310155 888.258301 0.40451473 273.15 0.107563026 680
0.81358741 1.39999998 0.00951522067 -0.509506524 879.187317 0.330055118 273.15 0.11850132 680
0.815543439 1.39999998 0.0109396218 -0.672139943 842.408752 0.243682638 273.15 0.132782936 680
0.818065422 1.39999998 0.0123693213 -0.782682121 771.280762 0.147382841 273.15 0.152277455 680
0.821319422 1.39999998 0.0137470613 -0.810051501 683.5177 0.0572552904 273.15 0.18614535 680
0.825523125 1.39999998 0.015021839 -0.751759052 591.036133 0.00799111091 273.15 0.253508449 680
0.830958934 1.39999998 0.0161926956 -0.640753984 516.988403 7.34592686e-05 273.15 0.413493723 680
0.837987712 1.39999998 0.0173739689 -0.526652455 474.730042 0 273.15 0.851012409 680
0.847060465 1.39999998 0.018713165 -0.447708011 451.82251 0 274.844 0 680
0.858722763 1.39999998 0.0202164017 -0.398320347 432.461334 0 274.844 0 680
0.873603241 1.39999998 0.0218366534 -0.360461771 411.061005 0 274.844 0 680
0.892373788 1.39999998 0.0235028488 -0.326309979 389.312775 0 274.844 0 680
0.915667521 1.39999998 0.0251267806 -0.294721842 368.06955 0 274.844 0 680
0.943945639 1.39999998 0.026604136 -0.267729849 348.625244 0 274.844 0 680
0.977321692 1.39999998 0.0277861853 -0.246737912 331.779816 0 274.844 0 680
1.01538298 1.39999998 0.0284299182 -0.229499444 316.384064 0 274.844 0 680
1.05708235 1.39999998 0.0282103146 -0.209589586 299.503601 0 274.844 0 680
1.10078145 1.39999998 0.0268881867 -0.18047452 280.119843 0 274.844 0 680
1.14448054 1.39999998 0.0245337085 -0.142018944 261.403168 0 274.844 0 680
1.18617991 1.39999998 0.0215421461 -0.10156963 245.854019 0 274.844 0 680
1.2242412 1.39999998 0.0183812025 -0.0665701926 232.013626 0 274.844 0 680
1.25761725 1.39999998 0.0153553291 -0.0384181812 219.243591 0 274.844 0 680
1.28589537 1.39999998 0.0125898527 -0.0143480571 208.420746 0 274.844 0 680
1.3091891 1.39999998 0.0101315314 0.00837046653 199.547272 0 274.844 0 680
1.32795965 1.39999998 0.00801090826 0.0303489193 192.441864 0 274.844 0 680
1.34284013 1.39999998 0.00624299548 0.0505898632 186.712723 0 274.844 0 680
1.35450243 1.39999998 0.00481622997 0.068081297 182.281174 0 274.844 0 680
1.36357518 1.39999998 0.0036937756 0.0825217664 178.093872 0 274.844 0 680
1.37060396 1.39999998 0.00282857098 0.0940973163 173.872192 0 274.844 0 680
1.37603977 1.39999998 0.0021624639 0.103282183 170.504929 0 274.844 0 680
1.38024347 1.39999998 0.00164537631 0.110696934 167.450012 0 274.844 0 680
1.38349747 1.39999998 0.00124216368 0.116833992 164.479675 0 274.844 0 680
1.38601945 1.39999998 0.000927066921 0.121938601 161.676163 0 274.844 0 680
1.38797548 1.39999998 0.000680739816 0.126231551 158.993317 0 274.844 0 680
1.3894913 1.39999998 0.00048850524 0.129830331 156.392853 0 274.844 0 680
1.39066153 1.39999998 0.000339217825 0.132888153 153.871994 0 274.844 0 680
1.39066153 1.39999998 0.000339217825 0.132888153 153.871994 0 274.844 0 680
1.39155693 1.39999998 0.00022453223 0.135465384 150.988693 0 274.844 0 680
1.39222991 1.39999998 0.000138159228 0.137602866 148.821655 0 274.844 0 680
1.39271864 1.39999998 7.53740356e-05 0.139360711 145.422668 0 274.844 0 680
1.3930501 1.39999998 3.27764961e-05 0.140204936 145.545334 0 274.844 0 680
1.39324218 1.39999998 8.08765014e-06 0.141084984 170.407715 0 274.844 0 680

ZONE T="SLICE_Y_0p10_BINS01_KS_1p0mm_CUTDATA"
1.02809322 0.100000001 0 0.129504636 249.529144 0 274.844 0 680
1.02798886 0.100000001 -1.34141908e-05 0.130569845 211.459946 0 274.844 0 680
1.02767026 0.100000001 -5.43631542e-05 0.12863569 186.170929 0 274.844 0 680
1.0271205 0.100000001 -0.000125015508 0.126923651 183.116943 0 274.844 0 680
1.0263099 0.100000001 -0.000229151139 0.124922737 186.943649 0 274.844 0 680
1.0251937 0.100000001 -0.000372409553 0.122303948 189.076157 0 274.844 0 680
1.02370858 0.100000001 -0.000562627282 0.119243056 191.509033 0 274.844 0 680
1.02176763 0.100000001 -0.000810235652 0.115483008 194.052368 0 274.844 0 680
1.0192535 0.100000001 -0.00112907626 0.111019723 196.653076 0 274.844 0 680
1.01600922 0.100000001 -0.00153763483 0.105654009 199.467285 0 274.844 0 680
1.01182626 0.100000001 -0.00206025487 0.0992354453 202.472672 0 274.844 0 680
1.00642917 0.100000001 -0.00272902405 0.0915282816 205.759323 0 274.844 0 680
0.999456898 0.100000001 -0.00358666644 0.0822271705 209.174683 0 274.844 0 680
0.990441055 0.100000001 -0.00469147282 0.070807524 212.914413 0 274.844 0 680
0.978783112 0.100000001 -0.00612650272 0.0563561507 217.578705 0 274.844 0 680
0.963735028 0.100000001 -0.00798820752 0.0385216102 222.393402 0 274.844 0 680
0.944391919 0.100000001 -0.0103546433 0.0173783563 227.910965 0 274.844 0 680
0.919711133 0.100000001 -0.0132869066 -0.00615514256 234.854858 0 274.844 0 680
0.888578271 0.100000001 -0.0168041758 -0.0302094799 242.678436 0 274.844 0 680
0.849943244 0.100000001 -0.0208815518 -0.0532970168 250.420425 0 274.844 0 680
0.803041107 0.100000001 -0.025468376 -0.0757156909 257.816528 0 274.844 0 680
0.747683526 0.100000001 -0.0304870948 -0.0996730849 266.853516 0 274.844 0 680
0.684555011 0.100000001 -0.0357298415 -0.126502484 279.799835 0 274.844 0 680
0.615392356 0.100000001 -0.0406916522 -0.152125552 296.218719 0 274.844 0 680
0.542912962 0.100000001 -0.0445967938 -0.167553946 310.964691 0 274.844 0 680
0.470433568 0.100000001 -0.0467896775 -0.166512743 323.282288 0 274.844 0 680
0.401270913 0.100000001 -0.0471539124 -0.15226987 335.331055 0 274.844 0 680
0.338142397 0.100000001 -0.0460862159 -0.13244389 346.429535 0 274.844 0 680
0.282784817 0.100000001 -0.0441256669 -0.112340458 357.428162 0 274.844 0 680
0.23588268 0.100000001 -0.0416753227 -0.0942462683 369.189026 0 274.844 0 680
0.197247653 0.100000001 -0.0389818665 -0.0773454756 383.424835 0 274.844 0 680
0.16611479 0.100000001 -0.0362183119 -0.0606090911 401.518585 0 274.844 0 680
0.141434005 0.100000001 -0.0335309596 -0.0441888832 420.401154 0 274.61 0 680
0.122090895 0.100000001 -0.0310376885 -0.033795245 437.490845 0 273.15 0.842264414 680
0.107042812 0.100000001 -0.0288164955 -0.0418823846 456.609467 0 273.15 0.41288504 680
0.0953848682 0.100000001 -0.0268572335 -0.0672783256 488.779938 0.00464029284 273.15 0.246000633 680
0.0863690259 0.100000001 -0.0249152486 -0.0812421367 542.719299 0.0597023703 273.15 0.176464096 680
0.0793967573 0.100000001 -0.0228009001 -0.0513085313 608.00116 0.144761905 273.15 0.145967051 680
0.0739996663 0.100000001 -0.0205157782 0.0336944573 663.595459 0.235040814 273.15 0.129950866 680
0.0698167001 0.100000001 -0.0181444761 0.158045843 681.239502 0.319003105 273.15 0.117848687 680
0.066572427 0.100000001 -0.0157819618 0.296670854 666.489929 0.390493721 273.15 0.108963385 680
0.0640582916 0.100000001 -0.0134885374 0.431094497 650.764954 0.449415475 273.15 0.10583026 680
0.0621173395 0.100000001 -0.0112988276 0.54903543 627.438904 0.498010963 273.15 0.1071724 680
0.0606322222 0.100000001 -0.00921776159 0.645331264 592.327881 0.537441254 273.15 0.113648877 680
0.0595160268 0.100000001 -0.00723963566 0.717150688 557.394409 0.568437338 273.15 0.130518869 680
0.0587054223 0.100000001 -0.0053500206 0.763891041 529.337952 0.591240287 273.15 0.170660824 680
0.0581556618 0.100000001 -0.0035453241 0.785019934 513.38147 0.606081605 273.15 0.249534696 680
0.0578370654 0.100000001 -0.00182591131 0.779391587 523.122253 0.613461494 273.15 0.221431047 680
0.0577327006 0.100000001 0 0.748506963 557.761169 0.611985862 273.15 0.146595627 680
0.0578370654 0.100000001 0.00182591131 0.690241635 602.949585 0.600041926 273.15 0.112873666 680
0.0581556618 0.100000001 0.0035453241 0.606360912 650.72699 0.578097761 273.15 0.097556673 680
0.0587054223 0.100000001 0.0053500206 0.504677117 695.515259 0.549447715 273.15 0.0929404721 680
0.0595160268 0.100000001 0.00723963566 0.380656362 736.639099 0.513303876 273.15 0.0919990987 680
0.0595160268 0.100000001 0.00723963566 0.380656362 736.639099 0.513303876 273.15 0.0919990987 680
0.0606322222 0.100000001 0.00921776159 0.238107726 769.822083 0.468878597 273.15 0.0942928493 680
0.0621173395 0.100000001 0.0112988276 0.0814515576 794.285217 0.41694501 273.15 0.0996332839 680
0.0640582916 0.100000001 0.0134885374 -0.0871604383 803.94928 0.3542099 273.15 0.108026713 680
0.066572427 0.100000001 0.0157819618 -0.259630382 804.617676 0.283284813 273.15 0.121205777 680
0.0698167001 0.100000001 0.0181444761 -0.413935065 800.862549 0.197121456 273.15 0.14313823 680
0.0739996663 0.100000001 0.0205157782 -0.527832985 756.41803 0.0906621441 273.15 0.176833048 680
0.0793967573 0.100000001 0.0228009001 -0.575416207 670.500854 0.00806546956 273.15 0.234007716 680
0.0863690259 0.100000001 0.0249152486 -0.546739042 578.304138 0 273.15 0.344582677 680
0.0953848682 0.100000001 0.0268572335 -0.467431366 508.577515 0 273.15 0.642096162 680
0.107042812 0.100000001 0.0288164955 -0.383920133 473.290344 0 273.15 0.772817492 680
0.122090895 0.100000001 0.0310376885 -0.331383914 456.239624 0 274.844 0 680
0.141434005 0.100000001 0.0335309596 -0.3061845 440.452332 0 274.844 0 680
0.16611479 0.100000001 0.0362183119 -0.292651385 421.355988 0 274.844 0 680
0.197247653 0.100000001 0.0389818665 -0.284196585 402.003754 0 274.844 0 680
0.23588268 0.100000001 0.0416753227 -0.278648496 385.720642 0 274.844 0 680
0.282784817 0.100000001 0.0441256669 -0.276535749 371.708588 0 274.844 0 680
0.338142397 0.100000001 0.0460862159 -0.278349191 358.565491 0 274.844 0 680
0.401270913 0.100000001 0.0471539124 -0.281431884 345.311096 0 274.844 0 680
0.470433568 0.100000001 0.0467896775 -0.279194057 330.940735 0 274.844 0 680
0.542912962 0.100000001 0.0445967938 -0.261888951 316.075806 0 274.844 0 680
0.615392356 0.100000001 0.0406916522 -0.229097128 299.010254 0 274.844 0 680
0.684555011 0.100000001 0.0357298415 -0.189135745 280.729645 0 274.844 0 680
0.747683526 0.100000001 0.0304870948 -0.149394676 266.038544 0 274.844 0 680
0.803041107 0.100000001 0.025468376 -0.114112668 255.390808 0 274.844 0 680
0.849943244 0.100000001 0.0208815518 -0.0818934962 246.480789 0 274.844 0 680
0.888578271 0.100000001 0.0168041758 -0.0506617986 237.311569 0 274.844 0 680
0.919711133 0.100000001 0.0132869066 -0.0201131031 228.171005 0 274.844 0 680
0.944391919 0.100000001 0.0103546433 0.00823756866 220.122635 0 274.844 0 680
0.963735028 0.100000001 0.00798820752 0.0326856151 213.66069 0 274.844 0 680
0.978783112 0.100000001 0.00612650272 0.0528398491 208.104416 0 274.844 0 680
0.990441055 0.100000001 0.00469147282 0.0689029768 202.929657 0 274.844 0 680
0.999456898 0.100000001 0.00358666644 0.0814896524 198.75441 0 274.844 0 680
1.00642917 0.100000001 0.00272902405 0.0915455818 195.025101 0 274.844 0 680
1.01182626 0.100000001 0.00206025487 0.0996936485 191.515167 0 274.844 0 680
1.01600922 0.100000001 0.00153763483 0.106319137 188.324158 0 274.844 0 680
1.0192535 0.100000001 0.00112907626 0.1117457 185.337387 0 274.844 0 680
1.02176763 0.100000001 0.000810235652 0.116168708 182.549225 0 274.844 0 680
1.02370858 0.100000001 0.000562627282 0.119829051 179.856644 0 274.844 0 680
1.0251937 0.100000001 0.000372409553 0.122792915 177.121887 0 274.844 0 680
1.0263099 0.100000001 0.000229151139 0.125244528 174.512039 0 274.844 0 680
1.0271205 0.100000001 0.000125015508 0.127179474 170.269348 0 274.844 0 680
1.02767026 0.100000001 5.43631542e-05 0.128681913 173.358246 0 274.844 0 680
1.02798886 0.100000001 1.34141908e-05 0.130292043 200.308655 0 274.844 0 680

ZONE T="SLICE_Y_0p75_BINS01_KS_1p0mm_CUTDATA"
1.21069917 0.750000001 0 0.131514952 268.404907 0 274.844 0 680
1.21061552 0.750000001 -1.07509204e-05 0.132744059 225.864487 0 274.844 0 680
1.21036018 0.750000001 -4.35698249e-05 0.130883798 193.135452 0 274.844 0 680
1.20991957 0.750000001 -0.000100194771 0.129522488 188.201767 0 274.844 0 680
1.20926991 0.750000001 -0.000183655182 0.127827227 192.464249 0 274.844 0 680
1.20837532 0.750000001 -0.000298470891 0.125604928 194.251648 0 274.844 0 680
1.20718506 0.750000001 -0.000450922552 0.123026401 196.704544 0 274.844 0 680
1.20562947 0.750000001 -0.000649370443 0.119810387 199.190247 0 274.844 0 680
1.20361449 0.750000001 -0.000904908033 0.116030298 201.777893 0 274.844 0 680
1.20101434 0.750000001 -0.00123235087 0.111460693 204.597275 0 274.844 0 680
1.19766187 0.750000001 -0.00165120927 0.105997935 207.695496 0 274.844 0 680
1.19333632 0.750000001 -0.00218720017 0.0994035006 211.140152 0 274.844 0 680
1.18774834 0.750000001 -0.00287456516 0.0914042145 214.794235 0 274.844 0 680
1.18052251 0.750000001 -0.00376002188 0.0814685225 218.949844 0 274.844 0 680
1.17117915 0.750000001 -0.00491013914 0.0688921958 223.450089 0 274.844 0 680
1.15911873 0.750000001 -0.00640221872 0.0531618297 227.42952 0 274.844 0 680
1.14361603 0.750000001 -0.00829881936 0.034097068 232.16301 0 274.844 0 680
1.1238354 0.750000001 -0.0106489074 0.0122804055 238.570465 0 274.844 0 680
1.09888369 0.750000001 -0.0134678535 -0.0108436039 246.169754 0 274.844 0 680
1.06791931 0.750000001 -0.0167357022 -0.0339750238 253.758759 0 274.844 0 680
1.03032918 0.750000001 -0.0204118525 -0.0573691241 261.563385 0 274.844 0 680
0.985962367 0.750000001 -0.0244341485 -0.0832078606 272.254272 0 274.844 0 680
0.935367467 0.750000001 -0.0286359936 -0.113251463 287.707275 0 274.844 0 680
0.879936452 0.750000001 -0.0326126802 -0.144252568 306.523132 0 274.844 0 680
0.821847209 0.750000001 -0.0357424901 -0.167885825 325.759247 0 274.844 0 680
0.763757965 0.750000001 -0.0374999959 -0.175864622 342.743652 0 274.844 0 680
0.708326951 0.750000001 -0.0377919151 -0.169703364 356.931671 0 274.844 0 680
0.657732051 0.750000001 -0.0369362004 -0.157233343 369.822266 0 274.844 0 680
0.613365234 0.750000001 -0.0353649013 -0.142973468 382.412354 0 274.844 0 680
0.575775107 0.750000001 -0.0334010515 -0.129000619 395.367981 0 274.844 0 680
0.544810727 0.750000001 -0.0312423575 -0.11489027 409.429108 0 274.844 0 680
0.519859022 0.750000001 -0.0290274825 -0.099702321 426.951172 0 274.844 0 680
0.500078391 0.750000001 -0.0268736805 -0.0840027034 448.602539 0 274.844 0 680
0.484575687 0.750000001 -0.0248754267 -0.0727555454 470.43457 0 273.15 0.850435972 680
0.472515269 0.750000001 -0.0230952321 -0.0775783509 494.225922 0.0106482282 273.15 0.397061527 680
0.463171908 0.750000001 -0.0215249645 -0.0984639227 532.980591 0.0425963402 273.15 0.248260975 680
0.455946082 0.750000001 -0.0199685437 -0.107203797 595.158569 0.103405572 273.15 0.18786791 680
0.450358097 0.750000001 -0.0182739806 -0.0711158663 670.15564 0.187342048 273.15 0.160247967 680
0.446032551 0.750000001 -0.0164425497 0.0194476321 734.542664 0.277075738 273.15 0.145343706 680
0.442680076 0.750000001 -0.0145420489 0.149218991 769.799622 0.359845787 273.15 0.135632932 680
0.440079925 0.750000001 -0.0126485912 0.29292202 780.289795 0.430368394 273.15 0.129896298 680
0.438064949 0.750000001 -0.0108105062 0.429141223 766.425171 0.48854506 273.15 0.127587676 680
0.436509356 0.750000001 -0.00905554412 0.546319723 720.111938 0.536037624 273.15 0.128473222 680
0.435319096 0.750000001 -0.00738765557 0.64002043 671.005005 0.574359715 273.15 0.138664126 680
0.434424512 0.750000001 -0.00580226926 0.705470681 649.248718 0.60412854 273.15 0.170553118 680
0.433774846 0.750000001 -0.00428782075 0.742326438 639.531616 0.625547409 273.15 0.250994205 680
0.433334235 0.750000001 -0.00284143098 0.751220763 636.520447 0.638901472 273.15 0.278636068 680
0.433078893 0.750000001 -0.00146339257 0.726822615 658.344666 0.644367635 273.15 0.188208744 680
0.432995249 0.750000001 0 0.6750862 699.177124 0.640794933 273.15 0.141055688 680
0.433078893 0.750000001 0.00146339257 0.59339726 745.739441 0.626537383 273.15 0.114639215 680
0.433078893 0.750000001 0.00146339257 0.59339726 745.739441 0.626537383 273.15 0.114639215 680
0.433334235 0.750000001 0.00284143098 0.483155996 790.204407 0.602107048 273.15 0.101893671 680
0.433774846 0.750000001 0.00428782075 0.356596261 827.264526 0.570931613 273.15 0.0985314623 680
0.434424512 0.750000001 0.00580226926 0.20671545 855.16571 0.53215301 273.15 0.0980933532 680
0.435319096 0.750000001 0.00738765557 0.0379799157 880.425415 0.485453486 273.15 0.101485491 680
0.436509356 0.750000001 0.00905554412 -0.140834332 927.291565 0.430588812 273.15 0.111503586 680
0.438064949 0.750000001 0.0108105062 -0.325943291 969.627319 0.365010947 273.15 0.12749204 680
0.440079925 0.750000001 0.0126485912 -0.515470088 967.261169 0.292517543 273.15 0.146962881 680
0.442680076 0.750000001 0.0145420489 -0.68120575 926.439087 0.202907637 273.15 0.173494026 680
0.446032551 0.750000001 0.0164425497 -0.793842971 848.795776 0.092002973 273.15 0.217385694 680
0.450358097 0.750000001 0.0182739806 -0.823078513 745.218933 0.00709804334 273.15 0.304091603 680
0.455946082 0.750000001 0.0199685437 -0.765542686 635.984619 0 273.15 0.4998914 680
0.463171908 0.750000001 0.0215249645 -0.656191826 552.252075 0 273.15 0.839750111 680
0.472515269 0.750000001 0.0230952321 -0.543868542 511.129822 0 274.844 0 680
0.484575687 0.750000001 0.0248754267 -0.467027694 491.441345 0 274.844 0 680
0.500078391 0.750000001 0.0268736805 -0.422190487 472.129181 0 274.844 0 680
0.519859022 0.750000001 0.0290274825 -0.391284615 449.652527 0 274.844 0 680
0.544810727 0.750000001 0.0312423575 -0.366021454 429.315979 0 274.844 0 680
0.575775107 0.750000001 0.0334010515 -0.344230056 411.955383 0 274.844 0 680
0.613365234 0.750000001 0.0353649013 -0.326364994 395.547241 0 274.844 0 680
0.657732051 0.750000001 0.0369362004 -0.312557995 379.747742 0 274.844 0 680
0.708326951 0.750000001 0.0377919151 -0.299984872 363.625183 0 274.844 0 680
0.763757965 0.750000001 0.0374999959 -0.281788021 345.611389 0 274.844 0 680
0.821847209 0.750000001 0.0357424901 -0.251425922 325.155487 0 274.844 0 680
0.879936452 0.750000001 0.0326126802 -0.20897083 303.261566 0 274.844 0 680
0.935367467 0.750000001 0.0286359936 -0.161991671 282.1138 0 274.844 0 680
0.985962367 0.750000001 0.0244341485 -0.118793502 264.547974 0 274.844 0 680
1.03032918 0.750000001 0.0204118525 -0.0818552002 251.868759 0 274.844 0 680
1.06791931 0.750000001 0.0167357022 -0.0492814183 242.287903 0 274.844 0 680
1.09888369 0.750000001 0.0134678535 -0.0190786198 233.18071 0 274.844 0 680
1.1238354 0.750000001 0.0106489074 0.00904015359 224.238312 0 274.844 0 680
1.14361603 0.750000001 0.00829881936 0.0339354649 216.7267 0 274.844 0 680
1.15911873 0.750000001 0.00640221872 0.0546322465 211.063171 0 274.844 0 680
1.17117915 0.750000001 0.00491013914 0.071215041 206.253799 0 274.844 0 680
1.18052251 0.750000001 0.00376002188 0.0841729268 201.339981 0 274.844 0 680
1.18774834 0.750000001 0.00287456516 0.0942454264 196.983704 0 274.844 0 680
1.19333632 0.750000001 0.00218720017 0.102177046 193.215851 0 274.844 0 680
1.19766187 0.750000001 0.00165120927 0.108552031 189.713364 0 274.844 0 680
1.20101434 0.750000001 0.00123235087 0.11370343 186.553101 0 274.844 0 680
1.20361449 0.750000001 0.000904908033 0.117918953 183.654419 0 274.844 0 680
1.20562947 0.750000001 0.000649370443 0.121349491 180.939285 0 274.844 0 680
1.20718506 0.750000001 0.000450922552 0.124207266 178.306839 0 274.844 0 680
1.20837532 0.750000001 0.000298470891 0.126504108 175.553375 0 274.844 0 680
1.20926991 0.750000001 0.000183655182 0.128417552 173.272568 0 274.844 0 680
1.20991957 0.750000001 0.000100194771 0.129946873 168.634369 0 274.844 0 680
1.21036018 0.750000001 4.35698249e-05 0.130993158 173.549332 0 274.844 0 680
1.21061552 0.750000001 1.07509204e-05 0.132330522 208.825256 0 274.844 0 680

ZONE T="SLICE_Y_1p40_BINS01_KS_1p0mm_CUTDATA"
1.39330511 1.39999998 0 0.124062277 282.473206 0 274.844 0 680
1.39324218 1.39999998 -8.08765014e-06 0.124599576 228.565277 0 274.844 0 680
1.3930501 1.39999998 -3.27764961e-05 0.123505972 202.30983 0 274.844 0 680
1.39271864 1.39999998 -7.53740356e-05 0.122650608 203.208496 0 274.844 0 680
1.39222991 1.39999998 -0.000138159228 0.121030584 206.704575 0 274.844 0 680
1.39155693 1.39999998 -0.00022453223 0.118962854 208.77948 0 274.844 0 680
1.39066153 1.39999998 -0.000339217825 0.116466798 211.722656 0 274.844 0 680
1.3894913 1.39999998 -0.00048850524 0.113434233 214.399597 0 274.844 0 680
1.38797548 1.39999998 -0.000680739816 0.109854795 217.290451 0 274.844 0 680
1.38601945 1.39999998 -0.000927066921 0.105533101 220.341782 0 274.844 0 680
1.38349747 1.39999998 -0.00124216368 0.100379497 223.593628 0 274.844 0 680
1.38024347 1.39999998 -0.00164537631 0.0941636786 227.107437 0 274.844 0 680
1.37603977 1.39999998 -0.0021624639 0.0866512954 230.771683 0 274.844 0 680
1.37060396 1.39999998 -0.00282857098 0.0773514584 234.736572 0 274.844 0 680
1.36357518 1.39999998 -0.0036937756 0.0656679422 239.645187 0 274.844 0 680
1.35450243 1.39999998 -0.00481622997 0.0512303002 244.553345 0 274.844 0 680
1.34284013 1.39999998 -0.00624299548 0.0339832157 249.738144 0 274.844 0 680
1.32795965 1.39999998 -0.00801090826 0.01450196 256.268616 0 274.844 0 680
1.3091891 1.39999998 -0.0101315314 -0.00586288003 263.876892 0 274.844 0 680
1.28589537 1.39999998 -0.0125898527 -0.0259162653 272.615051 0 274.844 0 680
1.25761725 1.39999998 -0.0153553291 -0.0460361578 282.636688 0 274.844 0 680
1.2242412 1.39999998 -0.0183812025 -0.0685471371 293.660522 0 274.844 0 680
1.18617991 1.39999998 -0.0215421461 -0.0955276117 304.802155 0 274.844 0 680
1.14448054 1.39999998 -0.0245337085 -0.125159785 317.643677 0 274.844 0 680
1.10078145 1.39999998 -0.0268881867 -0.150834382 334.785858 0 274.844 0 680
1.05708235 1.39999998 -0.0282103146 -0.165008336 353.234161 0 274.844 0 680
1.01538298 1.39999998 -0.0284299182 -0.167518586 368.724609 0 274.844 0 680
0.977321692 1.39999998 -0.0277861853 -0.164950162 382.627777 0 274.844 0 680
0.943945639 1.39999998 -0.026604136 -0.161844373 398.580841 0 274.844 0 680
0.915667521 1.39999998 -0.0251267806 -0.158682793 417.930237 0 274.844 0 680
0.892373788 1.39999998 -0.0235028488 -0.153621897 439.651764 0 274.844 0 680
0.873603241 1.39999998 -0.0218366534 -0.145058841 462.187012 0 274.844 0 680
0.858722763 1.39999998 -0.0202164017 -0.134066924 484.743195 0.006953876 273.15 0.7881428 680
0.847060465 1.39999998 -0.018713165 -0.1259422 508.559845 0.0257860217 273.15 0.642269313 680
0.837987712 1.39999998 -0.0173739689 -0.132021189 538.988464 0.0460675918 273.15 0.353063822 680
0.830958934 1.39999998 -0.0161926956 -0.153628916 586.584778 0.0794888213 273.15 0.245872229 680
0.825523125 1.39999998 -0.015021839 -0.162788421 657.486755 0.140075058 273.15 0.190978333 680
0.821319422 1.39999998 -0.0137470613 -0.126216039 739.901123 0.223269284 273.15 0.164824113 680
0.818065422 1.39999998 -0.0123693213 -0.0355066247 812.194702 0.313061863 273.15 0.151884526 680
0.815543439 1.39999998 -0.0109396218 0.0950701982 861.024902 0.396010518 273.15 0.145268813 680
0.81358741 1.39999998 -0.00951522067 0.240812019 883.565186 0.466725916 273.15 0.139722809 680
0.812071593 1.39999998 -0.00813247502 0.379904956 880.713867 0.52545476 273.15 0.136591792 680
0.810901359 1.39999998 -0.0068122607 0.50117296 862.383667 0.57345891 273.15 0.138987973 680
0.810005956 1.39999998 -0.00555754961 0.599187613 834.434631 0.612357855 273.15 0.149261862 680
0.809332982 1.39999998 -0.00436490291 0.668276906 801.420166 0.642857194 273.15 0.173423097 680
0.808844255 1.39999998 -0.00322562095 0.709634304 772.069824 0.665117979 273.15 0.229234904 680
0.808512795 1.39999998 -0.00213753788 0.723963022 762.240662 0.67951256 273.15 0.268462598 680
0.808320707 1.39999998 -0.00110087385 0.704358459 795.42981 0.685822725 273.15 0.209059164 680
0.808257784 1.39999998 0 0.658371329 853.975769 0.683041334 273.15 0.160725027 680
0.808320707 1.39999998 0.00110087385 0.583250105 918.838318 0.669537067 273.15 0.133869842 680
0.808512795 1.39999998 0.00213753788 0.477831423 974.448364 0.646401882 273.15 0.120760255 680
0.808844255 1.39999998 0.00322562095 0.355058998 1012.49548 0.616463125 273.15 0.117160596 680
0.809332982 1.39999998 0.00436490291 0.210335597 1044.21045 0.579135954 273.15 0.117565289 680
0.810005956 1.39999998 0.00555754961 0.0480506532 1065.495 0.533138692 273.15 0.121786118 680
0.810901359 1.39999998 0.0068122607 -0.127285421 1076.24585 0.480195194 273.15 0.130271763 680
0.812071593 1.39999998 0.00813247502 -0.310000956 1077.95422 0.41807583 273.15 0.141985849 680
0.81358741 1.39999998 0.00951522067 -0.49372077 1060.18579 0.34309718 273.15 0.158598199 680
0.815543439 1.39999998 0.0109396218 -0.653652966 1007.21527 0.257724702 273.15 0.181044847 680
0.818065422 1.39999998 0.0123693213 -0.763220489 915.505188 0.16236794 273.15 0.214453116 680
0.821319422 1.39999998 0.0137470613 -0.794083834 806.008545 0.0575629734 273.15 0.282845914 680
0.825523125 1.39999998 0.015021839 -0.740261436 689.496948 0 273.15 0.459024906 680
0.830958934 1.39999998 0.0161926956 -0.635358393 595.716187 0 273.15 0.845317185 680
0.837987712 1.39999998 0.0173739689 -0.526725531 543.510864 0 274.844 0 680
0.847060465 1.39999998 0.018713165 -0.44871223 516.009277 0 274.844 0 680
0.858722763 1.39999998 0.0202164017 -0.398389339 494.026154 0 274.844 0 680
0.873603241 1.39999998 0.0218366534 -0.359854162 469.895172 0 274.844 0 680
0.892373788 1.39999998 0.0235028488 -0.325560898 444.710785 0 274.844 0 680
0.915667521 1.39999998 0.0251267806 -0.294032365 419.765625 0 274.844 0 680
0.943945639 1.39999998 0.026604136 -0.267057419 396.833496 0 274.844 0 680
0.977321692 1.39999998 0.0277861853 -0.245915398 376.915924 0 274.844 0 680
1.01538298 1.39999998 0.0284299182 -0.228367433 358.632019 0 274.844 0 680
1.05708235 1.39999998 0.0282103146 -0.208188847 338.51474 0 274.844 0 680
1.10078145 1.39999998 0.0268881867 -0.179078281 315.512604 0 274.844 0 680
1.14448054 1.39999998 0.0245337085 -0.141024426 293.527313 0 274.844 0 680
1.18617991 1.39999998 0.0215421461 -0.101230644 275.52179 0 274.844 0 680
1.2242412 1.39999998 0.0183812025 -0.0667803586 259.806183 0 274.844 0 680
1.25761725 1.39999998 0.0153553291 -0.038945429 245.269241 0 274.844 0 680
1.28589537 1.39999998 0.0125898527 -0.0152153075 232.867447 0 274.844 0 680
1.3091891 1.39999998 0.0101315314 0.00677199755 222.801727 0 274.844 0 680
1.32795965 1.39999998 0.00801090826 0.0275078248 214.746994 0 274.844 0 680
1.34284013 1.39999998 0.00624299548 0.0461701564 208.298447 0 274.844 0 680
1.35450243 1.39999998 0.00481622997 0.0620288998 203.272079 0 274.844 0 680
1.36357518 1.39999998 0.0036937756 0.0749642998 198.832413 0 274.844 0 680
1.37060396 1.39999998 0.00282857098 0.0852228999 194.675446 0 274.844 0 680
1.37603977 1.39999998 0.0021624639 0.0932873189 191.371307 0 274.844 0 680
1.38024347 1.39999998 0.00164537631 0.0997225866 188.338593 0 274.844 0 680
1.38349747 1.39999998 0.00124216368 0.104980834 185.431412 0 274.844 0 680
1.38601945 1.39999998 0.000927066921 0.109299585 182.726654 0 274.844 0 680
1.38797548 1.39999998 0.000680739816 0.112889394 180.126785 0 274.844 0 680
1.3894913 1.39999998 0.00048850524 0.115857549 177.634872 0 274.844 0 680
1.39066153 1.39999998 0.000339217825 0.118352689 175.236908 0 274.844 0 680
1.39066153 1.39999998 0.000339217825 0.118352689 175.236908 0 274.844 0 680
1.39155693 1.39999998 0.00022453223 0.12041714 172.527359 0 274.844 0 680
1.39222991 1.39999998 0.000138159228 0.122113861 170.474869 0 274.844 0 680
1.39271864 1.39999998 7.53740356e-05 0.123501077 167.000595 0 274.844 0 680
1.3930501 1.39999998 3.27764961e-05 0.124177322 166.554443 0 274.844 0 680
1.39324218 1.39999998 8.08765014e-06 0.124979012 198.497833 0 274.844 0 680

ZONE T="SLICE_Y_0p10_BINS03_KS_1p0mm_CUTDATA"
1.02809322 0.100000001 0 0.129504636 249.529144 0 274.844 0 680
1.02798886 0.100000001 -1.34141908e-05 0.130569845 211.459946 0 274.844 0 680
1.02767026 0.100000001 -5.43631542e-05 0.12863569 186.170929 0 274.844 0 680
1.0271205 0.100000001 -0.000125015508 0.126923651 183.116943 0 274.844 0 680
1.0263099 0.100000001 -0.000229151139 0.124922737 186.943649 0 274.844 0 680
1.0251937 0.100000001 -0.000372409553 0.122303948 189.076157 0 274.844 0 680
1.02370858 0.100000001 -0.000562627282 0.119243056 191.509033 0 274.844 0 680
1.02176763 0.100000001 -0.000810235652 0.115483008 194.052368 0 274.844 0 680
1.0192535 0.100000001 -0.00112907626 0.111019723 196.653076 0 274.844 0 680
1.01600922 0.100000001 -0.00153763483 0.105654009 199.467285 0 274.844 0 680
1.01182626 0.100000001 -0.00206025487 0.0992354453 202.472672 0 274.844 0 680
1.00642917 0.100000001 -0.00272902405 0.0915282816 205.759323 0 274.844 0 680
0.999456898 0.100000001 -0.00358666644 0.0822271705 209.174683 0 274.844 0 680
0.990441055 0.100000001 -0.00469147282 0.070807524 212.914413 0 274.844 0 680
0.978783112 0.100000001 -0.00612650272 0.0563561507 217.578705 0 274.844 0 680
0.963735028 0.100000001 -0.00798820752 0.0385216102 222.393402 0 274.844 0 680
0.944391919 0.100000001 -0.0103546433 0.0173783563 227.910965 0 274.844 0 680
0.919711133 0.100000001 -0.0132869066 -0.00615514256 234.854858 0 274.844 0 680
0.888578271 0.100000001 -0.0168041758 -0.0302094799 242.678436 0 274.844 0 680
0.849943244 0.100000001 -0.0208815518 -0.0532970168 250.420425 0 274.844 0 680
0.803041107 0.100000001 -0.025468376 -0.0757156909 257.816528 0 274.844 0 680
0.747683526 0.100000001 -0.0304870948 -0.0996730849 266.853516 0 274.844 0 680
0.684555011 0.100000001 -0.0357298415 -0.126502484 279.799835 0 274.844 0 680
0.615392356 0.100000001 -0.0406916522 -0.152125552 296.218719 0 274.844 0 680
0.542912962 0.100000001 -0.0445967938 -0.167553946 310.964691 0 274.844 0 680
0.470433568 0.100000001 -0.0467896775 -0.166512743 323.282288 0 274.844 0 680
0.401270913 0.100000001 -0.0471539124 -0.15226987 335.331055 0 274.844 0 680
0.338142397 0.100000001 -0.0460862159 -0.13244389 346.429535 0 274.844 0 680
0.282784817 0.100000001 -0.0441256669 -0.112340458 357.428162 0 274.844 0 680
0.23588268 0.100000001 -0.0416753227 -0.0942462683 369.189026 0 274.844 0 680
0.197247653 0.100000001 -0.0389818665 -0.0773454756 383.424835 0 274.844 0 680
0.16611479 0.100000001 -0.0362183119 -0.0606090911 401.518585 0 274.844 0 680
0.141434005 0.100000001 -0.0335309596 -0.0441888832 420.401154 0 274.844 0 680
0.122090895 0.100000001 -0.0310376885 -0.033795245 437.490845 0.00235472317 273.15 0.845727921 680
0.107042812 0.100000001 -0.0288164955 -0.0418823846 456.609467 0.00562587008 273.15 0.428344876 680
0.0953848682 0.100000001 -0.0268572335 -0.0672783256 488.779938 0.0141055388 273.15 0.256514341 680
0.0863690259 0.100000001 -0.0249152486 -0.0812421367 542.719299 0.0608639456 273.15 0.18472591 680
0.0793967573 0.100000001 -0.0228009001 -0.0513085313 608.00116 0.135683894 273.15 0.151771858 680
0.0739996663 0.100000001 -0.0205157782 0.0336944573 663.595459 0.225233197 273.15 0.133954778 680
0.0698167001 0.100000001 -0.0181444761 0.158045843 681.239502 0.310007364 273.15 0.120757312 680
0.066572427 0.100000001 -0.0157819618 0.296670854 666.489929 0.381838262 273.15 0.111300759 680
0.0640582916 0.100000001 -0.0134885374 0.431094497 650.764954 0.440877259 273.15 0.107839167 680
0.0621173395 0.100000001 -0.0112988276 0.54903543 627.438904 0.489686668 273.15 0.109040685 680
0.0606322222 0.100000001 -0.00921776159 0.645331264 592.327881 0.52919358 273.15 0.1154662 680
0.0595160268 0.100000001 -0.00723963566 0.717150688 557.394409 0.560219169 273.15 0.132459238 680
0.0587054223 0.100000001 -0.0053500206 0.763891041 529.337952 0.583024979 273.15 0.172955334 680
0.0581556618 0.100000001 -0.0035453241 0.785019934 513.38147 0.597869933 273.15 0.252425253 680
0.0578370654 0.100000001 -0.00182591131 0.779391587 523.122253 0.605176449 273.15 0.224110693 680
0.0577327006 0.100000001 0 0.748506963 557.761169 0.603813767 273.15 0.148615152 680
0.0578370654 0.100000001 0.00182591131 0.690241635 602.949585 0.591712356 273.15 0.114543982 680
0.0581556618 0.100000001 0.0035453241 0.606360912 650.72699 0.5696854 273.15 0.0991128236 680
0.0587054223 0.100000001 0.0053500206 0.504677117 695.515259 0.540897727 273.15 0.0944902152 680
0.0595160268 0.100000001 0.00723963566 0.380656362 736.639099 0.504450738 273.15 0.0936827958 680
0.0595160268 0.100000001 0.00723963566 0.380656362 736.639099 0.504450738 273.15 0.0936827958 680
0.0606322222 0.100000001 0.00921776159 0.238107726 769.822083 0.459864378 273.15 0.0961298048 680
0.0621173395 0.100000001 0.0112988276 0.0814515576 794.285217 0.407423437 273.15 0.101834655 680
0.0640582916 0.100000001 0.0134885374 -0.0871604383 803.94928 0.344525933 273.15 0.110711925 680
0.066572427 0.100000001 0.0157819618 -0.259630382 804.617676 0.272338748 273.15 0.124819353 680
0.0698167001 0.100000001 0.0181444761 -0.413935065 800.862549 0.185728297 273.15 0.148547143 680
0.0739996663 0.100000001 0.0205157782 -0.527832985 756.41803 0.0905353576 273.15 0.184778437 680
0.0793967573 0.100000001 0.0228009001 -0.575416207 670.500854 0.0177201778 273.15 0.244899422 680
0.0863690259 0.100000001 0.0249152486 -0.546739042 578.304138 0.000373168703 273.15 0.365728617 680
0.0953848682 0.100000001 0.0268572335 -0.467431366 508.577515 0 273.15 0.711501896 680
0.107042812 0.100000001 0.0288164955 -0.383920133 473.290344 0 273.15 0.682278931 680
0.122090895 0.100000001 0.0310376885 -0.331383914 456.239624 0 274.844 0 680
0.141434005 0.100000001 0.0335309596 -0.3061845 440.452332 0 274.844 0 680
0.16611479 0.100000001 0.0362183119 -0.292651385 421.355988 0 274.844 0 680
0.197247653 0.100000001 0.0389818665 -0.284196585 402.003754 0 274.844 0 680
0.23588268 0.100000001 0.0416753227 -0.278648496 385.720642 0 274.844 0 680
0.282784817 0.100000001 0.0441256669 -0.276535749 371.708588 0 274.844 0 680
0.338142397 0.100000001 0.0460862159 -0.278349191 358.565491 0 274.844 0 680
0.401270913 0.100000001 0.0471539124 -0.281431884 345.311096 0 274.844 0 680
0.470433568 0.100000001 0.0467896775 -0.279194057 330.940735 0 274.844 0 680
0.542912962 0.100000001 0.0445967938 -0.261888951 316.075806 0 274.844 0 680
0.615392356 0.100000001 0.0406916522 -0.229097128 299.010254 0 274.844 0 680
0.684555011 0.100000001 0.0357298415 -0.189135745 280.729645 0 274.844 0 680
0.747683526 0.100000001 0.0304870948 -0.149394676 266.038544 0 274.844 0 680
0.803041107 0.100000001 0.025468376 -0.114112668 255.390808 0 274.844 0 680
0.849943244 0.100000001 0.0208815518 -0.0818934962 246.480789 0 274.844 0 680
0.888578271 0.100000001 0.0168041758 -0.0506617986 237.311569 0 274.844 0 680
0.919711133 0.100000001 0.0132869066 -0.0201131031 228.171005 0 274.844 0 680
0.944391919 0.100000001 0.0103546433 0.00823756866 220.122635 0 274.844 0 680
0.963735028 0.100000001 0.00798820752 0.0326856151 213.66069 0 274.844 0 680
0.978783112 0.100000001 0.00612650272 0.0528398491 208.104416 0 274.844 0 680
0.990441055 0.100000001 0.00469147282 0.0689029768 202.929657 0 274.844 0 680
0.999456898 0.100000001 0.00358666644 0.0814896524 198.75441 0 274.844 0 680
1.00642917 0.100000001 0.00272902405 0.0915455818 195.025101 0 274.844 0 680
1.01182626 0.100000001 0.00206025487 0.0996936485 191.515167 0 274.844 0 680
1.01600922 0.100000001 0.00153763483 0.106319137 188.324158 0 274.844 0 680
1.0192535 0.100000001 0.00112907626 0.1117457 185.337387 0 274.844 0 680
1.02176763 0.100000001 0.000810235652 0.116168708 182.549225 0 274.844 0 680
1.02370858 0.100000001 0.000562627282 0.119829051 179.856644 0 274.844 0 680
1.0251937 0.100000001 0.000372409553 0.122792915 177.121887 0 274.844 0 680
1.0263099 0.100000001 0.000229151139 0.125244528 174.512039 0 274.844 0 680
1.0271205 0.100000001 0.000125015508 0.127179474 170.269348 0 274.844 0 680
1.02767026 0.100000001 5.43631542e-05 0.128681913 173.358246 0 274.844 0 680
1.02798886 0.100000001 1.34141908e-05 0.130292043 200.308655 0 274.844 0 680

ZONE T="SLICE_Y_0p75_BINS03_KS_1p0mm_CUTDATA"
1.21069917 0.750000001 0 0.131514952 268.404907 0 274.844 0 680
1.21061552 0.750000001 -1.07509204e-05 0.132744059 225.864487 0 274.844 0 680
1.21036018 0.750000001 -4.35698249e-05 0.130883798 193.135452 0 274.844 0 680
1.20991957 0.750000001 -0.000100194771 0.129522488 188.201767 0 274.844 0 680
1.20926991 0.750000001 -0.000183655182 0.127827227 192.464249 0 274.844 0 680
1.20837532 0.750000001 -0.000298470891 0.125604928 194.251648 0 274.844 0 680
1.20718506 0.750000001 -0.000450922552 0.123026401 196.704544 0 274.844 0 680
1.20562947 0.750000001 -0.000649370443 0.119810387 199.190247 0 274.844 0 680
1.20361449 0.750000001 -0.000904908033 0.116030298 201.777893 0 274.844 0 680
1.20101434 0.750000001 -0.00123235087 0.111460693 204.597275 0 274.844 0 680
1.19766187 0.750000001 -0.00165120927 0.105997935 207.695496 0 274.844 0 680
1.19333632 0.750000001 -0.00218720017 0.0994035006 211.140152 0 274.844 0 680
1.18774834 0.750000001 -0.00287456516 0.0914042145 214.794235 0 274.844 0 680
1.18052251 0.750000001 -0.00376002188 0.0814685225 218.949844 0 274.844 0 680
1.17117915 0.750000001 -0.00491013914 0.0688921958 223.450089 0 274.844 0 680
1.15911873 0.750000001 -0.00640221872 0.0531618297 227.42952 0 274.844 0 680
1.14361603 0.750000001 -0.00829881936 0.034097068 232.16301 0 274.844 0 680
1.1238354 0.750000001 -0.0106489074 0.0122804055 238.570465 0 274.844 0 680
1.09888369 0.750000001 -0.0134678535 -0.0108436039 246.169754 0 274.844 0 680
1.06791931 0.750000001 -0.0167357022 -0.0339750238 253.758759 0 274.844 0 680
1.03032918 0.750000001 -0.0204118525 -0.0573691241 261.563385 0 274.844 0 680
0.985962367 0.750000001 -0.0244341485 -0.0832078606 272.254272 0 274.844 0 680
0.935367467 0.750000001 -0.0286359936 -0.113251463 287.707275 0 274.844 0 680
0.879936452 0.750000001 -0.0326126802 -0.144252568 306.523132 0 274.844 0 680
0.821847209 0.750000001 -0.0357424901 -0.167885825 325.759247 0 274.844 0 680
0.763757965 0.750000001 -0.0374999959 -0.175864622 342.743652 0 274.844 0 680
0.708326951 0.750000001 -0.0377919151 -0.169703364 356.931671 0 274.844 0 680
0.657732051 0.750000001 -0.0369362004 -0.157233343 369.822266 0 274.844 0 680
0.613365234 0.750000001 -0.0353649013 -0.142973468 382.412354 0 274.844 0 680
0.575775107 0.750000001 -0.0334010515 -0.129000619 395.367981 0 274.844 0 680
0.544810727 0.750000001 -0.0312423575 -0.11489027 409.429108 0 274.844 0 680
0.519859022 0.750000001 -0.0290274825 -0.099702321 426.951172 0.000966296066 274.461 0 680
0.500078391 0.750000001 -0.0268736805 -0.0840027034 448.602539 0.00428425008 273.249 0.00928810798 680
0.484575687 0.750000001 -0.0248754267 -0.0727555454 470.43457 0.00774500798 273.15 0.849702179 680
0.472515269 0.750000001 -0.0230952321 -0.0775783509 494.225922 0.0183047429 273.15 0.418981284 680
0.463171908 0.750000001 -0.0215249645 -0.0984639227 532.980591 0.0450995639 273.15 0.262525141 680
0.455946082 0.750000001 -0.0199685437 -0.107203797 595.158569 0.0962897539 273.15 0.197165668 680
0.450358097 0.750000001 -0.0182739806 -0.0711158663 670.15564 0.17772913 273.15 0.166143149 680
0.446032551 0.750000001 -0.0164425497 0.0194476321 734.542664 0.26827696 273.15 0.149443462 680
0.442680076 0.750000001 -0.0145420489 0.149218991 769.799622 0.351235032 273.15 0.1388181 680
0.440079925 0.750000001 -0.0126485912 0.29292202 780.289795 0.422079444 273.15 0.132528722 680
0.438064949 0.750000001 -0.0108105062 0.429141223 766.425171 0.480551392 273.15 0.129890174 680
0.436509356 0.750000001 -0.00905554412 0.546319723 720.111938 0.528063118 273.15 0.130591586 680
0.435319096 0.750000001 -0.00738765557 0.64002043 671.005005 0.566528022 273.15 0.14075993 680
0.434424512 0.750000001 -0.00580226926 0.705470681 649.248718 0.59631896 273.15 0.17291902 680
0.433774846 0.750000001 -0.00428782075 0.742326438 639.531616 0.617691636 273.15 0.253981471 680
0.433334235 0.750000001 -0.00284143098 0.751220763 636.520447 0.631045997 273.15 0.281722248 680
0.433078893 0.750000001 -0.00146339257 0.726822615 658.344666 0.636393964 273.15 0.19064264 680
0.432995249 0.750000001 0 0.6750862 699.177124 0.632918239 273.15 0.143050566 680
0.433078893 0.750000001 0.00146339257 0.59339726 745.739441 0.618492961 273.15 0.116359502 680
0.433078893 0.750000001 0.00146339257 0.59339726 745.739441 0.618492961 273.15 0.116359502 680
0.433334235 0.750000001 0.00284143098 0.483155996 790.204407 0.593909204 273.15 0.103536882 680
0.433774846 0.750000001 0.00428782075 0.356596261 827.264526 0.562563121 273.15 0.100188673 680
0.434424512 0.750000001 0.00580226926 0.20671545 855.16571 0.523439229 273.15 0.0999031737 680
0.435319096 0.750000001 0.00738765557 0.0379799157 880.425415 0.476456314 273.15 0.103479207 680
0.436509356 0.750000001 0.00905554412 -0.140834332 927.291565 0.421016902 273.15 0.114006259 680
0.438064949 0.750000001 0.0108105062 -0.325943291 969.627319 0.355356097 273.15 0.130748361 680
0.440079925 0.750000001 0.0126485912 -0.515470088 967.261169 0.28162992 273.15 0.151513577 680
0.442680076 0.750000001 0.0145420489 -0.68120575 926.439087 0.191584393 273.15 0.180452466 680
0.446032551 0.750000001 0.0164425497 -0.793842971 848.795776 0.0917689726 273.15 0.227998719 680
0.450358097 0.750000001 0.0182739806 -0.823078513 745.218933 0.0170874801 273.15 0.320193052 680
0.455946082 0.750000001 0.0199685437 -0.765542686 635.984619 0.000188835009 273.15 0.54060638 680
0.463171908 0.750000001 0.0215249645 -0.656191826 552.252075 0 273.15 0.830364883 680
0.472515269 0.750000001 0.0230952321 -0.543868542 511.129822 0 274.844 0 680
0.484575687 0.750000001 0.0248754267 -0.467027694 491.441345 0 274.844 0 680
0.500078391 0.750000001 0.0268736805 -0.422190487 472.129181 0 274.844 0 680
0.519859022 0.750000001 0.0290274825 -0.391284615 449.652527 0 274.844 0 680
0.544810727 0.750000001 0.0312423575 -0.366021454 429.315979 0 274.844 0 680
0.575775107 0.750000001 0.0334010515 -0.344230056 411.955383 0 274.844 0 680
0.613365234 0.750000001 0.0353649013 -0.326364994 395.547241 0 274.844 0 680
0.657732051 0.750000001 0.0369362004 -0.312557995 379.747742 0 274.844 0 680
0.708326951 0.750000001 0.0377919151 -0.299984872 363.625183 0 274.844 0 680
0.763757965 0.750000001 0.0374999959 -0.281788021 345.611389 0 274.844 0 680
0.821847209 0.750000001 0.0357424901 -0.251425922 325.155487 0 274.844 0 680
0.879936452 0.750000001 0.0326126802 -0.20897083 303.261566 0 274.844 0 680
0.935367467 0.750000001 0.0286359936 -0.161991671 282.1138 0 274.844 0 680
0.985962367 0.750000001 0.0244341485 -0.118793502 264.547974 0 274.844 0 680
1.03032918 0.750000001 0.0204118525 -0.0818552002 251.868759 0 274.844 0 680
1.06791931 0.750000001 0.0167357022 -0.0492814183 242.287903 0 274.844 0 680
1.09888369 0.750000001 0.0134678535 -0.0190786198 233.18071 0 274.844 0 680
1.1238354 0.750000001 0.0106489074 0.00904015359 224.238312 0 274.844 0 680
1.14361603 0.750000001 0.00829881936 0.0339354649 216.7267 0 274.844 0 680
1.15911873 0.750000001 0.00640221872 0.0546322465 211.063171 0 274.844 0 680
1.17117915 0.750000001 0.00491013914 0.071215041 206.253799 0 274.844 0 680
1.18052251 0.750000001 0.00376002188 0.0841729268 201.339981 0 274.844 0 680
1.18774834 0.750000001 0.00287456516 0.0942454264 196.983704 0 274.844 0 680
1.19333632 0.750000001 0.00218720017 0.102177046 193.215851 0 274.844 0 680
1.19766187 0.750000001 0.00165120927 0.108552031 189.713364 0 274.844 0 680
1.20101434 0.750000001 0.00123235087 0.11370343 186.553101 0 274.844 0 680
1.20361449 0.750000001 0.000904908033 0.117918953 183.654419 0 274.844 0 680
1.20562947 0.750000001 0.000649370443 0.121349491 180.939285 0 274.844 0 680
1.20718506 0.750000001 0.000450922552 0.124207266 178.306839 0 274.844 0 680
1.20837532 0.750000001 0.000298470891 0.126504108 175.553375 0 274.844 0 680
1.20926991 0.750000001 0.000183655182 0.128417552 173.272568 0 274.844 0 680
1.20991957 0.750000001 0.000100194771 0.129946873 168.634369 0 274.844 0 680
1.21036018 0.750000001 4.35698249e-05 0.130993158 173.549332 0 274.844 0 680
1.21061552 0.750000001 1.07509204e-05 0.132330522 208.825256 0 274.844 0 680

ZONE T="SLICE_Y_1p40_BINS03_KS_1p0mm_CUTDATA"
1.39330511 1.39999998 0 0.124062277 282.473206 0 274.844 0 680
1.39324218 1.39999998 -8.08765014e-06 0.124599576 228.565277 0 274.844 0 680
1.3930501 1.39999998 -3.27764961e-05 0.123505972 202.30983 0 274.844 0 680
1.39271864 1.39999998 -7.53740356e-05 0.122650608 203.208496 0 274.844 0 680
1.39222991 1.39999998 -0.000138159228 0.121030584 206.704575 0 274.844 0 680
1.39155693 1.39999998 -0.00022453223 0.118962854 208.77948 0 274.844 0 680
1.39066153 1.39999998 -0.000339217825 0.116466798 211.722656 0 274.844 0 680
1.3894913 1.39999998 -0.00048850524 0.113434233 214.399597 0 274.844 0 680
1.38797548 1.39999998 -0.000680739816 0.109854795 217.290451 0 274.844 0 680
1.38601945 1.39999998 -0.000927066921 0.105533101 220.341782 0 274.844 0 680
1.38349747 1.39999998 -0.00124216368 0.100379497 223.593628 0 274.844 0 680
1.38024347 1.39999998 -0.00164537631 0.0941636786 227.107437 0 274.844 0 680
1.37603977 1.39999998 -0.0021624639 0.0866512954 230.771683 0 274.844 0 680
1.37060396 1.39999998 -0.00282857098 0.0773514584 234.736572 0 274.844 0 680
1.36357518 1.39999998 -0.0036937756 0.0656679422 239.645187 0 274.844 0 680
1.35450243 1.39999998 -0.00481622997 0.0512303002 244.553345 0 274.844 0 680
1.34284013 1.39999998 -0.00624299548 0.0339832157 249.738144 0 274.844 0 680
1.32795965 1.39999998 -0.00801090826 0.01450196 256.268616 0 274.844 0 680
1.3091891 1.39999998 -0.0101315314 -0.00586288003 263.876892 0 274.844 0 680
1.28589537 1.39999998 -0.0125898527 -0.0259162653 272.615051 0 274.844 0 680
1.25761725 1.39999998 -0.0153553291 -0.0460361578 282.636688 0 274.844 0 680
1.2242412 1.39999998 -0.0183812025 -0.0685471371 293.660522 0 274.844 0 680
1.18617991 1.39999998 -0.0215421461 -0.0955276117 304.802155 0 274.844 0 680
1.14448054 1.39999998 -0.0245337085 -0.125159785 317.643677 0 274.844 0 680
1.10078145 1.39999998 -0.0268881867 -0.150834382 334.785858 0 274.844 0 680
1.05708235 1.39999998 -0.0282103146 -0.165008336 353.234161 0 274.844 0 680
1.01538298 1.39999998 -0.0284299182 -0.167518586 368.724609 0 274.844 0 680
0.977321692 1.39999998 -0.0277861853 -0.164950162 382.627777 0 274.844 0 680
0.943945639 1.39999998 -0.026604136 -0.161844373 398.580841 0 274.844 0 680
0.915667521 1.39999998 -0.0251267806 -0.158682793 417.930237 0 274.844 0 680
0.892373788 1.39999998 -0.0235028488 -0.153621897 439.651764 0.00164584559 274.21 0 680
0.873603241 1.39999998 -0.0218366534 -0.145058841 462.187012 0.00509477733 273.15 0.0784205347 680
0.858722763 1.39999998 -0.0202164017 -0.134066924 484.743195 0.0133849503 273.15 0.770419359 680
0.847060465 1.39999998 -0.018713165 -0.1259422 508.559845 0.0294835307 273.15 0.706301808 680
0.837987712 1.39999998 -0.0173739689 -0.132021189 538.988464 0.0464390106 273.15 0.380072147 680
0.830958934 1.39999998 -0.0161926956 -0.153628916 586.584778 0.0742131397 273.15 0.260540247 680
0.825523125 1.39999998 -0.015021839 -0.162788421 657.486755 0.131612673 273.15 0.199323237 680
0.821319422 1.39999998 -0.0137470613 -0.126216039 739.901123 0.21487771 273.15 0.170190752 680
0.818065422 1.39999998 -0.0123693213 -0.0355066247 812.194702 0.304921001 273.15 0.155792564 680
0.815543439 1.39999998 -0.0109396218 0.0950701982 861.024902 0.388225496 273.15 0.148412049 680
0.81358741 1.39999998 -0.00951522067 0.240812019 883.565186 0.45906505 273.15 0.142374977 680
0.812071593 1.39999998 -0.00813247502 0.379904956 880.713867 0.517938495 273.15 0.138932735 680
0.810901359 1.39999998 -0.0068122607 0.50117296 862.383667 0.566032588 273.15 0.1411746 680
0.810005956 1.39999998 -0.00555754961 0.599187613 834.434631 0.604961514 273.15 0.151434615 680
0.809332982 1.39999998 -0.00436490291 0.668276906 801.420166 0.635481775 273.15 0.175744489 680
0.808844255 1.39999998 -0.00322562095 0.709634304 772.069824 0.657698035 273.15 0.231956884 680
0.808512795 1.39999998 -0.00213753788 0.723963022 762.240662 0.672059536 273.15 0.271376789 680
0.808320707 1.39999998 -0.00110087385 0.704358459 795.42981 0.678339601 273.15 0.211582288 680
0.808257784 1.39999998 0 0.658371329 853.975769 0.675587118 273.15 0.162858918 680
0.808320707 1.39999998 0.00110087385 0.583250105 918.838318 0.661986411 273.15 0.135779053 680
0.808512795 1.39999998 0.00213753788 0.477831423 974.448364 0.638708472 273.15 0.122602582 680
0.808844255 1.39999998 0.00322562095 0.355058998 1012.49548 0.608652115 273.15 0.119056508 680
0.809332982 1.39999998 0.00436490291 0.210335597 1044.21045 0.570993185 273.15 0.119615495 680
0.810005956 1.39999998 0.00555754961 0.0480506532 1065.495 0.524871767 273.15 0.124102473 680
0.810901359 1.39999998 0.0068122607 -0.127285421 1076.24585 0.471713543 273.15 0.133000627 680
0.812071593 1.39999998 0.00813247502 -0.310000956 1077.95422 0.409017861 273.15 0.145390376 680
0.81358741 1.39999998 0.00951522067 -0.49372077 1060.18579 0.333473802 273.15 0.163130999 680
0.815543439 1.39999998 0.0109396218 -0.653652966 1007.21527 0.247550875 273.15 0.187610343 680
0.818065422 1.39999998 0.0123693213 -0.763220489 915.505188 0.151953816 273.15 0.22501415 680
0.821319422 1.39999998 0.0137470613 -0.794083834 806.008545 0.0593410879 273.15 0.300837517 680
0.825523125 1.39999998 0.015021839 -0.740261436 689.496948 0.0058708326 273.15 0.498149902 680
0.830958934 1.39999998 0.0161926956 -0.635358393 595.716187 0 273.15 0.837890625 680
0.837987712 1.39999998 0.0173739689 -0.526725531 543.510864 0 274.844 0 680
0.847060465 1.39999998 0.018713165 -0.44871223 516.009277 0 274.844 0 680
0.858722763 1.39999998 0.0202164017 -0.398389339 494.026154 0 274.844 0 680
0.873603241 1.39999998 0.0218366534 -0.359854162 469.895172 0 274.844 0 680
0.892373788 1.39999998 0.0235028488 -0.325560898 444.710785 0 274.844 0 680
0.915667521 1.39999998 0.0251267806 -0.294032365 419.765625 0 274.844 0 680
0.943945639 1.39999998 0.026604136 -0.267057419 396.833496 0 274.844 0 680
0.977321692 1.39999998 0.0277861853 -0.245915398 376.915924 0 274.844 0 680
1.01538298 1.39999998 0.0284299182 -0.228367433 358.632019 0 274.844 0 680
1.05708235 1.39999998 0.0282103146 -0.208188847 338.51474 0 274.844 0 680
1.10078145 1.39999998 0.0268881867 -0.179078281 315.512604 0 274.844 0 680
1.14448054 1.39999998 0.0245337085 -0.141024426 293.527313 0 274.844 0 680
1.18617991 1.39999998 0.0215421461 -0.101230644 275.52179 0 274.844 0 680
1.2242412 1.39999998 0.0183812025 -0.0667803586 259.806183 0 274.844 0 680
1.25761725 1.39999998 0.0153553291 -0.038945429 245.269241 0 274.844 0 680
1.28589537 1.39999998 0.0125898527 -0.0152153075 232.867447 0 274.844 0 680
1.3091891 1.39999998 0.0101315314 0.00677199755 222.801727 0 274.844 0 680
1.32795965 1.39999998 0.00801090826 0.0275078248 214.746994 0 274.844 0 680
1.34284013 1.39999998 0.00624299548 0.0461701564 208.298447 0 274.844 0 680
1.35450243 1.39999998 0.00481622997 0.0620288998 203.272079 0 274.844 0 680
1.36357518 1.39999998 0.0036937756 0.0749642998 198.832413 0 274.844 0 680
1.37060396 1.39999998 0.00282857098 0.0852228999 194.675446 0 274.844 0 680
1.37603977 1.39999998 0.0021624639 0.0932873189 191.371307 0 274.844 0 680
1.38024347 1.39999998 0.00164537631 0.0997225866 188.338593 0 274.844 0 680
1.38349747 1.39999998 0.00124216368 0.104980834 185.431412 0 274.844 0 680
1.38601945 1.39999998 0.000927066921 0.109299585 182.726654 0 274.844 0 680
1.38797548 1.39999998 0.000680739816 0.112889394 180.126785 0 274.844 0 680
1.3894913 1.39999998 0.00048850524 0.115857549 177.634872 0 274.844 0 680
1.39066153 1.39999998 0.000339217825 0.118352689 175.236908 0 274.844 0 680
1.39066153 1.39999998 0.000339217825 0.118352689 175.236908 0 274.844 0 680
1.39155693 1.39999998 0.00022453223 0.12041714 172.527359 0 274.844 0 680
1.39222991 1.39999998 0.000138159228 0.122113861 170.474869 0 274.844 0 680
1.39271864 1.39999998 7.53740356e-05 0.123501077 167.000595 0 274.844 0 680
1.3930501 1.39999998 3.27764961e-05 0.124177322 166.554443 0 274.844 0 680
1.39324218 1.39999998 8.08765014e-06 0.124979012 198.497833 0 274.844 0 680

ZONE T="SLICE_Y_0p10_BINS07_KS_1p0mm_CUTDATA"
1.02809322 0.100000001 0 0.129504636 249.529144 0 274.844 0 680
1.02798886 0.100000001 -1.34141908e-05 0.130569845 211.459946 0 274.844 0 680
1.02767026 0.100000001 -5.43631542e-05 0.12863569 186.170929 0 274.844 0 680
1.0271205 0.100000001 -0.000125015508 0.126923651 183.116943 0 274.844 0 680
1.0263099 0.100000001 -0.000229151139 0.124922737 186.943649 0 274.844 0 680
1.0251937 0.100000001 -0.000372409553 0.122303948 189.076157 0 274.844 0 680
1.02370858 0.100000001 -0.000562627282 0.119243056 191.509033 0 274.844 0 680
1.02176763 0.100000001 -0.000810235652 0.115483008 194.052368 0 274.844 0 680
1.0192535 0.100000001 -0.00112907626 0.111019723 196.653076 0 274.844 0 680
1.01600922 0.100000001 -0.00153763483 0.105654009 199.467285 0 274.844 0 680
1.01182626 0.100000001 -0.00206025487 0.0992354453 202.472672 0 274.844 0 680
1.00642917 0.100000001 -0.00272902405 0.0915282816 205.759323 0 274.844 0 680
0.999456898 0.100000001 -0.00358666644 0.0822271705 209.174683 0 274.844 0 680
0.990441055 0.100000001 -0.00469147282 0.070807524 212.914413 0 274.844 0 680
0.978783112 0.100000001 -0.00612650272 0.0563561507 217.578705 0 274.844 0 680
0.963735028 0.100000001 -0.00798820752 0.0385216102 222.393402 0 274.844 0 680
0.944391919 0.100000001 -0.0103546433 0.0173783563 227.910965 0 274.844 0 680
0.919711133 0.100000001 -0.0132869066 -0.00615514256 234.854858 0 274.844 0 680
0.888578271 0.100000001 -0.0168041758 -0.0302094799 242.678436 0 274.844 0 680
0.849943244 0.100000001 -0.0208815518 -0.0532970168 250.420425 0 274.844 0 680
0.803041107 0.100000001 -0.025468376 -0.0757156909 257.816528 0 274.844 0 680
0.747683526 0.100000001 -0.0304870948 -0.0996730849 266.853516 0 274.844 0 680
0.684555011 0.100000001 -0.0357298415 -0.126502484 279.799835 0 274.844 0 680
0.615392356 0.100000001 -0.0406916522 -0.152125552 296.218719 0 274.844 0 680
0.542912962 0.100000001 -0.0445967938 -0.167553946 310.964691 0 274.844 0 680
0.470433568 0.100000001 -0.0467896775 -0.166512743 323.282288 0 274.844 0 680
0.401270913 0.100000001 -0.0471539124 -0.15226987 335.331055 0 274.844 0 680
0.338142397 0.100000001 -0.0460862159 -0.13244389 346.429535 0 274.844 0 680
0.282784817 0.100000001 -0.0441256669 -0.112340458 357.428162 0 274.844 0 680
0.23588268 0.100000001 -0.0416753227 -0.0942462683 369.189026 0 274.844 0 680
0.197247653 0.100000001 -0.0389818665 -0.0773454756 383.424835 0 274.844 0 680
0.16611479 0.100000001 -0.0362183119 -0.0606090911 401.518585 2.15147666e-05 274.835 0 680
0.141434005 0.100000001 -0.0335309596 -0.0441888832 420.401154 0.000538698223 274.627 0 680
0.122090895 0.100000001 -0.0310376885 -0.033795245 437.490845 0.00263971277 273.15 0.844659746 680
0.107042812 0.100000001 -0.0288164955 -0.0418823846 456.609467 0.00662616966 273.15 0.43537885 680
0.0953848682 0.100000001 -0.0268572335 -0.0672783256 488.779938 0.0192412362 273.15 0.260602742 680
0.0863690259 0.100000001 -0.0249152486 -0.0812421367 542.719299 0.0599292032 273.15 0.188270435 680
0.0793967573 0.100000001 -0.0228009001 -0.0513085313 608.00116 0.133791268 273.15 0.154193893 680
0.0739996663 0.100000001 -0.0205157782 0.0336944573 663.595459 0.222014159 273.15 0.135713592 680
0.0698167001 0.100000001 -0.0181444761 0.158045843 681.239502 0.306010455 273.15 0.122106083 680
0.066572427 0.100000001 -0.0157819618 0.296670854 666.489929 0.377857089 273.15 0.112354614 680
0.0640582916 0.100000001 -0.0134885374 0.431094497 650.764954 0.437259763 273.15 0.108742766 680
0.0621173395 0.100000001 -0.0112988276 0.54903543 627.438904 0.486007243 273.15 0.109875664 680
0.0606322222 0.100000001 -0.00921776159 0.645331264 592.327881 0.525604963 273.15 0.116277069 680
0.0595160268 0.100000001 -0.00723963566 0.717150688 557.394409 0.556689501 273.15 0.133320287 680
0.0587054223 0.100000001 -0.0053500206 0.763891041 529.337952 0.57945317 273.15 0.17397666 680
0.0581556618 0.100000001 -0.0035453241 0.785019934 513.38147 0.594323933 273.15 0.253702551 680
0.0578370654 0.100000001 -0.00182591131 0.779391587 523.122253 0.60160327 273.15 0.225295365 680
0.0577327006 0.100000001 0 0.748506963 557.761169 0.600261092 273.15 0.149510935 680
0.0578370654 0.100000001 0.00182591131 0.690241635 602.949585 0.588100851 273.15 0.115289904 680
0.0581556618 0.100000001 0.0035453241 0.606360912 650.72699 0.56603533 273.15 0.0998029709 680
0.0587054223 0.100000001 0.0053500206 0.504677117 695.515259 0.537150264 273.15 0.095188573 680
0.0595160268 0.100000001 0.00723963566 0.380656362 736.639099 0.500596285 273.15 0.094431147 680
0.0595160268 0.100000001 0.00723963566 0.380656362 736.639099 0.500596285 273.15 0.094431147 680
0.0606322222 0.100000001 0.00921776159 0.238107726 769.822083 0.455782413 273.15 0.0969664454 680
0.0621173395 0.100000001 0.0112988276 0.0814515576 794.285217 0.403186828 273.15 0.102839537 680
0.0640582916 0.100000001 0.0134885374 -0.0871604383 803.94928 0.340409249 273.15 0.111922666 680
0.066572427 0.100000001 0.0157819618 -0.259630382 804.617676 0.26718688 273.15 0.126503155 680
0.0698167001 0.100000001 0.0181444761 -0.413935065 800.862549 0.18273671 273.15 0.151064694 680
0.0739996663 0.100000001 0.0205157782 -0.527832985 756.41803 0.0915902555 273.15 0.188033983 680
0.0793967573 0.100000001 0.0228009001 -0.575416207 670.500854 0.0228964314 273.15 0.249028489 680
0.0863690259 0.100000001 0.0249152486 -0.546739042 578.304138 0.000938651094 273.15 0.373505771 680
0.0953848682 0.100000001 0.0268572335 -0.467431366 508.577515 0 273.15 0.738619208 680
0.107042812 0.100000001 0.0288164955 -0.383920133 473.290344 0 273.15 0.595840394 680
0.122090895 0.100000001 0.0310376885 -0.331383914 456.239624 0 274.844 0 680
0.141434005 0.100000001 0.0335309596 -0.3061845 440.452332 0 274.844 0 680
0.16611479 0.100000001 0.0362183119 -0.292651385 421.355988 0 274.844 0 680
0.197247653 0.100000001 0.0389818665 -0.284196585 402.003754 0 274.844 0 680
0.23588268 0.100000001 0.0416753227 -0.278648496 385.720642 0 274.844 0 680
0.282784817 0.100000001 0.0441256669 -0.276535749 371.708588 0 274.844 0 680
0.338142397 0.100000001 0.0460862159 -0.278349191 358.565491 0 274.844 0 680
0.401270913 0.100000001 0.0471539124 -0.281431884 345.311096 0 274.844 0 680
0.470433568 0.100000001 0.0467896775 -0.279194057 330.940735 0 274.844 0 680
0.542912962 0.100000001 0.0445967938 -0.261888951 316.075806 0 274.844 0 680
0.615392356 0.100000001 0.0406916522 -0.229097128 299.010254 0 274.844 0 680
0.684555011 0.100000001 0.0357298415 -0.189135745 280.729645 0 274.844 0 680
0.747683526 0.100000001 0.0304870948 -0.149394676 266.038544 0 274.844 0 680
0.803041107 0.100000001 0.025468376 -0.114112668 255.390808 0 274.844 0 680
0.849943244 0.100000001 0.0208815518 -0.0818934962 246.480789 0 274.844 0 680
0.888578271 0.100000001 0.0168041758 -0.0506617986 237.311569 0 274.844 0 680
0.919711133 0.100000001 0.0132869066 -0.0201131031 228.171005 0 274.844 0 680
0.944391919 0.100000001 0.0103546433 0.00823756866 220.122635 0 274.844 0 680
0.963735028 0.100000001 0.00798820752 0.0326856151 213.66069 0 274.844 0 680
0.978783112 0.100000001 0.00612650272 0.0528398491 208.104416 0 274.844 0 680
0.990441055 0.100000001 0.00469147282 0.0689029768 202.929657 0 274.844 0 680
0.999456898 0.100000001 0.00358666644 0.0814896524 198.75441 0 274.844 0 680
1.00642917 0.100000001 0.00272902405 0.0915455818 195.025101 0 274.844 0 680
1.01182626 0.100000001 0.00206025487 0.0996936485 191.515167 0 274.844 0 680
1.01600922 0.100000001 0.00153763483 0.106319137 188.324158 0 274.844 0 680
1.0192535 0.100000001 0.00112907626 0.1117457 185.337387 0 274.844 0 680
1.02176763 0.100000001 0.000810235652 0.116168708 182.549225 0 274.844 0 680
1.02370858 0.100000001 0.000562627282 0.119829051 179.856644 0 274.844 0 680
1.0251937 0.100000001 0.000372409553 0.122792915 177.121887 0 274.844 0 680
1.0263099 0.100000001 0.000229151139 0.125244528 174.512039 0 274.844 0 680
1.0271205 0.100000001 0.000125015508 0.127179474 170.269348 0 274.844 0 680
1.02767026 0.100000001 5.43631542e-05 0.128681913 173.358246 0 274.844 0 680
1.02798886 0.100000001 1.34141908e-05 0.130292043 200.308655 0 274.844 0 680

ZONE T="SLICE_Y_0p75_BINS07_KS_1p0mm_CUTDATA"
1.21069917 0.750000001 0 0.131514952 268.404907 0 274.844 0 680
1.21061552 0.750000001 -1.07509204e-05 0.132744059 225.864487 0 274.844 0 680
1.21036018 0.750000001 -4.35698249e-05 0.130883798 193.135452 0 274.844 0 680
1.20991957 0.750000001 -0.000100194771 0.129522488 188.201767 0 274.844 0 680
1.20926991 0.750000001 -0.000183655182 0.127827227 192.464249 0 274.844 0 680
1.20837532 0.750000001 -0.000298470891 0.125604928 194.251648 0 274.844 0 680
1.20718506 0.750000001 -0.000450922552 0.123026401 196.704544 0 274.844 0 680
1.20562947 0.750000001 -0.000649370443 0.119810387 199.190247 0 274.844 0 680
1.20361449 0.750000001 -0.000904908033 0.116030298 201.777893 0 274.844 0 680
1.20101434 0.750000001 -0.00123235087 0.111460693 204.597275 0 274.844 0 680
1.19766187 0.750000001 -0.00165120927 0.105997935 207.695496 0 274.844 0 680
1.19333632 0.750000001 -0.00218720017 0.0994035006 211.140152 0 274.844 0 680
1.18774834 0.750000001 -0.00287456516 0.0914042145 214.794235 0 274.844 0 680
1.18052251 0.750000001 -0.00376002188 0.0814685225 218.949844 0 274.844 0 680
1.17117915 0.750000001 -0.00491013914 0.0688921958 223.450089 0 274.844 0 680
1.15911873 0.750000001 -0.00640221872 0.0531618297 227.42952 0 274.844 0 680
1.14361603 0.750000001 -0.00829881936 0.034097068 232.16301 0 274.844 0 680
1.1238354 0.750000001 -0.0106489074 0.0122804055 238.570465 0 274.844 0 680
1.09888369 0.750000001 -0.0134678535 -0.0108436039 246.169754 0 274.844 0 680
1.06791931 0.750000001 -0.0167357022 -0.0339750238 253.758759 0 274.844 0 680
1.03032918 0.750000001 -0.0204118525 -0.0573691241 261.563385 0 274.844 0 680
0.985962367 0.750000001 -0.0244341485 -0.0832078606 272.254272 0 274.844 0 680
0.935367467 0.750000001 -0.0286359936 -0.113251463 287.707275 0 274.844 0 680
0.879936452 0.750000001 -0.0326126802 -0.144252568 306.523132 0 274.844 0 680
0.821847209 0.750000001 -0.0357424901 -0.167885825 325.759247 0 274.844 0 680
0.763757965 0.750000001 -0.0374999959 -0.175864622 342.743652 0 274.844 0 680
0.708326951 0.750000001 -0.0377919151 -0.169703364 356.931671 0 274.844 0 680
0.657732051 0.750000001 -0.0369362004 -0.157233343 369.822266 0 274.844 0 680
0.613365234 0.750000001 -0.0353649013 -0.142973468 382.412354 0 274.844 0 680
0.575775107 0.750000001 -0.0334010515 -0.129000619 395.367981 0 274.844 0 680
0.544810727 0.750000001 -0.0312423575 -0.11489027 409.429108 0.000136206654 274.788 0 680
0.519859022 0.750000001 -0.0290274825 -0.099702321 426.951172 0.00134228112 274.312 0 680
0.500078391 0.750000001 -0.0268736805 -0.0840027034 448.602539 0.00499892887 273.148 0.0774208531 680
0.484575687 0.750000001 -0.0248754267 -0.0727555454 470.43457 0.0118030803 273.15 0.849657953 680
0.472515269 0.750000001 -0.0230952321 -0.0775783509 494.225922 0.0221453197 273.15 0.428773314 680
0.463171908 0.750000001 -0.0215249645 -0.0984639227 532.980591 0.0437809117 273.15 0.269069731 680
0.455946082 0.750000001 -0.0199685437 -0.107203797 595.158569 0.0951948538 273.15 0.200875565 680
0.450358097 0.750000001 -0.0182739806 -0.0711158663 670.15564 0.175071403 273.15 0.168752179 680
0.446032551 0.750000001 -0.0164425497 0.0194476321 734.542664 0.26421538 273.15 0.151361078 680
0.442680076 0.750000001 -0.0145420489 0.149218991 769.799622 0.347457528 273.15 0.140283421 680
0.440079925 0.750000001 -0.0126485912 0.29292202 780.289795 0.418362886 273.15 0.133734345 680
0.438064949 0.750000001 -0.0108105062 0.429141223 766.425171 0.476953417 273.15 0.13094005 680
0.436509356 0.750000001 -0.00905554412 0.546319723 720.111938 0.524599373 273.15 0.131545529 680
0.435319096 0.750000001 -0.00738765557 0.64002043 671.005005 0.563042819 273.15 0.141711354 680
0.434424512 0.750000001 -0.00580226926 0.705470681 649.248718 0.592886865 273.15 0.173980907 680
0.433774846 0.750000001 -0.00428782075 0.742326438 639.531616 0.614254713 273.15 0.255322814 680
0.433334235 0.750000001 -0.00284143098 0.751220763 636.520447 0.627572536 273.15 0.283114493 680
0.433078893 0.750000001 -0.00146339257 0.726822615 658.344666 0.632903099 273.15 0.191740781 680
0.432995249 0.750000001 0 0.6750862 699.177124 0.62943393 273.15 0.143949345 680
0.433078893 0.750000001 0.00146339257 0.59339726 745.739441 0.614938855 273.15 0.11714197 680
0.433078893 0.750000001 0.00146339257 0.59339726 745.739441 0.614938855 273.15 0.11714197 680
0.433334235 0.750000001 0.00284143098 0.483155996 790.204407 0.590278566 273.15 0.104277439 680
0.433774846 0.750000001 0.00428782075 0.356596261 827.264526 0.558866024 273.15 0.100948736 680
0.434424512 0.750000001 0.00580226926 0.20671545 855.16571 0.519576013 273.15 0.100717708 680
0.435319096 0.750000001 0.00738765557 0.0379799157 880.425415 0.472211838 273.15 0.10440816 680
0.436509356 0.750000001 0.00905554412 -0.140834332 927.291565 0.416913539 273.15 0.115161665 680
0.438064949 0.750000001 0.0108105062 -0.325943291 969.627319 0.351111382 273.15 0.132230729 680
0.440079925 0.750000001 0.0126485912 -0.515470088 967.261169 0.275382638 273.15 0.1537496 680
0.442680076 0.750000001 0.0145420489 -0.68120575 926.439087 0.18856217 273.15 0.183837861 680
0.446032551 0.750000001 0.0164425497 -0.793842971 848.795776 0.0937971324 273.15 0.232396036 680
0.450358097 0.750000001 0.0182739806 -0.823078513 745.218933 0.0227964167 273.15 0.326148957 680
0.455946082 0.750000001 0.0199685437 -0.765542686 635.984619 0.000779518276 273.15 0.555235386 680
0.463171908 0.750000001 0.0215249645 -0.656191826 552.252075 0 273.15 0.826384962 680
0.472515269 0.750000001 0.0230952321 -0.543868542 511.129822 0 274.844 0 680
0.484575687 0.750000001 0.0248754267 -0.467027694 491.441345 0 274.844 0 680
0.500078391 0.750000001 0.0268736805 -0.422190487 472.129181 0 274.844 0 680
0.519859022 0.750000001 0.0290274825 -0.391284615 449.652527 0 274.844 0 680
0.544810727 0.750000001 0.0312423575 -0.366021454 429.315979 0 274.844 0 680
0.575775107 0.750000001 0.0334010515 -0.344230056 411.955383 0 274.844 0 680
0.613365234 0.750000001 0.0353649013 -0.326364994 395.547241 0 274.844 0 680
0.657732051 0.750000001 0.0369362004 -0.312557995 379.747742 0 274.844 0 680
0.708326951 0.750000001 0.0377919151 -0.299984872 363.625183 0 274.844 0 680
0.763757965 0.750000001 0.0374999959 -0.281788021 345.611389 0 274.844 0 680
0.821847209 0.750000001 0.0357424901 -0.251425922 325.155487 0 274.844 0 680
0.879936452 0.750000001 0.0326126802 -0.20897083 303.261566 0 274.844 0 680
0.935367467 0.750000001 0.0286359936 -0.161991671 282.1138 0 274.844 0 680
0.985962367 0.750000001 0.0244341485 -0.118793502 264.547974 0 274.844 0 680
1.03032918 0.750000001 0.0204118525 -0.0818552002 251.868759 0 274.844 0 680
1.06791931 0.750000001 0.0167357022 -0.0492814183 242.287903 0 274.844 0 680
1.09888369 0.750000001 0.0134678535 -0.0190786198 233.18071 0 274.844 0 680
1.1238354 0.750000001 0.0106489074 0.00904015359 224.238312 0 274.844 0 680
1.14361603 0.750000001 0.00829881936 0.0339354649 216.7267 0 274.844 0 680
1.15911873 0.750000001 0.00640221872 0.0546322465 211.063171 0 274.844 0 680
1.17117915 0.750000001 0.00491013914 0.071215041 206.253799 0 274.844 0 680
1.18052251 0.750000001 0.00376002188 0.0841729268 201.339981 0 274.844 0 680
1.18774834 0.750000001 0.00287456516 0.0942454264 196.983704 0 274.844 0 680
1.19333632 0.750000001 0.00218720017 0.102177046 193.215851 0 274.844 0 680
1.19766187 0.750000001 0.00165120927 0.108552031 189.713364 0 274.844 0 680
1.20101434 0.750000001 0.00123235087 0.11370343 186.553101 0 274.844 0 680
1.20361449 0.750000001 0.000904908033 0.117918953 183.654419 0 274.844 0 680
1.20562947 0.750000001 0.000649370443 0.121349491 180.939285 0 274.844 0 680
1.20718506 0.750000001 0.000450922552 0.124207266 178.306839 0 274.844 0 680
1.20837532 0.750000001 0.000298470891 0.126504108 175.553375 0 274.844 0 680
1.20926991 0.750000001 0.000183655182 0.128417552 173.272568 0 274.844 0 680
1.20991957 0.750000001 0.000100194771 0.129946873 168.634369 0 274.844 0 680
1.21036018 0.750000001 4.35698249e-05 0.130993158 173.549332 0 274.844 0 680
1.21061552 0.750000001 1.07509204e-05 0.132330522 208.825256 0 274.844 0 680

ZONE T="SLICE_Y_1p40_BINS07_KS_1p0mm_CUTDATA"
1.39330511 1.39999998 0 0.124062277 282.473206 0 274.844 0 680
1.39324218 1.39999998 -8.08765014e-06 0.124599576 228.565277 0 274.844 0 680
1.3930501 1.39999998 -3.27764961e-05 0.123505972 202.30983 0 274.844 0 680
1.39271864 1.39999998 -7.53740356e-05 0.122650608 203.208496 0 274.844 0 680
1.39222991 1.39999998 -0.000138159228 0.121030584 206.704575 0 274.844 0 680
1.39155693 1.39999998 -0.00022453223 0.118962854 208.77948 0 274.844 0 680
1.39066153 1.39999998 -0.000339217825 0.116466798 211.722656 0 274.844 0 680
1.3894913 1.39999998 -0.00048850524 0.113434233 214.399597 0 274.844 0 680
1.38797548 1.39999998 -0.000680739816 0.109854795 217.290451 0 274.844 0 680
1.38601945 1.39999998 -0.000927066921 0.105533101 220.341782 0 274.844 0 680
1.38349747 1.39999998 -0.00124216368 0.100379497 223.593628 0 274.844 0 680
1.38024347 1.39999998 -0.00164537631 0.0941636786 227.107437 0 274.844 0 680
1.37603977 1.39999998 -0.0021624639 0.0866512954 230.771683 0 274.844 0 680
1.37060396 1.39999998 -0.00282857098 0.0773514584 234.736572 0 274.844 0 680
1.36357518 1.39999998 -0.0036937756 0.0656679422 239.645187 0 274.844 0 680
1.35450243 1.39999998 -0.00481622997 0.0512303002 244.553345 0 274.844 0 680
1.34284013 1.39999998 -0.00624299548 0.0339832157 249.738144 0 274.844 0 680
1.32795965 1.39999998 -0.00801090826 0.01450196 256.268616 0 274.844 0 680
1.3091891 1.39999998 -0.0101315314 -0.00586288003 263.876892 0 274.844 0 680
1.28589537 1.39999998 -0.0125898527 -0.0259162653 272.615051 0 274.844 0 680
1.25761725 1.39999998 -0.0153553291 -0.0460361578 282.636688 0 274.844 0 680
1.2242412 1.39999998 -0.0183812025 -0.0685471371 293.660522 0 274.844 0 680
1.18617991 1.39999998 -0.0215421461 -0.0955276117 304.802155 0 274.844 0 680
1.14448054 1.39999998 -0.0245337085 -0.125159785 317.643677 0 274.844 0 680
1.10078145 1.39999998 -0.0268881867 -0.150834382 334.785858 0 274.844 0 680
1.05708235 1.39999998 -0.0282103146 -0.165008336 353.234161 0 274.844 0 680
1.01538298 1.39999998 -0.0284299182 -0.167518586 368.724609 0 274.844 0 680
0.977321692 1.39999998 -0.0277861853 -0.164950162 382.627777 0 274.844 0 680
0.943945639 1.39999998 -0.026604136 -0.161844373 398.580841 0 274.844 0 680
0.915667521 1.39999998 -0.0251267806 -0.158682793 417.930237 0.000193314903 274.765 0 680
0.892373788 1.39999998 -0.0235028488 -0.153621897 439.651764 0.00180571945 274.148 0 680
0.873603241 1.39999998 -0.0218366534 -0.145058841 462.187012 0.0071762898 273.15 0.31356135 680
0.858722763 1.39999998 -0.0202164017 -0.134066924 484.743195 0.0167665407 273.15 0.758800745 680
0.847060465 1.39999998 -0.018713165 -0.1259422 508.559845 0.0296108481 273.15 0.743894339 680
0.837987712 1.39999998 -0.0173739689 -0.132021189 538.988464 0.0447115153 273.15 0.392852902 680
0.830958934 1.39999998 -0.0161926956 -0.153628916 586.584778 0.0731480494 273.15 0.266463548 680
0.825523125 1.39999998 -0.015021839 -0.162788421 657.486755 0.129765898 273.15 0.202955648 680
0.821319422 1.39999998 -0.0137470613 -0.126216039 739.901123 0.211373597 273.15 0.172687575 680
0.818065422 1.39999998 -0.0123693213 -0.0355066247 812.194702 0.301227838 273.15 0.157635719 680
0.815543439 1.39999998 -0.0109396218 0.0950701982 861.024902 0.384635478 273.15 0.149867937 680
0.81358741 1.39999998 -0.00951522067 0.240812019 883.565186 0.455680817 273.15 0.143589109 680
0.812071593 1.39999998 -0.00813247502 0.379904956 880.713867 0.514551699 273.15 0.140008524 680
0.810901359 1.39999998 -0.0068122607 0.50117296 862.383667 0.562713683 273.15 0.142169341 680
0.810005956 1.39999998 -0.00555754961 0.599187613 834.434631 0.601686418 273.15 0.152424037 680
0.809332982 1.39999998 -0.00436490291 0.668276906 801.420166 0.632189631 273.15 0.176798582 680
0.808844255 1.39999998 -0.00322562095 0.709634304 772.069824 0.654414296 273.15 0.233188957 680
0.808512795 1.39999998 -0.00213753788 0.723963022 762.240662 0.668742537 273.15 0.272698104 680
0.808320707 1.39999998 -0.00110087385 0.704358459 795.42981 0.675027311 273.15 0.212725788 680
0.808257784 1.39999998 0 0.658371329 853.975769 0.672253966 273.15 0.163828135 680
0.808320707 1.39999998 0.00110087385 0.583250105 918.838318 0.658640206 273.15 0.136650324 680
0.808512795 1.39999998 0.00213753788 0.477831423 974.448364 0.635313451 273.15 0.12343812 680
0.808844255 1.39999998 0.00322562095 0.355058998 1012.49548 0.605132103 273.15 0.119925037 680
0.809332982 1.39999998 0.00436490291 0.210335597 1044.21045 0.567322075 273.15 0.120554052 680
0.810005956 1.39999998 0.00555754961 0.0480506532 1065.495 0.521342754 273.15 0.125165045 680
0.810901359 1.39999998 0.0068122607 -0.127285421 1076.24585 0.467710704 273.15 0.134246558 680
0.812071593 1.39999998 0.00813247502 -0.310000956 1077.95422 0.40451473 273.15 0.147024423 680
0.81358741 1.39999998 0.00951522067 -0.49372077 1060.18579 0.330055118 273.15 0.165217504 680
0.815543439 1.39999998 0.0109396218 -0.653652966 1007.21527 0.243682638 273.15 0.190543532 680
0.818065422 1.39999998 0.0123693213 -0.763220489 915.505188 0.147382841 273.15 0.230062008 680
0.821319422 1.39999998 0.0137470613 -0.794083834 806.008545 0.0572552904 273.15 0.310502857 680
0.825523125 1.39999998 0.015021839 -0.740261436 689.496948 0.00799111091 273.15 0.521015048 680
0.830958934 1.39999998 0.0161926956 -0.635358393 595.716187 7.34592686e-05 273.15 0.832767069 680
0.837987712 1.39999998 0.0173739689 -0.526725531 543.510864 0 274.844 0 680
0.847060465 1.39999998 0.018713165 -0.44871223 516.009277 0 274.844 0 680
0.858722763 1.39999998 0.0202164017 -0.398389339 494.026154 0 274.844 0 680
0.873603241 1.39999998 0.0218366534 -0.359854162 469.895172 0 274.844 0 680
0.892373788 1.39999998 0.0235028488 -0.325560898 444.710785 0 274.844 0 680
0.915667521 1.39999998 0.0251267806 -0.294032365 419.765625 0 274.844 0 680
0.943945639 1.39999998 0.026604136 -0.267057419 396.833496 0 274.844 0 680
0.977321692 1.39999998 0.0277861853 -0.245915398 376.915924 0 274.844 0 680
1.01538298 1.39999998 0.0284299182 -0.228367433 358.632019 0 274.844 0 680
1.05708235 1.39999998 0.0282103146 -0.208188847 338.51474 0 274.844 0 680
1.10078145 1.39999998 0.0268881867 -0.179078281 315.512604 0 274.844 0 680
1.14448054 1.39999998 0.0245337085 -0.141024426 293.527313 0 274.844 0 680
1.18617991 1.39999998 0.0215421461 -0.101230644 275.52179 0 274.844 0 680
1.2242412 1.39999998 0.0183812025 -0.0667803586 259.806183 0 274.844 0 680
1.25761725 1.39999998 0.0153553291 -0.038945429 245.269241 0 274.844 0 680
1.28589537 1.39999998 0.0125898527 -0.0152153075 232.867447 0 274.844 0 680
1.3091891 1.39999998 0.0101315314 0.00677199755 222.801727 0 274.844 0 680
1.32795965 1.39999998 0.00801090826 0.0275078248 214.746994 0 274.844 0 680
1.34284013 1.39999998 0.00624299548 0.0461701564 208.298447 0 274.844 0 680
1.35450243 1.39999998 0.00481622997 0.0620288998 203.272079 0 274.844 0 680
1.36357518 1.39999998 0.0036937756 0.0749642998 198.832413 0 274.844 0 680
1.37060396 1.39999998 0.00282857098 0.0852228999 194.675446 0 274.844 0 680
1.37603977 1.39999998 0.0021624639 0.0932873189 191.371307 0 274.844 0 680
1.38024347 1.39999998 0.00164537631 0.0997225866 188.338593 0 274.844 0 680
1.38349747 1.39999998 0.00124216368 0.104980834 185.431412 0 274.844 0 680
1.38601945 1.39999998 0.000927066921 0.109299585 182.726654 0 274.844 0 680
1.38797548 1.39999998 0.000680739816 0.112889394 180.126785 0 274.844 0 680
1.3894913 1.39999998 0.00048850524 0.115857549 177.634872 0 274.844 0 680
1.39066153 1.39999998 0.000339217825 0.118352689 175.236908 0 274.844 0 680
1.39066153 1.39999998 0.000339217825 0.118352689 175.236908 0 274.844 0 680
1.39155693 1.39999998 0.00022453223 0.12041714 172.527359 0 274.844 0 680
1.39222991 1.39999998 0.000138159228 0.122113861 170.474869 0 274.844 0 680
1.39271864 1.39999998 7.53740356e-05 0.123501077 167.000595 0 274.844 0 680
1.3930501 1.39999998 3.27764961e-05 0.124177322 166.554443 0 274.844 0 680
1.39324218 1.39999998 8.08765014e-06 0.124979012 198.497833 0 274.844 0 680

ZONE T="SLICE_Y_0p10_BINS15_KS_1p0mm_CUTDATA"
1.02809322 0.100000001 0 0.129504636 249.529144 0 274.844 0 680
1.02798886 0.100000001 -1.34141908e-05 0.130569845 211.459946 0 274.844 0 680
1.02767026 0.100000001 -5.43631542e-05 0.12863569 186.170929 0 274.844 0 680
1.0271205 0.100000001 -0.000125015508 0.126923651 183.116943 0 274.844 0 680
1.0263099 0.100000001 -0.000229151139 0.124922737 186.943649 0 274.844 0 680
1.0251937 0.100000001 -0.000372409553 0.122303948 189.076157 0 274.844 0 680
1.02370858 0.100000001 -0.000562627282 0.119243056 191.509033 0 274.844 0 680
1.02176763 0.100000001 -0.000810235652 0.115483008 194.052368 0 274.844 0 680
1.0192535 0.100000001 -0.00112907626 0.111019723 196.653076 0 274.844 0 680
1.01600922 0.100000001 -0.00153763483 0.105654009 199.467285 0 274.844 0 680
1.01182626 0.100000001 -0.00206025487 0.0992354453 202.472672 0 274.844 0 680
1.00642917 0.100000001 -0.00272902405 0.0915282816 205.759323 0 274.844 0 680
0.999456898 0.100000001 -0.00358666644 0.0822271705 209.174683 0 274.844 0 680
0.990441055 0.100000001 -0.00469147282 0.070807524 212.914413 0 274.844 0 680
0.978783112 0.100000001 -0.00612650272 0.0563561507 217.578705 0 274.844 0 680
0.963735028 0.100000001 -0.00798820752 0.0385216102 222.393402 0 274.844 0 680
0.944391919 0.100000001 -0.0103546433 0.0173783563 227.910965 0 274.844 0 680
0.919711133 0.100000001 -0.0132869066 -0.00615514256 234.854858 0 274.844 0 680
0.888578271 0.100000001 -0.0168041758 -0.0302094799 242.678436 0 274.844 0 680
0.849943244 0.100000001 -0.0208815518 -0.0532970168 250.420425 0 274.844 0 680
0.803041107 0.100000001 -0.025468376 -0.0757156909 257.816528 0 274.844 0 680
0.747683526 0.100000001 -0.0304870948 -0.0996730849 266.853516 0 274.844 0 680
0.684555011 0.100000001 -0.0357298415 -0.126502484 279.799835 0 274.844 0 680
0.615392356 0.100000001 -0.0406916522 -0.152125552 296.218719 0 274.844 0 680
0.542912962 0.100000001 -0.0445967938 -0.167553946 310.964691 0 274.844 0 680
0.470433568 0.100000001 -0.0467896775 -0.166512743 323.282288 0 274.844 0 680
0.401270913 0.100000001 -0.0471539124 -0.15226987 335.331055 0 274.844 0 680
0.338142397 0.100000001 -0.0460862159 -0.13244389 346.429535 0 274.844 0 680
0.282784817 0.100000001 -0.0441256669 -0.112340458 357.428162 0 274.844 0 680
0.23588268 0.100000001 -0.0416753227 -0.0942462683 369.189026 0 274.844 0 680
0.197247653 0.100000001 -0.0389818665 -0.0773454756 383.424835 0 274.844 0 680
0.16611479 0.100000001 -0.0362183119 -0.0606090911 401.518585 7.96161476e-05 274.81 0 680
0.141434005 0.100000001 -0.0335309596 -0.0441888832 420.401154 0.000755065819 274.54 0 680
0.122090895 0.100000001 -0.0310376885 -0.033795245 437.490845 0.00279758824 273.15 0.844299495 680
0.107042812 0.100000001 -0.0288164955 -0.0418823846 456.609467 0.00705958856 273.15 0.437911034 680
0.0953848682 0.100000001 -0.0268572335 -0.0672783256 488.779938 0.0199629851 273.15 0.26200375 680
0.0863690259 0.100000001 -0.0249152486 -0.0812421367 542.719299 0.0599452108 273.15 0.189271063 680
0.0793967573 0.100000001 -0.0228009001 -0.0513085313 608.00116 0.13330245 273.15 0.15489462 680
0.0739996663 0.100000001 -0.0205157782 0.0336944573 663.595459 0.221462369 273.15 0.136233732 680
0.0698167001 0.100000001 -0.0181444761 0.158045843 681.239502 0.304883271 273.15 0.122563876 680
0.066572427 0.100000001 -0.0157819618 0.296670854 666.489929 0.376520395 273.15 0.112708524 680
0.0640582916 0.100000001 -0.0134885374 0.431094497 650.764954 0.436073512 273.15 0.109046705 680
0.0621173395 0.100000001 -0.0112988276 0.54903543 627.438904 0.484794915 273.15 0.110154822 680
0.0606322222 0.100000001 -0.00921776159 0.645331264 592.327881 0.524417877 273.15 0.116546512 680
0.0595160268 0.100000001 -0.00723963566 0.717150688 557.394409 0.555533886 273.15 0.133605883 680
0.0587054223 0.100000001 -0.0053500206 0.763891041 529.337952 0.578294039 273.15 0.174314126 680
0.0581556618 0.100000001 -0.0035453241 0.785019934 513.38147 0.593166232 273.15 0.254125506 680
0.0578370654 0.100000001 -0.00182591131 0.779391587 523.122253 0.600439072 273.15 0.225687265 680
0.0577327006 0.100000001 0 0.748506963 557.761169 0.599096775 273.15 0.1498079 680
0.0578370654 0.100000001 0.00182591131 0.690241635 602.949585 0.586916327 273.15 0.11553771 680
0.0581556618 0.100000001 0.0035453241 0.606360912 650.72699 0.564824164 273.15 0.100033134 680
0.0587054223 0.100000001 0.0053500206 0.504677117 695.515259 0.535895467 273.15 0.095422335 680
0.0595160268 0.100000001 0.00723963566 0.380656362 736.639099 0.499288499 273.15 0.0946837887 680
0.0595160268 0.100000001 0.00723963566 0.380656362 736.639099 0.499288499 273.15 0.0946837887 680
0.0606322222 0.100000001 0.00921776159 0.238107726 769.822083 0.454421937 273.15 0.0972501263 680
0.0621173395 0.100000001 0.0112988276 0.0814515576 794.285217 0.401759475 273.15 0.10318251 680
0.0640582916 0.100000001 0.0134885374 -0.0871604383 803.94928 0.339311272 273.15 0.112337209 680
0.066572427 0.100000001 0.0157819618 -0.259630382 804.617676 0.266409934 273.15 0.126990438 680
0.0698167001 0.100000001 0.0181444761 -0.413935065 800.862549 0.181962177 273.15 0.151793972 680
0.0739996663 0.100000001 0.0205157782 -0.527832985 756.41803 0.0917492136 273.15 0.189035386 680
0.0793967573 0.100000001 0.0228009001 -0.575416207 670.500854 0.0234819949 273.15 0.250501752 680
0.0863690259 0.100000001 0.0249152486 -0.546739042 578.304138 0.0011086911 273.15 0.376468569 680
0.0953848682 0.100000001 0.0268572335 -0.467431366 508.577515 0 273.15 0.749161243 680
0.107042812 0.100000001 0.0288164955 -0.383920133 473.290344 0 273.15 0.541131556 680
0.122090895 0.100000001 0.0310376885 -0.331383914 456.239624 0 274.844 0 680
0.141434005 0.100000001 0.0335309596 -0.3061845 440.452332 0 274.844 0 680
0.16611479 0.100000001 0.0362183119 -0.292651385 421.355988 0 274.844 0 680
0.197247653 0.100000001 0.0389818665 -0.284196585 402.003754 0 274.844 0 680
0.23588268 0.100000001 0.0416753227 -0.278648496 385.720642 0 274.844 0 680
0.282784817 0.100000001 0.0441256669 -0.276535749 371.708588 0 274.844 0 680
0.338142397 0.100000001 0.0460862159 -0.278349191 358.565491 0 274.844 0 680
0.401270913 0.100000001 0.0471539124 -0.281431884 345.311096 0 274.844 0 680
0.470433568 0.100000001 0.0467896775 -0.279194057 330.940735 0 274.844 0 680
0.542912962 0.100000001 0.0445967938 -0.261888951 316.075806 0 274.844 0 680
0.615392356 0.100000001 0.0406916522 -0.229097128 299.010254 0 274.844 0 680
0.684555011 0.100000001 0.0357298415 -0.189135745 280.729645 0 274.844 0 680
0.747683526 0.100000001 0.0304870948 -0.149394676 266.038544 0 274.844 0 680
0.803041107 0.100000001 0.025468376 -0.114112668 255.390808 0 274.844 0 680
0.849943244 0.100000001 0.0208815518 -0.0818934962 246.480789 0 274.844 0 680
0.888578271 0.100000001 0.0168041758 -0.0506617986 237.311569 0 274.844 0 680
0.919711133 0.100000001 0.0132869066 -0.0201131031 228.171005 0 274.844 0 680
0.944391919 0.100000001 0.0103546433 0.00823756866 220.122635 0 274.844 0 680
0.963735028 0.100000001 0.00798820752 0.0326856151 213.66069 0 274.844 0 680
0.978783112 0.100000001 0.00612650272 0.0528398491 208.104416 0 274.844 0 680
0.990441055 0.100000001 0.00469147282 0.0689029768 202.929657 0 274.844 0 680
0.999456898 0.100000001 0.00358666644 0.0814896524 198.75441 0 274.844 0 680
1.00642917 0.100000001 0.00272902405 0.0915455818 195.025101 0 274.844 0 680
1.01182626 0.100000001 0.00206025487 0.0996936485 191.515167 0 274.844 0 680
1.01600922 0.100000001 0.00153763483 0.106319137 188.324158 0 274.844 0 680
1.0192535 0.100000001 0.00112907626 0.1117457 185.337387 0 274.844 0 680
1.02176763 0.100000001 0.000810235652 0.116168708 182.549225 0 274.844 0 680
1.02370858 0.100000001 0.000562627282 0.119829051 179.856644 0 274.844 0 680
1.0251937 0.100000001 0.000372409553 0.122792915 177.121887 0 274.844 0 680
1.0263099 0.100000001 0.000229151139 0.125244528 174.512039 0 274.844 0 680
1.0271205 0.100000001 0.000125015508 0.127179474 170.269348 0 274.844 0 680
1.02767026 0.100000001 5.43631542e-05 0.128681913 173.358246 0 274.844 0 680
1.02798886 0.100000001 1.34141908e-05 0.130292043 200.308655 0 274.844 0 680

ZONE T="SLICE_Y_0p75_BINS15_KS_1p0mm_CUTDATA"
1.21069917 0.750000001 0 0.131514952 268.404907 0 274.844 0 680
1.21061552 0.750000001 -1.07509204e-05 0.132744059 225.864487 0 274.844 0 680
1.21036018 0.750000001 -4.35698249e-05 0.130883798 193.135452 0 274.844 0 680
1.20991957 0.750000001 -0.000100194771 0.129522488 188.201767 0 274.844 0 680
1.20926991 0.750000001 -0.000183655182 0.127827227 192.464249 0 274.844 0 680
1.20837532 0.750000001 -0.000298470891 0.125604928 194.251648 0 274.844 0 680
1.20718506 0.750000001 -0.000450922552 0.123026401 196.704544 0 274.844 0 680
1.20562947 0.750000001 -0.000649370443 0.119810387 199.190247 0 274.844 0 680
1.20361449 0.750000001 -0.000904908033 0.116030298 201.777893 0 274.844 0 680
1.20101434 0.750000001 -0.00123235087 0.111460693 204.597275 0 274.844 0 680
1.19766187 0.750000001 -0.00165120927 0.105997935 207.695496 0 274.844 0 680
1.19333632 0.750000001 -0.00218720017 0.0994035006 211.140152 0 274.844 0 680
1.18774834 0.750000001 -0.00287456516 0.0914042145 214.794235 0 274.844 0 680
1.18052251 0.750000001 -0.00376002188 0.0814685225 218.949844 0 274.844 0 680
1.17117915 0.750000001 -0.00491013914 0.0688921958 223.450089 0 274.844 0 680
1.15911873 0.750000001 -0.00640221872 0.0531618297 227.42952 0 274.844 0 680
1.14361603 0.750000001 -0.00829881936 0.034097068 232.16301 0 274.844 0 680
1.1238354 0.750000001 -0.0106489074 0.0122804055 238.570465 0 274.844 0 680
1.09888369 0.750000001 -0.0134678535 -0.0108436039 246.169754 0 274.844 0 680
1.06791931 0.750000001 -0.0167357022 -0.0339750238 253.758759 0 274.844 0 680
1.03032918 0.750000001 -0.0204118525 -0.0573691241 261.563385 0 274.844 0 680
0.985962367 0.750000001 -0.0244341485 -0.0832078606 272.254272 0 274.844 0 680
0.935367467 0.750000001 -0.0286359936 -0.113251463 287.707275 0 274.844 0 680
0.879936452 0.750000001 -0.0326126802 -0.144252568 306.523132 0 274.844 0 680
0.821847209 0.750000001 -0.0357424901 -0.167885825 325.759247 0 274.844 0 680
0.763757965 0.750000001 -0.0374999959 -0.175864622 342.743652 0 274.844 0 680
0.708326951 0.750000001 -0.0377919151 -0.169703364 356.931671 0 274.844 0 680
0.657732051 0.750000001 -0.0369362004 -0.157233343 369.822266 0 274.844 0 680
0.613365234 0.750000001 -0.0353649013 -0.142973468 382.412354 0 274.844 0 680
0.575775107 0.750000001 -0.0334010515 -0.129000619 395.367981 0 274.844 0 680
0.544810727 0.750000001 -0.0312423575 -0.11489027 409.429108 0.000169983658 274.774 0 680
0.519859022 0.750000001 -0.0290274825 -0.099702321 426.951172 0.00144569611 274.271 0 680
0.500078391 0.750000001 -0.0268736805 -0.0840027034 448.602539 0.00540082436 273.15 0.140505522 680
0.484575687 0.750000001 -0.0248754267 -0.0727555454 470.43457 0.0124176415 273.15 0.849472523 680
0.472515269 0.750000001 -0.0230952321 -0.0775783509 494.225922 0.0224833563 273.15 0.431555867 680
0.463171908 0.750000001 -0.0215249645 -0.0984639227 532.980591 0.0444028936 273.15 0.270604819 680
0.455946082 0.750000001 -0.0199685437 -0.107203797 595.158569 0.0951588377 273.15 0.201996073 680
0.450358097 0.750000001 -0.0182739806 -0.0711158663 670.15564 0.174279377 273.15 0.169554338 680
0.446032551 0.750000001 -0.0164425497 0.0194476321 734.542664 0.263295263 273.15 0.151998222 680
0.442680076 0.750000001 -0.0145420489 0.149218991 769.799622 0.346221209 273.15 0.140776113 680
0.440079925 0.750000001 -0.0126485912 0.29292202 780.289795 0.417131156 273.15 0.134147659 680
0.438064949 0.750000001 -0.0108105062 0.429141223 766.425171 0.475727648 273.15 0.131294906 680
0.436509356 0.750000001 -0.00905554412 0.546319723 720.111938 0.523440182 273.15 0.131868929 680
0.435319096 0.750000001 -0.00738765557 0.64002043 671.005005 0.561903596 273.15 0.14203009 680
0.434424512 0.750000001 -0.00580226926 0.705470681 649.248718 0.591746032 273.15 0.174339607 680
0.433774846 0.750000001 -0.00428782075 0.742326438 639.531616 0.613122046 273.15 0.25577262 680
0.433334235 0.750000001 -0.00284143098 0.751220763 636.520447 0.626431704 273.15 0.283581197 680
0.433078893 0.750000001 -0.00146339257 0.726822615 658.344666 0.631747484 273.15 0.192109793 680
0.432995249 0.750000001 0 0.6750862 699.177124 0.628277421 273.15 0.144252852 680
0.433078893 0.750000001 0.00146339257 0.59339726 745.739441 0.613760114 273.15 0.117405318 680
0.433078893 0.750000001 0.00146339257 0.59339726 745.739441 0.613760114 273.15 0.117405318 680
0.433334235 0.750000001 0.00284143098 0.483155996 790.204407 0.589065731 273.15 0.10452868 680
0.433774846 0.750000001 0.00428782075 0.356596261 827.264526 0.557601929 273.15 0.101206042 680
0.434424512 0.750000001 0.00580226926 0.20671545 855.16571 0.518268704 273.15 0.100996897 680
0.435319096 0.750000001 0.00738765557 0.0379799157 880.425415 0.470786005 273.15 0.104725286 680
0.436509356 0.750000001 0.00905554412 -0.140834332 927.291565 0.415380806 273.15 0.11556527 680
0.438064949 0.750000001 0.0108105062 -0.325943291 969.627319 0.350093424 273.15 0.132731348 680
0.440079925 0.750000001 0.0126485912 -0.515470088 967.261169 0.274332285 273.15 0.154413357 680
0.442680076 0.750000001 0.0145420489 -0.68120575 926.439087 0.187016159 273.15 0.184927672 680
0.446032551 0.750000001 0.0164425497 -0.793842971 848.795776 0.0939016491 273.15 0.234002486 680
0.450358097 0.750000001 0.0182739806 -0.823078513 745.218933 0.0235182885 273.15 0.328782648 680
0.455946082 0.750000001 0.0199685437 -0.765542686 635.984619 0.000957835873 273.15 0.56218642 680
0.463171908 0.750000001 0.0215249645 -0.656191826 552.252075 0 273.15 0.824351549 680
0.472515269 0.750000001 0.0230952321 -0.543868542 511.129822 0 274.844 0 680
0.484575687 0.750000001 0.0248754267 -0.467027694 491.441345 0 274.844 0 680
0.500078391 0.750000001 0.0268736805 -0.422190487 472.129181 0 274.844 0 680
0.519859022 0.750000001 0.0290274825 -0.391284615 449.652527 0 274.844 0 680
0.544810727 0.750000001 0.0312423575 -0.366021454 429.315979 0 274.844 0 680
0.575775107 0.750000001 0.0334010515 -0.344230056 411.955383 0 274.844 0 680
0.613365234 0.750000001 0.0353649013 -0.326364994 395.547241 0 274.844 0 680
0.657732051 0.750000001 0.0369362004 -0.312557995 379.747742 0 274.844 0 680
0.708326951 0.750000001 0.0377919151 -0.299984872 363.625183 0 274.844 0 680
0.763757965 0.750000001 0.0374999959 -0.281788021 345.611389 0 274.844 0 680
0.821847209 0.750000001 0.0357424901 -0.251425922 325.155487 0 274.844 0 680
0.879936452 0.750000001 0.0326126802 -0.20897083 303.261566 0 274.844 0 680
0.935367467 0.750000001 0.0286359936 -0.161991671 282.1138 0 274.844 0 680
0.985962367 0.750000001 0.0244341485 -0.118793502 264.547974 0 274.844 0 680
1.03032918 0.750000001 0.0204118525 -0.0818552002 251.868759 0 274.844 0 680
1.06791931 0.750000001 0.0167357022 -0.0492814183 242.287903 0 274.844 0 680
1.09888369 0.750000001 0.0134678535 -0.0190786198 233.18071 0 274.844 0 680
1.1238354 0.750000001 0.0106489074 0.00904015359 224.238312 0 274.844 0 680
1.14361603 0.750000001 0.00829881936 0.0339354649 216.7267 0 274.844 0 680
1.15911873 0.750000001 0.00640221872 0.0546322465 211.063171 0 274.844 0 680
1.17117915 0.750000001 0.00491013914 0.071215041 206.253799 0 274.844 0 680
1.18052251 0.750000001 0.00376002188 0.0841729268 201.339981 0 274.844 0 680
1.18774834 0.750000001 0.00287456516 0.0942454264 196.983704 0 274.844 0 680
1.19333632 0.750000001 0.00218720017 0.102177046 193.215851 0 274.844 0 680
1.19766187 0.750000001 0.00165120927 0.108552031 189.713364 0 274.844 0 680
1.20101434 0.750000001 0.00123235087 0.11370343 186.553101 0 274.844 0 680
1.20361449 0.750000001 0.000904908033 0.117918953 183.654419 0 274.844 0 680
1.20562947 0.750000001 0.000649370443 0.121349491 180.939285 0 274.844 0 680
1.20718506 0.750000001 0.000450922552 0.124207266 178.306839 0 274.844 0 680
1.20837532 0.750000001 0.000298470891 0.126504108 175.553375 0 274.844 0 680
1.20926991 0.750000001 0.000183655182 0.128417552 173.272568 0 274.844 0 680
1.20991957 0.750000001 0.000100194771 0.129946873 168.634369 0 274.844 0 680
1.21036018 0.750000001 4.35698249e-05 0.130993158 173.549332 0 274.844 0 680
1.21061552 0.750000001 1.07509204e-05 0.132330522 208.825256 0 274.844 0 680

ZONE T="SLICE_Y_1p40_BINS15_KS_1p0mm_CUTDATA"
1.39330511 1.39999998 0 0.124062277 282.473206 0 274.844 0 680
1.39324218 1.39999998 -8.08765014e-06 0.124599576 228.565277 0 274.844 0 680
1.3930501 1.39999998 -3.27764961e-05 0.123505972 202.30983 0 274.844 0 680
1.39271864 1.39999998 -7.53740356e-05 0.122650608 203.208496 0 274.844 0 680
1.39222991 1.39999998 -0.000138159228 0.121030584 206.704575 0 274.844 0 680
1.39155693 1.39999998 -0.00022453223 0.118962854 208.77948 0 274.844 0 680
1.39066153 1.39999998 -0.000339217825 0.116466798 211.722656 0 274.844 0 680
1.3894913 1.39999998 -0.00048850524 0.113434233 214.399597 0 274.844 0 680
1.38797548 1.39999998 -0.000680739816 0.109854795 217.290451 0 274.844 0 680
1.38601945 1.39999998 -0.000927066921 0.105533101 220.341782 0 274.844 0 680
1.38349747 1.39999998 -0.00124216368 0.100379497 223.593628 0 274.844 0 680
1.38024347 1.39999998 -0.00164537631 0.0941636786 227.107437 0 274.844 0 680
1.37603977 1.39999998 -0.0021624639 0.0866512954 230.771683 0 274.844 0 680
1.37060396 1.39999998 -0.00282857098 0.0773514584 234.736572 0 274.844 0 680
1.36357518 1.39999998 -0.0036937756 0.0656679422 239.645187 0 274.844 0 680
1.35450243 1.39999998 -0.00481622997 0.0512303002 244.553345 0 274.844 0 680
1.34284013 1.39999998 -0.00624299548 0.0339832157 249.738144 0 274.844 0 680
1.32795965 1.39999998 -0.00801090826 0.01450196 256.268616 0 274.844 0 680
1.3091891 1.39999998 -0.0101315314 -0.00586288003 263.876892 0 274.844 0 680
1.28589537 1.39999998 -0.0125898527 -0.0259162653 272.615051 0 274.844 0 680
1.25761725 1.39999998 -0.0153553291 -0.0460361578 282.636688 0 274.844 0 680
1.2242412 1.39999998 -0.0183812025 -0.0685471371 293.660522 0 274.844 0 680
1.18617991 1.39999998 -0.0215421461 -0.0955276117 304.802155 0 274.844 0 680
1.14448054 1.39999998 -0.0245337085 -0.125159785 317.643677 0 274.844 0 680
1.10078145 1.39999998 -0.0268881867 -0.150834382 334.785858 0 274.844 0 680
1.05708235 1.39999998 -0.0282103146 -0.165008336 353.234161 0 274.844 0 680
1.01538298 1.39999998 -0.0284299182 -0.167518586 368.724609 0 274.844 0 680
0.977321692 1.39999998 -0.0277861853 -0.164950162 382.627777 0 274.844 0 680
0.943945639 1.39999998 -0.026604136 -0.161844373 398.580841 0 274.844 0 680
0.915667521 1.39999998 -0.0251267806 -0.158682793 417.930237 0.000216381348 274.756 0 680
0.892373788 1.39999998 -0.0235028488 -0.153621897 439.651764 0.00194872776 274.093 0 680
0.873603241 1.39999998 -0.0218366534 -0.145058841 462.187012 0.00728904363 273.15 0.322470129 680
0.858722763 1.39999998 -0.0202164017 -0.134066924 484.743195 0.0171551574 273.15 0.754841208 680
0.847060465 1.39999998 -0.018713165 -0.1259422 508.559845 0.0299573708 273.15 0.752113104 680
0.837987712 1.39999998 -0.0173739689 -0.132021189 538.988464 0.0450910591 273.15 0.396122962 680
0.830958934 1.39999998 -0.0161926956 -0.153628916 586.584778 0.0728561208 273.15 0.268342674 680
0.825523125 1.39999998 -0.015021839 -0.162788421 657.486755 0.12911211 273.15 0.204115584 680
0.821319422 1.39999998 -0.0137470613 -0.126216039 739.901123 0.210722089 273.15 0.173479542 680
0.818065422 1.39999998 -0.0123693213 -0.0355066247 812.194702 0.300095797 273.15 0.158262938 680
0.815543439 1.39999998 -0.0109396218 0.0950701982 861.024902 0.38334316 273.15 0.150374964 680
0.81358741 1.39999998 -0.00951522067 0.240812019 883.565186 0.45454219 273.15 0.144003019 680
0.812071593 1.39999998 -0.00813247502 0.379904956 880.713867 0.513430536 273.15 0.14037472 680
0.810901359 1.39999998 -0.0068122607 0.50117296 862.383667 0.561576068 273.15 0.142508447 680
0.810005956 1.39999998 -0.00555754961 0.599187613 834.434631 0.600597739 273.15 0.152758971 680
0.809332982 1.39999998 -0.00436490291 0.668276906 801.420166 0.631091237 273.15 0.17715618 680
0.808844255 1.39999998 -0.00322562095 0.709634304 772.069824 0.653315544 273.15 0.233606502 680
0.808512795 1.39999998 -0.00213753788 0.723963022 762.240662 0.667639434 273.15 0.273144573 680
0.808320707 1.39999998 -0.00110087385 0.704358459 795.42981 0.673915803 273.15 0.213113844 680
0.808257784 1.39999998 0 0.658371329 853.975769 0.671147048 273.15 0.164156929 680
0.808320707 1.39999998 0.00110087385 0.583250105 918.838318 0.657513022 273.15 0.13694559 680
0.808512795 1.39999998 0.00213753788 0.477831423 974.448364 0.634167433 273.15 0.123723671 680
0.808844255 1.39999998 0.00322562095 0.355058998 1012.49548 0.60395807 273.15 0.120219119 680
0.809332982 1.39999998 0.00436490291 0.210335597 1044.21045 0.566076636 273.15 0.12087635 680
0.810005956 1.39999998 0.00555754961 0.0480506532 1065.495 0.520089686 273.15 0.12552698 680
0.810901359 1.39999998 0.0068122607 -0.127285421 1076.24585 0.466340333 273.15 0.134682551 680
0.812071593 1.39999998 0.00813247502 -0.310000956 1077.95422 0.403054565 273.15 0.147587717 680
0.81358741 1.39999998 0.00951522067 -0.49372077 1060.18579 0.328995705 273.15 0.165929317 680
0.815543439 1.39999998 0.0109396218 -0.653652966 1007.21527 0.243274763 273.15 0.191453472 680
0.818065422 1.39999998 0.0123693213 -0.763220489 915.505188 0.147306412 273.15 0.23134914 680
0.821319422 1.39999998 0.0137470613 -0.794083834 806.008545 0.0576899424 273.15 0.312588513 680
0.825523125 1.39999998 0.015021839 -0.740261436 689.496948 0.00820099562 273.15 0.526310861 680
0.830958934 1.39999998 0.0161926956 -0.635358393 595.716187 0.000114778159 273.15 0.831490219 680
0.837987712 1.39999998 0.0173739689 -0.526725531 543.510864 0 274.844 0 680
0.847060465 1.39999998 0.018713165 -0.44871223 516.009277 0 274.844 0 680
0.858722763 1.39999998 0.0202164017 -0.398389339 494.026154 0 274.844 0 680
0.873603241 1.39999998 0.0218366534 -0.359854162 469.895172 0 274.844 0 680
0.892373788 1.39999998 0.0235028488 -0.325560898 444.710785 0 274.844 0 680
0.915667521 1.39999998 0.0251267806 -0.294032365 419.765625 0 274.844 0 680
0.943945639 1.39999998 0.026604136 -0.267057419 396.833496 0 274.844 0 680
0.977321692 1.39999998 0.0277861853 -0.245915398 376.915924 0 274.844 0 680
1.01538298 1.39999998 0.0284299182 -0.228367433 358.632019 0 274.844 0 680
1.05708235 1.39999998 0.0282103146 -0.208188847 338.51474 0 274.844 0 680
1.10078145 1.39999998 0.0268881867 -0.179078281 315.512604 0 274.844 0 680
1.14448054 1.39999998 0.0245337085 -0.141024426 293.527313 0 274.844 0 680
1.18617991 1.39999998 0.0215421461 -0.101230644 275.52179 0 274.844 0 680
1.2242412 1.39999998 0.0183812025 -0.0667803586 259.806183 0 274.844 0 680
1.25761725 1.39999998 0.0153553291 -0.038945429 245.269241 0 274.844 0 680
1.28589537 1.39999998 0.0125898527 -0.0152153075 232.867447 0 274.844 0 680
1.3091891 1.39999998 0.0101315314 0.00677199755 222.801727 0 274.844 0 680
1.32795965 1.39999998 0.00801090826 0.0275078248 214.746994 0 274.844 0 680
1.34284013 1.39999998 0.00624299548 0.0461701564 208.298447 0 274.844 0 680
1.35450243 1.39999998 0.00481622997 0.0620288998 203.272079 0 274.844 0 680
1.36357518 1.39999998 0.0036937756 0.0749642998 198.832413 0 274.844 0 680
1.37060396 1.39999998 0.00282857098 0.0852228999 194.675446 0 274.844 0 680
1.37603977 1.39999998 0.0021624639 0.0932873189 191.371307 0 274.844 0 680
1.38024347 1.39999998 0.00164537631 0.0997225866 188.338593 0 274.844 0 680
1.38349747 1.39999998 0.00124216368 0.104980834 185.431412 0 274.844 0 680
1.38601945 1.39999998 0.000927066921 0.109299585 182.726654 0 274.844 0 680
1.38797548 1.39999998 0.000680739816 0.112889394 180.126785 0 274.844 0 680
1.3894913 1.39999998 0.00048850524 0.115857549 177.634872 0 274.844 0 680
1.39066153 1.39999998 0.000339217825 0.118352689 175.236908 0 274.844 0 680
1.39066153 1.39999998 0.000339217825 0.118352689 175.236908 0 274.844 0 680
1.39155693 1.39999998 0.00022453223 0.12041714 172.527359 0 274.844 0 680
1.39222991 1.39999998 0.000138159228 0.122113861 170.474869 0 274.844 0 680
1.39271864 1.39999998 7.53740356e-05 0.123501077 167.000595 0 274.844 0 680
1.3930501 1.39999998 3.27764961e-05 0.124177322 166.554443 0 274.844 0 680
1.39324218 1.39999998 8.08765014e-06 0.124979012 198.497833 0 274.844 0 680

ZONE T="SLICE_Y_0p10_BINS07_KS_1p5mm_CUTDATA"
1.02809322 0.100000001 0 0.119465217 286.441528 0 274.844 0 680
1.02798886 0.100000001 -1.34141908e-05 0.120411098 232.930313 0 274.844 0 680
1.02767026 0.100000001 -5.43631542e-05 0.118636601 201.140961 0 274.844 0 680
1.0271205 0.100000001 -0.000125015508 0.117144622 197.393997 0 274.844 0 680
1.0263099 0.100000001 -0.000229151139 0.115395866 201.060028 0 274.844 0 680
1.0251937 0.100000001 -0.000372409553 0.1130642 203.114182 0 274.844 0 680
1.02370858 0.100000001 -0.000562627282 0.110312603 205.508667 0 274.844 0 680
1.02176763 0.100000001 -0.000810235652 0.106908821 208.033752 0 274.844 0 680
1.0192535 0.100000001 -0.00112907626 0.102839455 210.643311 0 274.844 0 680
1.01600922 0.100000001 -0.00153763483 0.0979133546 213.48732 0 274.844 0 680
1.01182626 0.100000001 -0.00206025487 0.0919800177 216.537582 0 274.844 0 680
1.00642917 0.100000001 -0.00272902405 0.0848077238 219.884857 0 274.844 0 680
0.999456898 0.100000001 -0.00358666644 0.0760892406 223.390671 0 274.844 0 680
0.990441055 0.100000001 -0.00469147282 0.0653107464 227.274216 0 274.844 0 680
0.978783112 0.100000001 -0.00612650272 0.0516148098 232.081863 0 274.844 0 680
0.963735028 0.100000001 -0.00798820752 0.0346310325 237.208801 0 274.844 0 680
0.944391919 0.100000001 -0.0103546433 0.0143850986 243.247833 0 274.844 0 680
0.919711133 0.100000001 -0.0132869066 -0.00832629204 250.843933 0 274.844 0 680
0.888578271 0.100000001 -0.0168041758 -0.0317897946 259.434326 0 274.844 0 680
0.849943244 0.100000001 -0.0208815518 -0.0545299612 268.029022 0 274.844 0 680
0.803041107 0.100000001 -0.025468376 -0.0767694488 276.30368 0 274.844 0 680
0.747683526 0.100000001 -0.0304870948 -0.100560531 286.29422 0 274.844 0 680
0.684555011 0.100000001 -0.0357298415 -0.127093643 300.478912 0 274.844 0 680
0.615392356 0.100000001 -0.0406916522 -0.152269229 318.602112 0 274.844 0 680
0.542912962 0.100000001 -0.0445967938 -0.167453155 335.356018 0 274.844 0 680
0.470433568 0.100000001 -0.0467896775 -0.166414082 349.595551 0 274.844 0 680
0.401270913 0.100000001 -0.0471539124 -0.152164802 363.226074 0 274.844 0 680
0.338142397 0.100000001 -0.0460862159 -0.132346123 375.569244 0 274.844 0 680
0.282784817 0.100000001 -0.0441256669 -0.112224221 387.767731 0 274.844 0 680
0.23588268 0.100000001 -0.0416753227 -0.0940572619 401.019409 0 274.844 0 680
0.197247653 0.100000001 -0.0389818665 -0.0770696849 417.164062 0 274.844 0 680
0.16611479 0.100000001 -0.0362183119 -0.0603670254 437.846619 2.15147666e-05 274.836 0 680
0.141434005 0.100000001 -0.0335309596 -0.044212006 460.306915 0.000538698223 274.646 0 680
0.122090895 0.100000001 -0.0310376885 -0.0340886042 481.296539 0.00263971277 273.15 0.710751951 680
0.107042812 0.100000001 -0.0288164955 -0.0420840606 504.2901 0.00662616966 273.15 0.705306232 680
0.0953848682 0.100000001 -0.0268572335 -0.0665764436 543.217224 0.0192412362 273.15 0.358130455 680
0.0863690259 0.100000001 -0.0249152486 -0.0788910165 608.999451 0.0599292032 273.15 0.241886079 680
0.0793967573 0.100000001 -0.0228009001 -0.0476805195 686.799194 0.133791268 273.15 0.190791264 680
0.0739996663 0.100000001 -0.0205157782 0.037679214 749.637268 0.222014159 273.15 0.163397938 680
0.0698167001 0.100000001 -0.0181444761 0.161515668 768.022888 0.306010455 273.15 0.144119591 680
0.066572427 0.100000001 -0.0157819618 0.299044013 749.839844 0.377857089 273.15 0.130679935 680
0.0640582916 0.100000001 -0.0134885374 0.432656497 731.028564 0.437259763 273.15 0.125097156 680
0.0621173395 0.100000001 -0.0112988276 0.550120473 706.21875 0.486007243 273.15 0.125512064 680
0.0606322222 0.100000001 -0.00921776159 0.645976067 667.670532 0.525604963 273.15 0.131853953 680
0.0595160268 0.100000001 -0.00723963566 0.717527926 627.490234 0.556689501 273.15 0.149692282 680
0.0587054223 0.100000001 -0.0053500206 0.764066756 594.722107 0.57945317 273.15 0.192895681 680
0.0581556618 0.100000001 -0.0035453241 0.78516072 575.769531 0.594323933 273.15 0.277299553 680
0.0578370654 0.100000001 -0.00182591131 0.779680371 587.098572 0.60160327 273.15 0.248011932 680
0.0577327006 0.100000001 0 0.749066293 627.008362 0.600261092 273.15 0.167049885 680
0.0578370654 0.100000001 0.00182591131 0.691269159 678.423401 0.588100851 273.15 0.130135521 680
0.0581556618 0.100000001 0.0035453241 0.608006835 732.916077 0.56603533 273.15 0.113637775 680
0.0587054223 0.100000001 0.0053500206 0.506930113 783.221375 0.537150264 273.15 0.109141208 680
0.0595160268 0.100000001 0.00723963566 0.38366136 827.582703 0.500596285 273.15 0.108879998 680
0.0595160268 0.100000001 0.00723963566 0.38366136 827.582703 0.500596285 273.15 0.108879998 680
0.0606322222 0.100000001 0.00921776159 0.241978526 862.367432 0.455782413 273.15 0.112431213 680
0.0621173395 0.100000001 0.0112988276 0.086393781 887.780396 0.403186828 273.15 0.12010242 680
0.0640582916 0.100000001 0.0134885374 -0.081261009 897.099426 0.340409249 273.15 0.131976828 680
0.066572427 0.100000001 0.0157819618 -0.252210617 897.249084 0.26718688 273.15 0.151313856 680
0.0698167001 0.100000001 0.0181444761 -0.404670507 893.614075 0.18273671 273.15 0.184883282 680
0.0739996663 0.100000001 0.0205157782 -0.518034935 847.324951 0.0915902555 273.15 0.240196943 680
0.0793967573 0.100000001 0.0228009001 -0.567239404 753.435303 0.0228964314 273.15 0.344855547 680
0.0863690259 0.100000001 0.0249152486 -0.541477382 645.896484 0.000938651094 273.15 0.613430142 680
0.0953848682 0.100000001 0.0268572335 -0.465458333 561.562805 0 273.15 0.799804688 680
0.107042812 0.100000001 0.0288164955 -0.384112597 519.026245 0 274.844 0 680
0.122090895 0.100000001 0.0310376885 -0.331812769 499.0625 0 274.844 0 680
0.141434005 0.100000001 0.0335309596 -0.306059808 480.332397 0 274.844 0 680
0.16611479 0.100000001 0.0362183119 -0.292099565 458.077454 0 274.844 0 680
0.197247653 0.100000001 0.0389818665 -0.283488601 436.46109 0 274.844 0 680
0.23588268 0.100000001 0.0416753227 -0.277952105 418.445831 0 274.844 0 680
0.282784817 0.100000001 0.0441256669 -0.27589485 402.951447 0 274.844 0 680
0.338142397 0.100000001 0.0460862159 -0.277679235 388.531494 0 274.844 0 680
0.401270913 0.100000001 0.0471539124 -0.280648559 373.809387 0 274.844 0 680
0.470433568 0.100000001 0.0467896775 -0.278309733 357.610016 0 274.844 0 680
0.542912962 0.100000001 0.0445967938 -0.260972559 340.587555 0 274.844 0 680
0.615392356 0.100000001 0.0406916522 -0.228448614 321.306732 0 274.844 0 680
0.684555011 0.100000001 0.0357298415 -0.188921019 301.174744 0 274.844 0 680
0.747683526 0.100000001 0.0304870948 -0.149458483 285.097961 0 274.844 0 680
0.803041107 0.100000001 0.025468376 -0.114353195 273.345215 0 274.844 0 680
0.849943244 0.100000001 0.0208815518 -0.0823360458 263.389923 0 274.844 0 680
0.888578271 0.100000001 0.0168041758 -0.0515332296 253.223251 0 274.844 0 680
0.919711133 0.100000001 0.0132869066 -0.0217286423 243.26123 0 274.844 0 680
0.944391919 0.100000001 0.0103546433 0.0056176479 234.595367 0 274.844 0 680
0.963735028 0.100000001 0.00798820752 0.0290034488 227.65332 0 274.844 0 680
0.978783112 0.100000001 0.00612650272 0.0481651127 221.82576 0 274.844 0 680
0.990441055 0.100000001 0.00469147282 0.0633616447 216.556381 0 274.844 0 680
0.999456898 0.100000001 0.00358666644 0.0752249435 212.301346 0 274.844 0 680
1.00642917 0.100000001 0.00272902405 0.0846454874 208.530701 0 274.844 0 680
1.01182626 0.100000001 0.00206025487 0.0922331214 205.000687 0 274.844 0 680
1.01600922 0.100000001 0.00153763483 0.0983650982 201.805725 0 274.844 0 680
1.0192535 0.100000001 0.00112907626 0.103358485 198.823166 0 274.844 0 680
1.02176763 0.100000001 0.000810235652 0.107400335 196.056488 0 274.844 0 680
1.02370858 0.100000001 0.000562627282 0.110725999 193.426712 0 274.844 0 680
1.0251937 0.100000001 0.000372409553 0.11340411 190.741623 0 274.844 0 680
1.0263099 0.100000001 0.000229151139 0.115591317 188.263031 0 274.844 0 680
1.0271205 0.100000001 0.000125015508 0.117301017 184.312744 0 274.844 0 680
1.02767026 0.100000001 5.43631542e-05 0.118601806 188.324081 0 274.844 0 680
1.02798886 0.100000001 1.34141908e-05 0.120081417 221.285446 0 274.844 0 680

ZONE T="SLICE_Y_0p75_BINS07_KS_1p5mm_CUTDATA"
1.21069917 0.750000001 0 0.12122789 309.159424 0 274.844 0 680
1.21061552 0.750000001 -1.07509204e-05 0.122274049 248.908295 0 274.844 0 680
1.21036018 0.750000001 -4.35698249e-05 0.120580636 208.825974 0 274.844 0 680
1.20991957 0.750000001 -0.000100194771 0.119440451 203.202301 0 274.844 0 680
1.20926991 0.750000001 -0.000183655182 0.117960192 207.263596 0 274.844 0 680
1.20837532 0.750000001 -0.000298470891 0.115997538 208.941162 0 274.844 0 680
1.20718506 0.750000001 -0.000450922552 0.113706313 211.340042 0 274.844 0 680
1.20562947 0.750000001 -0.000649370443 0.110817134 213.793777 0 274.844 0 680
1.20361449 0.750000001 -0.000904908033 0.107398599 216.383514 0 274.844 0 680
1.20101434 0.750000001 -0.00123235087 0.103233047 219.233383 0 274.844 0 680
1.19766187 0.750000001 -0.00165120927 0.0982201174 222.36998 0 274.844 0 680
1.19333632 0.750000001 -0.00218720017 0.092126675 225.858963 0 274.844 0 680
1.18774834 0.750000001 -0.00287456516 0.0846810713 229.530579 0 274.844 0 680
1.18052251 0.750000001 -0.00376002188 0.0753668994 233.686371 0 274.844 0 680
1.17117915 0.750000001 -0.00491013914 0.0635151416 238.357376 0 274.844 0 680
1.15911873 0.750000001 -0.00640221872 0.0486200415 242.905945 0 274.844 0 680
1.14361603 0.750000001 -0.00829881936 0.0304765366 248.319305 0 274.844 0 680
1.1238354 0.750000001 -0.0106489074 0.00953986216 255.537231 0 274.844 0 680
1.09888369 0.750000001 -0.0134678535 -0.0128886094 263.901917 0 274.844 0 680
1.06791931 0.750000001 -0.0167357022 -0.035578046 272.112213 0 274.844 0 680
1.03032918 0.750000001 -0.0204118525 -0.0587309524 280.573608 0 274.844 0 680
0.985962367 0.750000001 -0.0244341485 -0.0843560547 292.217987 0 274.844 0 680
0.935367467 0.750000001 -0.0286359936 -0.114103191 309.152222 0 274.844 0 680
0.879936452 0.750000001 -0.0326126802 -0.144742355 330.003937 0 274.844 0 680
0.821847209 0.750000001 -0.0357424901 -0.168090135 351.752625 0 274.844 0 680
0.763757965 0.750000001 -0.0374999959 -0.175986931 371.002045 0 274.844 0 680
0.708326951 0.750000001 -0.0377919151 -0.169863924 386.814026 0 274.844 0 680
0.657732051 0.750000001 -0.0369362004 -0.157444984 401.129395 0 274.844 0 680
0.613365234 0.750000001 -0.0353649013 -0.143209919 415.255981 0 274.844 0 680
0.575775107 0.750000001 -0.0334010515 -0.129192173 430.066132 0 274.844 0 680
0.544810727 0.750000001 -0.0312423575 -0.115006745 446.395813 0.000136206654 274.792 0 680
0.519859022 0.750000001 -0.0290274825 -0.0998740047 466.640503 0.00134228112 274.357 0 680
0.500078391 0.750000001 -0.0268736805 -0.0845089629 492.286133 0.00499892887 273.234 0.0479471311 680
0.484575687 0.750000001 -0.0248754267 -0.073673144 519.375427 0.0118030803 273.15 0.780615211 680
0.472515269 0.750000001 -0.0230952321 -0.0785112754 548.226074 0.0221453197 273.15 0.678409874 680
0.463171908 0.750000001 -0.0215249645 -0.0985935181 594.549683 0.0437809117 273.15 0.367821366 680
0.455946082 0.750000001 -0.0199685437 -0.105570652 668.646057 0.0951948538 273.15 0.257364392 680
0.450358097 0.750000001 -0.0182739806 -0.0680485442 753.593262 0.175071403 273.15 0.207678661 680
0.446032551 0.750000001 -0.0164425497 0.0226226319 822.696899 0.26421538 273.15 0.180933654 680
0.442680076 0.750000001 -0.0145420489 0.151730821 859.601257 0.347457528 273.15 0.164384887 680
0.440079925 0.750000001 -0.0126485912 0.294470936 868.395813 0.418362886 273.15 0.154363111 680
0.438064949 0.750000001 -0.0108105062 0.430018067 849.871155 0.476953417 273.15 0.149220049 680
0.436509356 0.750000001 -0.00905554412 0.546610653 799.397156 0.524599373 273.15 0.148778453 680
0.435319096 0.750000001 -0.00738765557 0.639937162 747.863586 0.563042819 273.15 0.15942277 680
0.434424512 0.750000001 -0.00580226926 0.705226779 724.762024 0.592886865 273.15 0.193986163 680
0.433774846 0.750000001 -0.00428782075 0.742058277 714.313477 0.614254713 273.15 0.279873461 680
0.433334235 0.750000001 -0.00284143098 0.751205683 711.760132 0.627572536 273.15 0.310153395 680
0.433078893 0.750000001 -0.00146339257 0.727152646 738.142456 0.632903099 273.15 0.214724436 680
0.432995249 0.750000001 0 0.676068842 785.836426 0.62943393 273.15 0.163194329 680
0.433078893 0.750000001 0.00146339257 0.595260978 839.530701 0.614938855 273.15 0.134169266 680
0.433078893 0.750000001 0.00146339257 0.595260978 839.530701 0.614938855 273.15 0.134169266 680
0.433334235 0.750000001 0.00284143098 0.485927492 889.963501 0.590278566 273.15 0.120417148 680
0.433774846 0.750000001 0.00428782075 0.360212177 929.039978 0.558866024 273.15 0.117117293 680
0.434424512 0.750000001 0.00580226926 0.211171851 954.154114 0.519576013 273.15 0.117057003 680
0.435319096 0.750000001 0.00738765557 0.0436222889 974.259155 0.472211838 273.15 0.121386617 680
0.436509356 0.750000001 0.00905554412 -0.133479282 1020.01978 0.416913539 273.15 0.134299636 680
0.438064949 0.750000001 0.0108105062 -0.316603214 1064.17688 0.351111382 273.15 0.1556063 680
0.440079925 0.750000001 0.0126485912 -0.504112303 1063.68225 0.275382638 273.15 0.184287444 680
0.442680076 0.750000001 0.0145420489 -0.667667389 1023.7511 0.18856217 273.15 0.227460712 680
0.446032551 0.750000001 0.0164425497 -0.779805481 945.357117 0.0937971324 273.15 0.305046588 680
0.450358097 0.750000001 0.0182739806 -0.812106252 837.013123 0.0227964167 273.15 0.484879494 680
0.455946082 0.750000001 0.0199685437 -0.758325756 711.533081 0.000779518276 273.15 0.844951212 680
0.463171908 0.750000001 0.0215249645 -0.65319103 610.089355 0 274.844 0 680
0.472515269 0.750000001 0.0230952321 -0.544157445 560.727417 0 274.844 0 680
0.484575687 0.750000001 0.0248754267 -0.467773497 537.416931 0 274.844 0 680
0.500078391 0.750000001 0.0268736805 -0.422133565 514.285339 0 274.844 0 680
0.519859022 0.750000001 0.0290274825 -0.390585154 488.605194 0 274.844 0 680
0.544810727 0.750000001 0.0312423575 -0.365159303 465.988129 0 274.844 0 680
0.575775107 0.750000001 0.0334010515 -0.343426257 446.52713 0 274.844 0 680
0.613365234 0.750000001 0.0353649013 -0.325605512 428.306854 0 274.844 0 680
0.657732051 0.750000001 0.0369362004 -0.311733276 410.929108 0 274.844 0 680
0.708326951 0.750000001 0.0377919151 -0.299001247 393.216797 0 274.844 0 680
0.763757965 0.750000001 0.0374999959 -0.280670166 373.150513 0 274.844 0 680
0.821847209 0.750000001 0.0357424901 -0.250346661 350.098236 0 274.844 0 680
0.879936452 0.750000001 0.0326126802 -0.208159432 325.51358 0 274.844 0 680
0.935367467 0.750000001 0.0286359936 -0.161580384 302.086456 0 274.844 0 680
0.985962367 0.750000001 0.0244341485 -0.118738875 282.843964 0 274.844 0 680
1.03032918 0.750000001 0.0204118525 -0.0820631534 268.991516 0 274.844 0 680
1.06791931 0.750000001 0.0167357022 -0.0498334691 258.483429 0 274.844 0 680
1.09888369 0.750000001 0.0134678535 -0.0202484354 248.505707 0 274.844 0 680
1.1238354 0.750000001 0.0106489074 0.00692058448 238.814941 0 274.844 0 680
1.14361603 0.750000001 0.00829881936 0.0306592919 230.667099 0 274.844 0 680
1.15911873 0.750000001 0.00640221872 0.0502300784 224.431183 0 274.844 0 680
1.17117915 0.750000001 0.00491013914 0.0658111498 219.19252 0 274.844 0 680
1.18052251 0.750000001 0.00376002188 0.0779296979 214.181091 0 274.844 0 680
1.18774834 0.750000001 0.00287456516 0.0873060971 209.859512 0 274.844 0 680
1.19333632 0.750000001 0.00218720017 0.0946476758 206.116455 0 274.844 0 680
1.19766187 0.750000001 0.00165120927 0.100510046 202.650787 0 274.844 0 680
1.20101434 0.750000001 0.00123235087 0.105218031 199.513977 0 274.844 0 680
1.20361449 0.750000001 0.000904908033 0.109047435 196.625961 0 274.844 0 680
1.20562947 0.750000001 0.000649370443 0.112141386 193.943832 0 274.844 0 680
1.20718506 0.750000001 0.000450922552 0.114701815 191.372681 0 274.844 0 680
1.20837532 0.750000001 0.000298470891 0.116740309 188.706589 0 274.844 0 680
1.20926991 0.750000001 0.000183655182 0.118421763 186.577087 0 274.844 0 680
1.20991957 0.750000001 0.000100194771 0.119751818 182.245819 0 274.844 0 680
1.21036018 0.750000001 4.35698249e-05 0.120639913 188.0103 0 274.844 0 680
1.21061552 0.750000001 1.07509204e-05 0.121850237 230.050247 0 274.844 0 680

ZONE T="SLICE_Y_1p40_BINS07_KS_1p5mm_CUTDATA"
1.39330511 1.39999998 0 0.114639454 324.806732 0 274.844 0 680
1.39324218 1.39999998 -8.08765014e-06 0.115020871 252.635513 0 274.844 0 680
1.3930501 1.39999998 -3.27764961e-05 0.11399924 219.024277 0 274.844 0 680
1.39271864 1.39999998 -7.53740356e-05 0.113284908 219.324066 0 274.844 0 680
1.39222991 1.39999998 -0.000138159228 0.111877851 222.670074 0 274.844 0 680
1.39155693 1.39999998 -0.00022453223 0.110055692 224.664383 0 274.844 0 680
1.39066153 1.39999998 -0.000339217825 0.107836537 227.542236 0 274.844 0 680
1.3894913 1.39999998 -0.00048850524 0.105119847 230.198212 0 274.844 0 680
1.38797548 1.39999998 -0.000680739816 0.101890542 233.101929 0 274.844 0 680
1.38601945 1.39999998 -0.000927066921 0.097965017 236.185349 0 274.844 0 680
1.38349747 1.39999998 -0.00124216368 0.0932550132 239.487671 0 274.844 0 680
1.38024347 1.39999998 -0.00164537631 0.0875362754 243.07283 0 274.844 0 680
1.37603977 1.39999998 -0.0021624639 0.0805752873 246.807312 0 274.844 0 680
1.37060396 1.39999998 -0.00282857098 0.0718979314 250.916397 0 274.844 0 680
1.36357518 1.39999998 -0.0036937756 0.0609440282 256.031891 0 274.844 0 680
1.35450243 1.39999998 -0.00481622997 0.0473328233 261.468597 0 274.844 0 680
1.34284013 1.39999998 -0.00624299548 0.0309796631 267.526672 0 274.844 0 680
1.32795965 1.39999998 -0.00801090826 0.0123515492 275.025574 0 274.844 0 680
1.3091891 1.39999998 -0.0101315314 -0.00736822002 283.6315 0 274.844 0 680
1.28589537 1.39999998 -0.0125898527 -0.0270694979 293.390747 0 274.844 0 680
1.25761725 1.39999998 -0.0153553291 -0.0470423661 304.58783 0 274.844 0 680
1.2242412 1.39999998 -0.0183812025 -0.0693996251 316.787628 0 274.844 0 680
1.18617991 1.39999998 -0.0215421461 -0.0961129367 329.023163 0 274.844 0 680
1.14448054 1.39999998 -0.0245337085 -0.12542665 343.200897 0 274.844 0 680
1.10078145 1.39999998 -0.0268881867 -0.150874436 362.179047 0 274.844 0 680
1.05708235 1.39999998 -0.0282103146 -0.165045112 382.750702 0 274.844 0 680
1.01538298 1.39999998 -0.0284299182 -0.167706713 400.258759 0 274.844 0 680
0.977321692 1.39999998 -0.0277861853 -0.165283948 416.085175 0 274.844 0 680
0.943945639 1.39999998 -0.026604136 -0.162261918 434.139526 0 274.844 0 680
0.915667521 1.39999998 -0.0251267806 -0.159116641 455.95163 0.000193314903 274.772 0 680
0.892373788 1.39999998 -0.0235028488 -0.154046625 480.485046 0.00180571945 274.207 0 680
0.873603241 1.39999998 -0.0218366534 -0.14552325 506.011536 0.0071762898 273.15 0.258951575 680
0.858722763 1.39999998 -0.0202164017 -0.134749308 531.635803 0.0167665407 273.15 0.605787933 680
0.847060465 1.39999998 -0.018713165 -0.126957536 558.690491 0.0296108481 273.15 0.828546762 680
0.837987712 1.39999998 -0.0173739689 -0.132940829 593.324951 0.0447115153 273.15 0.596824348 680
0.830958934 1.39999998 -0.0161926956 -0.153569341 648.017212 0.0731480494 273.15 0.359176993 680
0.825523125 1.39999998 -0.015021839 -0.161008492 729.834473 0.129765898 273.15 0.258828908 680
0.821319422 1.39999998 -0.0137470613 -0.123097144 823.239685 0.211373597 273.15 0.212828055 680
0.818065422 1.39999998 -0.0123693213 -0.0323296078 904.022949 0.301227838 273.15 0.189746171 680
0.815543439 1.39999998 -0.0109396218 0.0974737704 958.596985 0.384635478 273.15 0.17737402 680
0.81358741 1.39999998 -0.00951522067 0.242178559 983.46521 0.455680817 273.15 0.168083653 680
0.812071593 1.39999998 -0.00813247502 0.380444527 983.513 0.514551699 273.15 0.16273509 680
0.810901359 1.39999998 -0.0068122607 0.501123309 965.729797 0.562713683 273.15 0.164118037 680
0.810005956 1.39999998 -0.00555754961 0.598787129 934.75061 0.601686418 273.15 0.174394026 680
0.809332982 1.39999998 -0.00436490291 0.667711377 898.523132 0.632189631 273.15 0.200251177 680
0.808844255 1.39999998 -0.00322562095 0.709044218 864.221375 0.654414296 273.15 0.259804219 680
0.808512795 1.39999998 -0.00213753788 0.72356981 851.934021 0.668742537 273.15 0.302188128 680
0.808320707 1.39999998 -0.00110087385 0.704380751 890.316895 0.675027311 273.15 0.239811108 680
0.808257784 1.39999998 0 0.65897578 955.438721 0.672253966 273.15 0.186668262 680
0.808320707 1.39999998 0.00110087385 0.58462137 1025.39417 0.658640206 273.15 0.156839862 680
0.808512795 1.39999998 0.00213753788 0.480134219 1083.16882 0.635313451 273.15 0.142316431 680
0.808844255 1.39999998 0.00322562095 0.358380675 1121.30481 0.605132103 273.15 0.138734922 680
0.809332982 1.39999998 0.00436490291 0.214841262 1154.17224 0.567322075 273.15 0.140183195 680
0.810005956 1.39999998 0.00555754961 0.0539497584 1176.26257 0.521342754 273.15 0.146518514 680
0.810901359 1.39999998 0.0068122607 -0.119913608 1186.87903 0.467710704 273.15 0.158476233 680
0.812071593 1.39999998 0.00813247502 -0.300935924 1187.91785 0.40451473 273.15 0.175641939 680
0.81358741 1.39999998 0.00951522067 -0.482777774 1168.27319 0.330055118 273.15 0.200997591 680
0.815543439 1.39999998 0.0109396218 -0.640588045 1110.80334 0.243682638 273.15 0.238697484 680
0.818065422 1.39999998 0.0123693213 -0.749583483 1013.24084 0.147382841 273.15 0.304297984 680
0.821319422 1.39999998 0.0137470613 -0.782973409 894.619812 0.0572552904 273.15 0.460266918 680
0.825523125 1.39999998 0.015021839 -0.732287288 763.739441 0.00799111091 273.15 0.848465204 680
0.830958934 1.39999998 0.0161926956 -0.63165009 655.038513 7.34592686e-05 274.825 0 680
0.837987712 1.39999998 0.0173739689 -0.526693165 594.118408 0 274.844 0 680
0.847060465 1.39999998 0.018713165 -0.449482858 562.493164 0 274.844 0 680
0.858722763 1.39999998 0.0202164017 -0.398624569 537.704041 0 274.844 0 680
0.873603241 1.39999998 0.0218366534 -0.359597117 511.218445 0 274.844 0 680
0.892373788 1.39999998 0.0235028488 -0.325165689 483.429779 0 274.844 0 680
0.915667521 1.39999998 0.0251267806 -0.293663502 455.716949 0 274.844 0 680
0.943945639 1.39999998 0.026604136 -0.266697377 430.173431 0 274.844 0 680
0.977321692 1.39999998 0.0277861853 -0.245435447 407.957825 0 274.844 0 680
1.01538298 1.39999998 0.0284299182 -0.227658704 387.490997 0 274.844 0 680
1.05708235 1.39999998 0.0282103146 -0.207299232 364.983643 0 274.844 0 680
1.10078145 1.39999998 0.0268881867 -0.178216726 339.407135 0 274.844 0 680
1.14448054 1.39999998 0.0245337085 -0.140471622 314.995331 0 274.844 0 680
1.18617991 1.39999998 0.0215421461 -0.101150036 294.940765 0 274.844 0 680
1.2242412 1.39999998 0.0183812025 -0.0670967028 277.582733 0 274.844 0 680
1.25761725 1.39999998 0.0153553291 -0.0395208336 261.663574 0 274.844 0 680
1.28589537 1.39999998 0.0125898527 -0.0160763524 248.059372 0 274.844 0 680
1.3091891 1.39999998 0.0101315314 0.0053856466 237.018768 0 274.844 0 680
1.32795965 1.39999998 0.00801090826 0.0253028721 228.262833 0 274.844 0 680
1.34284013 1.39999998 0.00624299548 0.0429821014 221.315262 0 274.844 0 680
1.35450243 1.39999998 0.00481622997 0.0578653663 215.823547 0 274.844 0 680
1.36357518 1.39999998 0.0036937756 0.0699275583 211.13063 0 274.844 0 680
1.37060396 1.39999998 0.00282857098 0.0794403926 206.931641 0 274.844 0 680
1.37603977 1.39999998 0.0021624639 0.0868852064 203.607925 0 274.844 0 680
1.38024347 1.39999998 0.00164537631 0.0927911028 200.606918 0 274.844 0 680
1.38349747 1.39999998 0.00124216368 0.0975829884 197.745407 0 274.844 0 680
1.38601945 1.39999998 0.000927066921 0.101489224 195.081772 0 274.844 0 680
1.38797548 1.39999998 0.000680739816 0.104712762 192.514786 0 274.844 0 680
1.3894913 1.39999998 0.00048850524 0.107360885 190.065399 0 274.844 0 680
1.39066153 1.39999998 0.000339217825 0.109570503 187.725723 0 274.844 0 680
1.39066153 1.39999998 0.000339217825 0.109570503 187.725723 0 274.844 0 680
1.39155693 1.39999998 0.00022453223 0.111381665 185.128342 0 274.844 0 680
1.39222991 1.39999998 0.000138159228 0.112859786 183.164307 0 274.844 0 680
1.39271864 1.39999998 7.53740356e-05 0.114056647 179.894989 0 274.844 0 680
1.3930501 1.39999998 3.27764961e-05 0.114640243 179.869949 0 274.844 0 680
1.39324218 1.39999998 8.08765014e-06 0.115398526 218.620544 0 274.844 0 680

