VARIABLES = "X" "Y" "Z" "Cp" "HTC" "Beta" "Ts" "FF" "RhoIce"

ZONE T="SLICE_Y_0p10_BINS07_KS_0p5mm_CUTDATA"
1.02809322 0.100000001 0 0.144523516 774.154663 0 274.844 0 680
1.02808673 0.100000001 -8.34969327e-07 0.145500779 366.68454 0 274.844 0 680
1.02806722 0.100000001 -3.34260658e-06 0.145595983 199.143265 0 274.844 0 680
1.02803463 0.100000001 -7.53111159e-06 0.146126971 173.423782 0 274.844 0 680
1.02798886 0.100000001 -1.34141908e-05 0.146214068 165.627426 0 274.844 0 680
1.02792975 0.100000001 -2.10111173e-05 0.146090612 162.575455 0 274.844 0 680
1.02785712 0.100000001 -3.03468154e-05 0.145902529 161.884415 0 274.844 0 680
1.02777072 0.100000001 -4.14519688e-05 0.145549864 161.74263 0 274.844 0 680
1.02767026 0.100000001 -5.43631542e-05 0.145186469 162.202744 0 274.844 0 680
1.02755542 0.100000001 -6.91229984e-05 0.144737184 162.807739 0 274.844 0 680
1.02742581 0.100000001 -8.5780361e-05 0.144275203 163.563248 0 274.844 0 680
1.027281 0.100000001 -0.000104390541 0.143754363 164.307114 0 274.844 0 680
1.0271205 0.100000001 -0.000125015508 0.143219724 165.056259 0 274.844 0 680
1.02694377 0.100000001 -0.00014772416 0.142642856 165.774155 0 274.844 0 680
1.02675021 0.100000001 -0.0001725926 0.142046079 166.471832 0 274.844 0 680
1.02653916 0.100000001 -0.000199704443 0.141414285 167.145615 0 274.844 0 680
1.0263099 0.100000001 -0.000229151139 0.140757605 167.803253 0 274.844 0 680
1.02606162 0.100000001 -0.000261032318 0.140067995 168.443268 0 274.844 0 680
1.02579347 0.100000001 -0.000295456158 0.139349669 169.071884 0 274.844 0 680
1.0255045 0.100000001 -0.000332539763 0.138597906 169.691925 0 274.844 0 680
1.0251937 0.100000001 -0.000372409553 0.13781406 170.304977 0 274.844 0 680
1.02485995 0.100000001 -0.000415201666 0.136995032 170.914612 0 274.844 0 680
1.02450207 0.100000001 -0.000461062349 0.136141211 171.524597 0 274.844 0 680
1.02411874 0.100000001 -0.00051014835 0.135250136 172.136902 0 274.844 0 680
1.02370858 0.100000001 -0.000562627283 0.134321481 172.749908 0 274.844 0 680
1.02327008 0.100000001 -0.000618677956 0.133353055 173.363831 0 274.844 0 680
1.02280161 0.100000001 -0.000678490655 0.132344142 173.982086 0 274.844 0 680
1.02230142 0.100000001 -0.000742268836 0.131292701 174.604691 0 274.844 0 680
1.02176763 0.100000001 -0.000810235652 0.130197078 175.231888 0 274.844 0 680
1.02119821 0.100000001 -0.000882632071 0.129054874 175.865112 0 274.844 0 680
1.02059097 0.100000001 -0.000959716441 0.127864107 176.50592 0 274.844 0 680
1.01994357 0.100000001 -0.00104176563 0.1266222 177.153061 0 274.844 0 680
1.0192535 0.100000001 -0.00112907626 0.125326857 177.806732 0 274.844 0 680
1.01851804 0.100000001 -0.00122196604 0.123975329 178.469513 0 274.844 0 680
1.01773429 0.100000001 -0.00132077521 0.122564949 179.141815 0 274.844 0 680
1.01689913 0.100000001 -0.0014258681 0.121092737 179.824661 0 274.844 0 680
1.01600922 0.100000001 -0.00153763483 0.119555764 180.519592 0 274.844 0 680
1.01506097 0.100000001 -0.00165649317 0.117950812 181.227188 0 274.844 0 680
1.01405052 0.100000001 -0.0017828906 0.116274565 181.948486 0 274.844 0 680
1.01297376 0.100000001 -0.00191730653 0.11452356 182.684341 0 274.844 0 680
1.01182626 0.100000001 -0.00206025487 0.11269404 183.434952 0 274.844 0 680
1.01060329 0.100000001 -0.00221228677 0.110782057 184.199677 0 274.844 0 680
1.00929979 0.100000001 -0.00237399384 0.108783476 184.978317 0 274.844 0 680
1.00791035 0.100000001 -0.00254601168 0.106693529 185.771927 0 274.844 0 680
1.00642917 0.100000001 -0.00272902406 0.104507491 186.581177 0 274.844 0 680
1.00485006 0.100000001 -0.00292376758 0.102219991 187.406265 0 274.844 0 680
1.00316642 0.100000001 -0.00313103723 0.0998253748 188.247437 0 274.844 0 680
1.0013712 0.100000001 -0.00335169279 0.0973170102 189.105331 0 274.844 0 680
0.999456897 0.100000001 -0.00358666644 0.0946877971 189.980667 0 274.844 0 680
0.997415507 0.100000001 -0.0038369717 0.091928944 190.873917 0 274.844 0 680
0.995238522 0.100000001 -0.00410371417 0.0890307426 191.785294 0 274.844 0 680
0.992916902 0.100000001 -0.00438810431 0.0859807804 192.71228 0 274.844 0 680
0.990441055 0.100000001 -0.00469147282 0.0827641636 193.6539 0 274.844 0 680
0.987800814 0.100000001 -0.00501528913 0.0793608278 194.616028 0 274.844 0 680
0.984985421 0.100000001 -0.00536118375 0.0757451653 195.602875 0 274.844 0 680
0.981983514 0.100000001 -0.00573097521 0.0718802214 196.662811 0 274.844 0 680
0.978783111 0.100000001 -0.00612650272 0.0677455515 197.848038 0 274.844 0 680
0.975371607 0.100000001 -0.00654900337 0.0633520856 199.155762 0 274.844 0 680
0.971735767 0.100000001 -0.00699940625 0.0587258264 200.547089 0 274.844 0 680
0.967861732 0.100000001 -0.00747867674 0.0538799986 202.005829 0 274.844 0 680
0.963735028 0.100000001 -0.00798820752 0.0488101691 203.55336 0 274.844 0 680
0.959340588 0.100000001 -0.00852942146 0.0435133688 205.057419 0 274.844 0 680
0.954662776 0.100000001 -0.00910358851 0.0379908718 206.391113 0 274.844 0 680
0.949685431 0.100000001 -0.00971172817 0.0322531611 207.522507 0 274.844 0 680
0.944391919 0.100000001 -0.0103546433 0.02631565 208.549561 0 274.844 0 680
0.938765198 0.100000001 -0.0110330913 0.0202012397 209.510971 0 274.844 0 680
0.932787903 0.100000001 -0.0117477146 0.0139242401 210.365326 0 274.844 0 680
0.926442445 0.100000001 -0.0124988995 0.00749602634 211.588776 0 274.844 0 680
0.919711133 0.100000001 -0.0132869066 0.00094347971 214.077621 0 274.844 0 680
0.912576309 0.100000001 -0.0141117265 -0.00564849842 217.27565 0 274.844 0 680
0.905020513 0.100000001 -0.0149730975 -0.0122024277 219.674179 0 274.844 0 680
0.897026665 0.100000001 -0.015870755 -0.0187154915 221.440491 0 274.844 0 680
0.88857827 0.100000001 -0.0168041758 -0.025172852 223.232605 0 274.844 0 680
0.879659649 0.100000001 -0.0177726863 -0.0315416306 225.048935 0 274.844 0 680
0.870256186 0.100000001 -0.0187756365 -0.0378041118 226.89212 0 274.844 0 680
0.860354602 0.100000001 -0.0198122088 -0.0439429469 228.745178 0 274.844 0 680
0.849943243 0.100000001 -0.0208815518 -0.0499496832 230.569244 0 274.844 0 680
0.839012385 0.100000001 -0.0219827501 -0.0558312498 232.360916 0 274.844 0 680
0.827554543 0.100000001 -0.0231149096 -0.0616121106 234.137634 0 274.844 0 680
0.815564798 0.100000001 -0.0242771602 -0.0673316792 235.906967 0 274.844 0 680
0.803041106 0.100000001 -0.025468376 -0.0730374008 237.687012 0 274.844 0 680
0.789984616 0.100000001 -0.0266871795 -0.0787815228 239.50325 0 274.844 0 680
0.77639995 0.100000001 -0.0279316616 -0.0846163556 241.383987 0 274.844 0 680
0.762295475 0.100000001 -0.0291993863 -0.0905944481 243.368973 0 274.844 0 680
0.747683526 0.100000001 -0.0304870948 -0.0967551768 245.466858 0 274.844 0 680
0.732580587 0.100000001 -0.0317904036 -0.103120863 247.640472 0 274.844 0 680
0.717007413 0.100000001 -0.0331036165 -0.109700099 249.83046 0 274.844 0 680
0.700989088 0.100000001 -0.0344196238 -0.116479635 251.998138 0 274.844 0 680
0.684555011 0.100000001 -0.0357298415 -0.123425134 254.235321 0 274.844 0 680
0.667738796 0.100000001 -0.037024161 -0.130463913 256.751892 0 274.844 0 680
0.650578095 0.100000001 -0.0382910279 -0.13747336 259.663574 0 274.844 0 680
0.633114333 0.100000001 -0.0395179091 -0.144300818 262.954803 0 274.844 0 680
0.615392355 0.100000001 -0.0406916523 -0.150774226 266.53125 0 274.844 0 680
0.59746 0.100000001 -0.0417988628 -0.156706855 270.258392 0 274.844 0 680
0.579367595 0.100000001 -0.0428264223 -0.161905363 274.035889 0 274.844 0 680
0.561167393 0.100000001 -0.0437624597 -0.166222632 277.786407 0 274.844 0 680
0.542912961 0.100000001 -0.0445967938 -0.16951476 281.443115 0 274.844 0 680
0.52465853 0.100000001 -0.0453211967 -0.171686679 284.964447 0 274.844 0 680
0.506458328 0.100000001 -0.0459298179 -0.172648892 288.306244 0 274.844 0 680
0.488365923 0.100000001 -0.0464193978 -0.172378406 291.430389 0 274.844 0 680
0.470433568 0.100000001 -0.0467896775 -0.170997828 294.342651 0 274.844 0 680
0.45271159 0.100000001 -0.0470432255 -0.168583587 297.072388 0 274.844 0 680
0.435247828 0.100000001 -0.04718403 -0.165211901 299.61264 0 274.844 0 680
0.418087127 0.100000001 -0.0472182845 -0.161039218 301.967682 0 274.844 0 680
0.401270912 0.100000001 -0.0471539124 -0.156256884 304.185883 0 274.844 0 680
0.384836835 0.100000001 -0.0469995367 -0.151038438 306.315582 0 274.844 0 680
0.36881851 0.100000001 -0.04676412 -0.145538941 308.403931 0 274.844 0 680
0.353245336 0.100000001 -0.0464567158 -0.139908314 310.498657 0 274.844 0 680
0.338142397 0.100000001 -0.0460862159 -0.134278178 312.651215 0 274.844 0 680
0.323530448 0.100000001 -0.04566082 -0.128749549 314.903229 0 274.844 0 680
0.309425973 0.100000001 -0.0451879625 -0.123389907 317.305206 0 274.844 0 680
0.295841307 0.100000001 -0.0446742429 -0.118251055 319.912201 0 274.844 0 680
0.282784817 0.100000001 -0.0441256669 -0.113353364 322.748596 0 274.844 0 680
0.270261125 0.100000001 -0.043547254 -0.108697928 325.810822 0 274.844 0 680
0.25827138 0.100000001 -0.0429436092 -0.104269013 329.119476 0 274.844 0 680
0.246813538 0.100000001 -0.0423184473 -0.100027315 332.683746 0 274.844 0 680
0.23588268 0.100000001 -0.0416753227 -0.0959396064 336.453339 0 274.844 0 680
0.225471321 0.100000001 -0.041017284 -0.0919567198 340.349426 0 274.844 0 680
0.215569737 0.100000001 -0.0403472192 -0.0880551711 344.311615 0 274.844 0 680
0.206166274 0.100000001 -0.039667971 -0.0842043385 348.311768 0 274.844 0 680
0.197247653 0.100000001 -0.0389818665 -0.0803582296 352.329376 0 274.844 0 680
0.188799258 0.100000001 -0.0382914381 -0.0765079707 356.327789 0 274.844 0 680
0.180805409 0.100000001 -0.0375991931 -0.0726455897 360.27005 0 274.844 0 680
0.173249614 0.100000001 -0.0369073692 -0.0687684864 364.175323 0 274.844 0 680
0.16611479 0.100000001 -0.0362183119 -0.0648983568 368.084808 0 274.844 0 680
0.159383478 0.100000001 -0.0355342085 -0.0610483475 371.98999 0 274.844 0 680
0.15303802 0.100000001 -0.0348569996 -0.0572390221 375.85788 7.42062621e-05 274.81 0 680
0.147060725 0.100000001 -0.034188632 -0.0535112619 379.653259 0.000225492171 274.743 0 680
0.141434004 0.100000001 -0.0335309596 -0.0499203764 383.32843 0.000377792778 274.597 0.0395465754 680
0.136140492 0.100000001 -0.0328856984 -0.0465210564 386.767853 0.000529663637 273.15 0.813224316 680
0.131163147 0.100000001 -0.0322544005 -0.0433711 389.181549 0.000680531259 273.15 0.556222141 680
0.126485335 0.100000001 -0.0316381332 -0.0408050939 389.806396 0.00109875109 273.15 0.324556589 680
0.122090895 0.100000001 -0.0310376885 -0.0390665978 390.940033 0.0017410022 273.15 0.225679383 680
0.117964191 0.100000001 -0.0304539194 -0.0380160436 395.864502 0.00236478727 273.15 0.17212911 680
0.114090156 0.100000001 -0.0298883247 -0.0378085524 402.623016 0.00295006717 273.15 0.138429478 680
0.110454316 0.100000001 -0.0293423559 -0.0391394831 407.674347 0.00349970465 273.15 0.114537992 680
0.107042811 0.100000001 -0.0288164955 -0.0425737537 411.845367 0.00408334984 273.15 0.0968180746 680
0.103842409 0.100000001 -0.0283081861 -0.0479666814 416.929962 0.00478055375 273.15 0.0834639221 680
0.100840502 0.100000001 -0.0278147348 -0.0552479811 422.920563 0.00655476889 273.15 0.0731219053 680
0.0980251091 0.100000001 -0.0273332915 -0.0642477423 429.566254 0.00928515848 273.15 0.064923279 680
0.0953848678 0.100000001 -0.0268572335 -0.0741382688 438.124664 0.0129218306 273.15 0.0584697463 680
0.0929090208 0.100000001 -0.0263811552 -0.0839534551 450.593384 0.0173890218 273.15 0.0535297953 680
0.0905874014 0.100000001 -0.025901342 -0.0930372924 465.497955 0.0249331854 273.15 0.0496415608 680
0.0884104164 0.100000001 -0.0254135514 -0.100454219 481.289948 0.0360098444 273.15 0.0464819744 680
0.0863690256 0.100000001 -0.0249152486 -0.105213203 497.00415 0.0483341813 273.15 0.0437834635 680
0.0844547209 0.100000001 -0.0244053431 -0.106815539 513.029663 0.0633696094 273.15 0.0415286161 680
0.0826595044 0.100000001 -0.0238827801 -0.10401018 532.76239 0.0825695768 273.15 0.0399370603 680
0.0809758653 0.100000001 -0.0233476727 -0.0965927765 551.925049 0.102634072 273.15 0.0385652371 680
0.0793967569 0.100000001 -0.0228009001 -0.0852919593 565.494446 0.123241819 273.15 0.0370666198 680
0.077915574 0.100000001 -0.0222429891 -0.0698197931 575.304382 0.146024823 273.15 0.0356265008 680
0.0765261295 0.100000001 -0.0216751515 -0.050402429 583.325684 0.16959621 273.15 0.0343522243 680
0.0752226324 0.100000001 -0.0210990283 -0.0273258146 590.149048 0.192974523 273.15 0.033239089 680
0.073999666 0.100000001 -0.0205157782 -0.000660114165 595.492981 0.216056779 273.15 0.0322556905 680
0.0728521664 0.100000001 -0.019926955 0.0289634075 599.071045 0.238463715 273.15 0.0313607976 680
0.0717754021 0.100000001 -0.0193344138 0.060995739 601.093811 0.260086745 273.15 0.0305470023 680
0.0707649547 0.100000001 -0.0187396819 0.0949048176 601.676819 0.281494409 273.15 0.0298210103 680
0.0698166998 0.100000001 -0.0181444761 0.129873142 601.061523 0.301949531 273.15 0.0291750245 680
0.0689267889 0.100000001 -0.0175504602 0.165506676 599.769958 0.321592867 273.15 0.0286282953 680
0.0680916328 0.100000001 -0.0169581763 0.201780587 597.768433 0.340616971 273.15 0.0281787515 680
0.067307885 0.100000001 -0.0163683259 0.238326311 594.826965 0.358802915 273.15 0.0278034378 680
0.0665724266 0.100000001 -0.0157819618 0.274808168 591.114319 0.37608403 273.15 0.0274852868 680
0.0658823521 0.100000001 -0.0151998872 0.31092906 586.660034 0.392439902 273.15 0.0272232983 680
0.0652349552 0.100000001 -0.014623111 0.346181452 581.63855 0.407796264 273.15 0.027026426 680
0.0646277164 0.100000001 -0.0140526652 0.380393177 576.545105 0.42238757 273.15 0.026921846 680
0.0640582912 0.100000001 -0.0134885374 0.413657278 571.320923 0.436388463 273.15 0.0269157402 680
0.0635244984 0.100000001 -0.0129309244 0.445758611 565.825195 0.449687362 273.15 0.0269964729 680
0.0630243098 0.100000001 -0.0123802663 0.476666242 560.343445 0.462390214 273.15 0.0271855798 680
0.0625558404 0.100000001 -0.0118362077 0.506441891 554.761658 0.474563599 273.15 0.0274893586 680
0.0621173391 0.100000001 -0.0112988276 0.534893095 549.007385 0.486074358 273.15 0.0279021561 680
0.0617071804 0.100000001 -0.0107684304 0.561994314 543.349365 0.497006536 273.15 0.0284532066 680
0.0613238561 0.100000001 -0.0102446362 0.587729156 537.691528 0.507375121 273.15 0.0291547813 680
0.0609659682 0.100000001 -0.00972770752 0.611930609 532.126404 0.517103791 273.15 0.0300210491 680
0.0606322218 0.100000001 -0.00921776159 0.634644449 526.873535 0.526320934 273.15 0.0311057698 680
0.0603214191 0.100000001 -0.00871425877 0.655807674 521.841309 0.535004258 273.15 0.0324395597 680
0.0600324532 0.100000001 -0.00821752876 0.675389409 517.299255 0.543215156 273.15 0.0341050215 680
0.0597643025 0.100000001 -0.00772644281 0.693539202 513.236572 0.551124215 273.15 0.0362329595 680
0.0595160264 0.100000001 -0.00723963566 0.710202754 509.163086 0.558528185 273.15 0.038878791 680
0.05928676 0.100000001 -0.00675753353 0.725232542 505.087128 0.565181494 273.15 0.0421104319 680
0.0590757099 0.100000001 -0.00628149485 0.738467634 501.450897 0.571026027 273.15 0.0460869037 680
0.0588821509 0.100000001 -0.0058136806 0.749919951 499.197266 0.576478422 273.15 0.0514092855 680
0.0587054219 0.100000001 -0.0053500206 0.759912133 497.658783 0.581965089 273.15 0.0591064319 680
0.0585449229 0.100000001 -0.0048843606 0.768201768 495.265198 0.586972356 273.15 0.0699644983 680
0.0584001118 0.100000001 -0.00442090115 0.774647832 491.974945 0.590698183 273.15 0.0846907124 680
0.0582705024 0.100000001 -0.00397493136 0.779107213 490.732483 0.593271673 273.15 0.107584514 680
0.0581556614 0.100000001 -0.0035453241 0.781974435 491.179291 0.595623136 273.15 0.157024056 680
0.0580552066 0.100000001 -0.00308451856 0.783352911 488.173218 0.597624838 273.15 0.22773841 680
0.0579688048 0.100000001 -0.00259491044 0.782560527 486.470764 0.600245059 273.15 0.183269456 680
0.0578961707 0.100000001 -0.00218602649 0.780342162 493.124084 0.606033683 273.15 0.11138054 680
0.0578370651 0.100000001 -0.00182591131 0.775725365 498.433319 0.613292277 273.15 0.0949091092 680
0.0577912936 0.100000001 -0.00125051032 0.769092381 497.978912 0.617340446 273.15 0.0881113186 680
0.0577587064 0.100000001 -0.000596883407 0.760296404 504.698822 0.616261482 273.15 0.0653165877 680
0.0577391965 0.100000001 -0.000151503969 0.750932097 520.866333 0.612338364 273.15 0.0343046263 680
0.0577327003 0.100000001 0 0.741314709 531.169678 0.604918122 273.15 0.0172359813 680
0.0577327003 0.100000001 0 0.741314709 531.169678 0.604918122 273.15 0.0172359813 680
0.0577391965 0.100000001 0.000151503969 0.734445274 512.849548 0.597633421 273.15 0.0296280645 680
0.0577587064 0.100000001 0.000596883407 0.723137856 520.103394 0.594151437 273.15 0.0465483293 680
0.0577912936 0.100000001 0.00125051032 0.705147982 542.299988 0.591201663 273.15 0.0469310544 680
0.0578370651 0.100000001 0.00182591131 0.681227267 555.974243 0.583469093 273.15 0.0340082012 680
0.0578961707 0.100000001 0.00218602649 0.658692479 542.702271 0.576229334 273.15 0.0260485914 680
0.0579688048 0.100000001 0.00259491044 0.643884599 550.416199 0.575818896 273.15 0.028530024 680
0.0580552066 0.100000001 0.00308451856 0.620648146 571.385315 0.572628677 273.15 0.0290324632 680
0.0581556614 0.100000001 0.0035453241 0.592848241 578.671753 0.563676059 273.15 0.0261249039 680
0.0582705024 0.100000001 0.00397493136 0.568699718 577.850342 0.555995643 273.15 0.0244757943 680
0.0584001118 0.100000001 0.00442090115 0.544943392 585.877197 0.551129758 273.15 0.0244775359 680
0.0585449229 0.100000001 0.0048843606 0.516753554 597.979248 0.544849932 273.15 0.0243168045 680
0.0587054219 0.100000001 0.0053500206 0.486184657 606.588501 0.536212385 273.15 0.0236773547 680
0.0588821509 0.100000001 0.0058136806 0.455590934 612.285217 0.527040839 273.15 0.0230955388 680
0.0590757099 0.100000001 0.00628149485 0.424898237 619.091919 0.518455386 273.15 0.0228500776 680
0.05928676 0.100000001 0.00675753353 0.392346144 627.783997 0.509588659 273.15 0.0227641016 680
0.0595160264 0.100000001 0.00723963566 0.357844651 636.231934 0.499661356 273.15 0.0226613209 680
0.0597643025 0.100000001 0.00772644281 0.322325259 643.557434 0.488822311 273.15 0.0225545187 680
0.0600324532 0.100000001 0.00821752876 0.286211044 649.992004 0.477503061 273.15 0.0225024987 680
0.0603214191 0.100000001 0.00871425877 0.249565467 656.499268 0.466028243 273.15 0.0225576181 680
0.0606322218 0.100000001 0.00921776159 0.211754441 663.221313 0.454098791 273.15 0.0226913244 680
0.0609659682 0.100000001 0.00972770752 0.172853187 669.663269 0.441609979 273.15 0.022879092 680
0.0613238561 0.100000001 0.0102446362 0.133024052 676.056946 0.428598881 273.15 0.0231329128 680
0.0617071804 0.100000001 0.0107684304 0.0921154991 682.09021 0.414871007 273.15 0.0234339926 680
0.0621173391 0.100000001 0.0112988276 0.0505461507 687.628723 0.400544792 273.15 0.0237893332 680
0.0625558404 0.100000001 0.0118362077 0.00832056813 692.950562 0.385599971 273.15 0.0242115092 680
0.0630243098 0.100000001 0.0123802663 -0.034586601 697.70929 0.36991933 273.15 0.024686696 680
0.0635244984 0.100000001 0.0129309244 -0.0778062493 702.038635 0.353690445 273.15 0.0252226796 680
0.0640582912 0.100000001 0.0134885374 -0.121527255 706.183533 0.336826086 273.15 0.0258431546 680
0.0646277164 0.100000001 0.0140526652 -0.165751174 709.751038 0.319178224 273.15 0.0265368186 680
0.0652349552 0.100000001 0.014623111 -0.210092351 712.965698 0.300953269 273.15 0.0273289066 680
0.0658823521 0.100000001 0.0151998872 -0.254767597 715.96521 0.282440484 273.15 0.0282325223 680
0.0665724266 0.100000001 0.0157819618 -0.299487859 718.070435 0.262891412 273.15 0.029216364 680
0.067307885 0.100000001 0.0163683259 -0.343347341 719.013306 0.242309496 273.15 0.0302908588 680
0.0680916328 0.100000001 0.0169581763 -0.38584888 718.723083 0.220718235 273.15 0.0314752124 680
0.0689267889 0.100000001 0.0175504602 -0.426427007 717.008789 0.198247701 273.15 0.032786835 680
0.0698166998 0.100000001 0.0181444761 -0.464590698 714.276489 0.175123528 273.15 0.0342728831 680
0.0707649547 0.100000001 0.0187396819 -0.500455797 710.628357 0.151562542 273.15 0.0359725952 680
0.0717754021 0.100000001 0.0193344138 -0.53356123 705.341675 0.129393488 273.15 0.0378915332 680
0.0728521664 0.100000001 0.019926955 -0.56275034 698.216736 0.106512286 273.15 0.0400206968 680
0.073999666 0.100000001 0.0205157782 -0.58736974 689.034973 0.08297842 273.15 0.0424090326 680
0.0752226324 0.100000001 0.0210990283 -0.606690407 677.3526 0.061948631 273.15 0.0451431386 680
0.0765261295 0.100000001 0.0216751515 -0.62011236 663.661682 0.0441564955 273.15 0.0482822768 680
0.077915574 0.100000001 0.0222429891 -0.627712309 648.546509 0.0270776916 273.15 0.0519189276 680
0.0793967569 0.100000001 0.0228009001 -0.629235983 631.242737 0.0163396243 273.15 0.0561628453 680
0.0809758653 0.100000001 0.0233476727 -0.624883354 609.270874 0.00745955668 273.15 0.0607776679 680
0.0826595044 0.100000001 0.0238827801 -0.615268707 582.785583 0.00339881703 273.15 0.0658117384 680
0.0844547209 0.100000001 0.0244053431 -0.599576056 558.332886 0.000880611711 273.15 0.0719873905 680
0.0863690256 0.100000001 0.0249152486 -0.578699648 538.353577 0.000228585937 273.15 0.0800177753 680
0.0884104164 0.100000001 0.0254135514 -0.554834485 518.353333 0 273.15 0.0898463875 680
0.0905874014 0.100000001 0.025901342 -0.528575599 498.269653 0 273.15 0.102111422 680
0.0929090208 0.100000001 0.0263811552 -0.501018226 479.582214 0 273.15 0.118203968 680
0.0953848678 0.100000001 0.0268572335 -0.473448813 463.971649 0 273.15 0.140654698 680
0.0980251091 0.100000001 0.0273332915 -0.446842134 453.127045 0 273.15 0.174154028 680
0.100840502 0.100000001 0.0278147348 -0.422313273 444.688629 0 273.15 0.227303579 680
0.103842409 0.100000001 0.0283081861 -0.400770962 437.083313 0 273.15 0.322928399 680
0.107042811 0.100000001 0.0288164955 -0.38235265 430.856964 0 273.15 0.545077503 680
0.110454316 0.100000001 0.0293423559 -0.366871387 426.125275 0 273.15 0.807161748 680
0.114090156 0.100000001 0.0298883247 -0.354264915 420.640778 0 274.754 0.0446782596 680
0.117964191 0.100000001 0.0304539194 -0.343895316 413.409668 0 274.843 0 680
0.122090895 0.100000001 0.0310376885 -0.335041195 408.268524 0 274.844 0 680
0.126485335 0.100000001 0.0316381332 -0.327463269 407.397308 0 274.844 0 680
0.131163147 0.100000001 0.0322544005 -0.321231097 407.154572 0 274.844 0 680
0.136140492 0.100000001 0.0328856984 -0.316067696 404.857239 0 274.844 0 680
0.141434004 0.100000001 0.0335309596 -0.311570823 401.473267 0 274.844 0 680
0.147060725 0.100000001 0.034188632 -0.307628989 397.787109 0 274.844 0 680
0.15303802 0.100000001 0.0348569996 -0.304143518 393.909271 0 274.844 0 680
0.159383478 0.100000001 0.0355342085 -0.301010847 389.893921 0 274.844 0 680
0.16611479 0.100000001 0.0362183119 -0.298152387 385.771393 0 274.844 0 680
0.173249614 0.100000001 0.0369073692 -0.295529217 381.573303 0 274.844 0 680
0.180805409 0.100000001 0.0375991931 -0.293107063 377.313965 0 274.844 0 680
0.188799258 0.100000001 0.0382914381 -0.290842891 372.958893 0 274.844 0 680
0.197247653 0.100000001 0.0389818665 -0.288727075 368.497559 0 274.844 0 680
0.206166274 0.100000001 0.039667971 -0.286759317 363.979004 0 274.844 0 680
0.215569737 0.100000001 0.0403472192 -0.284938902 359.444702 0 274.844 0 680
0.225471321 0.100000001 0.041017284 -0.283309698 354.929047 0 274.844 0 680
0.23588268 0.100000001 0.0416753227 -0.281898916 350.488617 0 274.844 0 680
0.246813538 0.100000001 0.0423184473 -0.280723661 346.183136 0 274.844 0 680
0.25827138 0.100000001 0.0429436092 -0.279831648 342.09201 0 274.844 0 680
0.270261125 0.100000001 0.043547254 -0.279251397 338.266907 0 274.844 0 680
0.282784817 0.100000001 0.0441256669 -0.279015243 334.682068 0 274.844 0 680
0.295841307 0.100000001 0.0446742429 -0.279129863 331.325775 0 274.844 0 680
0.309425973 0.100000001 0.0451879625 -0.279584199 328.206238 0 274.844 0 680
0.323530448 0.100000001 0.04566082 -0.280344337 325.280945 0 274.844 0 680
0.338142397 0.100000001 0.0460862159 -0.281352341 322.496826 0 274.844 0 680
0.353245336 0.100000001 0.0464567158 -0.282528669 319.817627 0 274.844 0 680
0.36881851 0.100000001 0.04676412 -0.283748001 317.197968 0 274.844 0 680
0.384836835 0.100000001 0.0469995367 -0.284870595 314.587097 0 274.844 0 680
0.401270912 0.100000001 0.0471539124 -0.28576088 311.938049 0 274.844 0 680
0.418087127 0.100000001 0.0472182845 -0.286225915 309.201782 0 274.844 0 680
0.435247828 0.100000001 0.04718403 -0.286050886 306.316467 0 274.844 0 680
0.45271159 0.100000001 0.0470432255 -0.285074055 303.245361 0 274.844 0 680
0.470433568 0.100000001 0.0467896775 -0.283124626 299.98822 0 274.844 0 680
0.488365923 0.100000001 0.0464193978 -0.280103326 296.531616 0 274.844 0 680
0.506458328 0.100000001 0.0459298179 -0.275951058 292.855835 0 274.844 0 680
0.52465853 0.100000001 0.0453211967 -0.270610243 288.972382 0 274.844 0 680
0.542912961 0.100000001 0.0445967938 -0.264115483 284.921265 0 274.844 0 680
0.561167393 0.100000001 0.0437624597 -0.256555319 280.747375 0 274.844 0 680
0.579367595 0.100000001 0.0428264223 -0.248048067 276.50293 0 274.844 0 680
0.59746 0.100000001 0.0417988628 -0.238745153 272.255951 0 274.844 0 680
0.615392355 0.100000001 0.0406916523 -0.228820458 268.087738 0 274.844 0 680
0.633114333 0.100000001 0.0395179091 -0.218470842 264.09729 0 274.844 0 680
0.650578095 0.100000001 0.0382910279 -0.207890838 260.416077 0 274.844 0 680
0.667738796 0.100000001 0.037024161 -0.197254777 257.137512 0 274.844 0 680
0.684555011 0.100000001 0.0357298415 -0.186715305 254.272263 0 274.844 0 680
0.700989088 0.100000001 0.0344196238 -0.176390037 251.692169 0 274.844 0 680
0.717007413 0.100000001 0.0331036165 -0.166348279 249.181381 0 274.844 0 680
0.732580587 0.100000001 0.0317904036 -0.156621799 246.66214 0 274.844 0 680
0.747683526 0.100000001 0.0304870948 -0.147221416 244.167114 0 274.844 0 680
0.762295475 0.100000001 0.0291993863 -0.138135344 241.742584 0 274.844 0 680
0.77639995 0.100000001 0.0279316616 -0.129331768 239.430649 0 274.844 0 680
0.789984616 0.100000001 0.0266871795 -0.120763294 237.22522 0 274.844 0 680
0.803041106 0.100000001 0.025468376 -0.11237479 235.086655 0 274.844 0 680
0.815564798 0.100000001 0.0242771602 -0.104112752 232.987411 0 274.844 0 680
0.827554543 0.100000001 0.0231149096 -0.0959267691 230.903778 0 274.844 0 680
0.839012385 0.100000001 0.0219827501 -0.0877723694 228.818695 0 274.844 0 680
0.849943243 0.100000001 0.0208815518 -0.079615809 226.724731 0 274.844 0 680
0.860354602 0.100000001 0.0198122088 -0.0714354962 224.599091 0 274.844 0 680
0.870256186 0.100000001 0.0187756365 -0.0632229075 222.445206 0 274.844 0 680
0.879659649 0.100000001 0.0177726863 -0.0549821369 220.302231 0 274.844 0 680
0.88857827 0.100000001 0.0168041758 -0.0467311405 218.189117 0 274.844 0 680
0.897026665 0.100000001 0.015870755 -0.0384946465 216.106033 0 274.844 0 680
0.905020513 0.100000001 0.0149730975 -0.0303069819 214.055435 0 274.844 0 680
0.912576309 0.100000001 0.0141117265 -0.022187978 211.431885 0 274.844 0 680
0.919711133 0.100000001 0.0132869066 -0.0141464509 208.06665 0 274.844 0 680
0.926442445 0.100000001 0.0124988995 -0.00624784455 205.358627 0 274.844 0 680
0.932787903 0.100000001 0.0117477146 0.00143388158 203.846619 0 274.844 0 680
0.938765198 0.100000001 0.0110330913 0.00887186918 202.709961 0 274.844 0 680
0.944391919 0.100000001 0.0103546433 0.0160561483 201.497742 0 274.844 0 680
0.949685431 0.100000001 0.00971172817 0.0229755193 200.243088 0 274.844 0 680
0.954662776 0.100000001 0.00910358851 0.0296143703 198.879593 0 274.844 0 680
0.959340588 0.100000001 0.00852942146 0.035964679 197.308533 0 274.844 0 680
0.963735028 0.100000001 0.00798820752 0.0420212373 195.614853 0 274.844 0 680
0.967861732 0.100000001 0.00747867674 0.0477859713 193.925385 0 274.844 0 680
0.971735767 0.100000001 0.00699940625 0.0532652363 192.338882 0 274.844 0 680
0.975371607 0.100000001 0.00654900337 0.0584676228 190.829239 0 274.844 0 680
0.978783111 0.100000001 0.00612650272 0.0633891374 189.410278 0 274.844 0 680
0.981983514 0.100000001 0.00573097521 0.0680170432 188.114456 0 274.844 0 680
0.984985421 0.100000001 0.00536118375 0.0723486468 186.942719 0 274.844 0 680
0.987800814 0.100000001 0.00501528913 0.0764038935 185.846375 0 274.844 0 680
0.990441055 0.100000001 0.00469147282 0.0802159682 184.78067 0 274.844 0 680
0.992916902 0.100000001 0.00438810431 0.0838091671 183.741516 0 274.844 0 680
0.995238522 0.100000001 0.00410371417 0.087203823 182.723145 0 274.844 0 680
0.997415507 0.100000001 0.0038369717 0.090415597 181.726746 0 274.844 0 680
0.999456897 0.100000001 0.00358666644 0.0934581608 180.754196 0 274.844 0 680
1.0013712 0.100000001 0.00335169279 0.096342802 179.803879 0 274.844 0 680
1.00316642 0.100000001 0.00313103723 0.099080056 178.87413 0 274.844 0 680
1.00485006 0.100000001 0.00292376758 0.101678811 177.964584 0 274.844 0 680
1.00642917 0.100000001 0.00272902406 0.10414733 177.075119 0 274.844 0 680
1.00791035 0.100000001 0.00254601168 0.106492914 176.204956 0 274.844 0 680
1.00929979 0.100000001 0.00237399384 0.108722784 175.353531 0 274.844 0 680
1.01060329 0.100000001 0.00221228677 0.11084304 174.520065 0 274.844 0 680
1.01182626 0.100000001 0.00206025487 0.112860017 173.704422 0 274.844 0 680
1.01297376 0.100000001 0.00191730653 0.114779145 172.906067 0 274.844 0 680
1.01405052 0.100000001 0.0017828906 0.116605833 172.12323 0 274.844 0 680
1.01506097 0.100000001 0.00165649317 0.118345037 171.354294 0 274.844 0 680
1.01600922 0.100000001 0.00153763483 0.120001458 170.597702 0 274.844 0 680
1.01689913 0.100000001 0.0014258681 0.121579528 169.85318 0 274.844 0 680
1.01773429 0.100000001 0.00132077521 0.123083524 169.121078 0 274.844 0 680
1.01851804 0.100000001 0.00122196604 0.12451715 168.400055 0 274.844 0 680
1.0192535 0.100000001 0.00112907626 0.125884339 167.688354 0 274.844 0 680
1.01994357 0.100000001 0.00104176563 0.127188444 166.983551 0 274.844 0 680
1.02059097 0.100000001 0.000959716441 0.128432974 166.285049 0 274.844 0 680
1.02119821 0.100000001 0.000882632071 0.129620835 165.592209 0 274.844 0 680
1.02176763 0.100000001 0.000810235652 0.130755141 164.903564 0 274.844 0 680
1.02230142 0.100000001 0.000742268836 0.131838456 164.217377 0 274.844 0 680
1.02280161 0.100000001 0.000678490655 0.132873639 163.531525 0 274.844 0 680
1.02327008 0.100000001 0.000618677956 0.133862779 162.846466 0 274.844 0 680
1.02370858 0.100000001 0.000562627283 0.134808451 162.160187 0 274.844 0 680
1.02411874 0.100000001 0.00051014835 0.135711893 161.472595 0 274.844 0 680
1.02450207 0.100000001 0.000461062349 0.136575639 160.782501 0 274.844 0 680
1.02485995 0.100000001 0.000415201666 0.137400419 160.086777 0 274.844 0 680
1.0251937 0.100000001 0.000372409553 0.138189152 159.382217 0 274.844 0 680
1.0255045 0.100000001 0.000332539763 0.138941646 158.668121 0 274.844 0 680
1.02579347 0.100000001 0.000295456158 0.139661536 157.939743 0 274.844 0 680
1.02606162 0.100000001 0.000261032318 0.1403469 157.197083 0 274.844 0 680
1.0263099 0.100000001 0.000229151139 0.141002774 156.432251 0 274.844 0 680
1.02653916 0.100000001 0.000199704443 0.141625479 155.647247 0 274.844 0 680
1.02675021 0.100000001 0.0001725926 0.142222494 154.831131 0 274.844 0 680
1.02694377 0.100000001 0.00014772416 0.14278543 153.989212 0 274.844 0 680
1.0271205 0.100000001 0.000125015508 0.143326283 153.111511 0 274.844 0 680
1.027281 0.100000001 0.000104390541 0.143828571 152.209412 0 274.844 0 680
1.02742581 0.100000001 8.5780361e-05 0.1443111 151.297989 0 274.844 0 680
1.02755542 0.100000001 6.91229984e-05 0.144745022 150.417053 0 274.844 0 680
1.02767026 0.100000001 5.43631542e-05 0.145155177 149.684906 0 274.844 0 680
1.02777072 0.100000001 4.14519688e-05 0.145494968 149.269196 0 274.844 0 680
1.02785712 0.100000001 3.03468154e-05 0.145804361 149.590347 0 274.844 0 680
1.02792975 0.100000001 2.10111173e-05 0.145988405 150.989548 0 274.844 0 680
1.02798886 0.100000001 1.34141908e-05 0.1460924 155.311295 0 274.844 0 680
1.02803463 0.100000001 7.53111159e-06 0.146015018 165.26297 0 274.844 0 680
1.02806722 0.100000001 3.34260658e-06 0.145552516 194.774033 0 274.844 0 680
1.02808673 0.100000001 8.34969327e-07 0.14535436 367.301392 0 274.844 0 680

ZONE T="SLICE_Y_0p75_BINS07_KS_0p5mm_CUTDATA"
1.21069917 0.75 0 0.144304693 908.159851 0 274.844 0 680
1.21069396 0.75 -6.69193463e-07 0.145480171 421.547089 0 274.844 0 680
1.21067833 0.75 -2.67896125e-06 0.145759359 220.140976 0 274.844 0 680
1.21065221 0.75 -6.03587519e-06 0.1464407 187.633682 0 274.844 0 680
1.21061552 0.75 -1.07509204e-05 0.146701083 176.721527 0 274.844 0 680
1.21056815 0.75 -1.68395436e-05 0.146688327 172.151947 0 274.844 0 680
1.21050994 0.75 -2.43217203e-05 0.146637976 170.481796 0 274.844 0 680
1.21044069 0.75 -3.32220426e-05 0.146398813 169.538452 0 274.844 0 680
1.21036018 0.75 -4.35698249e-05 0.146137252 169.441391 0 274.844 0 680
1.21026814 0.75 -5.53992311e-05 0.145798996 169.617844 0 274.844 0 680
1.21016427 0.75 -6.87494199e-05 0.145427793 170.101318 0 274.844 0 680
1.21004821 0.75 -8.36647112e-05 0.144999832 170.655487 0 274.844 0 680
1.20991957 0.75 -0.000100194771 0.14455089 171.274536 0 274.844 0 680
1.20977793 0.75 -0.000118394819 0.144061387 171.895981 0 274.844 0 680
1.2096228 0.75 -0.000138325848 0.143550441 172.52887 0 274.844 0 680
1.20945365 0.75 -0.000160054871 0.143006563 173.154282 0 274.844 0 680
1.20926991 0.75 -0.000183655182 0.142438903 173.769547 0 274.844 0 680
1.20907092 0.75 -0.000209206632 0.141840741 174.374069 0 274.844 0 680
1.20885601 0.75 -0.000236795919 0.141216278 174.974731 0 274.844 0 680
1.20862442 0.75 -0.000266516898 0.140561491 175.571686 0 274.844 0 680
1.20837532 0.75 -0.000298470891 0.139878079 176.168533 0 274.844 0 680
1.20810784 0.75 -0.000332767003 0.139163315 176.761948 0 274.844 0 680
1.20782101 0.75 -0.000369522448 0.138417482 177.351883 0 274.844 0 680
1.20751379 0.75 -0.000408862853 0.13763845 177.943359 0 274.844 0 680
1.20718506 0.75 -0.000450922552 0.136825904 178.539124 0 274.844 0 680
1.20683362 0.75 -0.000495844854 0.135978132 179.140121 0 274.844 0 680
1.20645816 0.75 -0.000543782264 0.135094538 179.74675 0 274.844 0 680
1.20605728 0.75 -0.000594897845 0.134173453 180.35817 0 274.844 0 680
1.20562947 0.75 -0.000649370443 0.133213386 180.975174 0 274.844 0 680
1.2051731 0.75 -0.000707393186 0.13221243 181.59581 0 274.844 0 680
1.20468642 0.75 -0.000769173127 0.131168649 182.219666 0 274.844 0 680
1.20416756 0.75 -0.000834932166 0.13007994 182.85051 0 274.844 0 680
1.20361449 0.75 -0.000904908033 0.128944233 183.490799 0 274.844 0 680
1.20302505 0.75 -0.000979355361 0.127759367 184.142746 0 274.844 0 680
1.20239691 0.75 -0.00105854684 0.126522943 184.807587 0 274.844 0 680
1.20172757 0.75 -0.00114277445 0.125232697 185.481033 0 274.844 0 680
1.20101434 0.75 -0.00123235087 0.123885661 186.161682 0 274.844 0 680
1.20025435 0.75 -0.00132761093 0.122479305 186.856766 0 274.844 0 680
1.19944452 0.75 -0.00142891325 0.12101078 187.569366 0 274.844 0 680
1.19858154 0.75 -0.00153664207 0.119476996 188.297852 0 274.844 0 680
1.19766187 0.75 -0.00165120927 0.117874496 189.034775 0 274.844 0 680
1.19668171 0.75 -0.00177305656 0.116199985 189.783936 0 274.844 0 680
1.19563701 0.75 -0.0019026581 0.114450164 190.551483 0 274.844 0 680
1.19452343 0.75 -0.00204052331 0.112620242 191.331085 0 274.844 0 680
1.19333632 0.75 -0.00218720017 0.110706493 192.12561 0 274.844 0 680
1.19207073 0.75 -0.00234327907 0.108704142 192.937927 0 274.844 0 680
1.19072136 0.75 -0.00250939714 0.106607862 193.765854 0 274.844 0 680
1.18928257 0.75 -0.00268624347 0.104411669 194.608719 0 274.844 0 680
1.18774834 0.75 -0.00287456516 0.102108732 195.467224 0 274.844 0 680
1.18611224 0.75 -0.00307517449 0.0996909738 196.351562 0 274.844 0 680
1.18436748 0.75 -0.00328895758 0.0971486419 197.272583 0 274.844 0 680
1.1825068 0.75 -0.00351688454 0.0944706351 198.255859 0 274.844 0 680
1.18052251 0.75 -0.00376002188 0.0916446373 199.278229 0 274.844 0 680
1.17840647 0.75 -0.00401954729 0.0886516422 200.314438 0 274.844 0 680
1.17615004 0.75 -0.00429676756 0.0854676366 201.35524 0 274.844 0 680
1.17374414 0.75 -0.00459314015 0.0820600986 202.436111 0 274.844 0 680
1.17117915 0.75 -0.00491013914 0.0784101039 203.654892 0 274.844 0 680
1.16844497 0.75 -0.00524875598 0.0745289847 204.931793 0 274.844 0 680
1.16553099 0.75 -0.0056097353 0.0704334751 206.183914 0 274.844 0 680
1.16242611 0.75 -0.00599385082 0.066127196 207.509048 0 274.844 0 680
1.15911873 0.75 -0.00640221872 0.0616042018 208.952927 0 274.844 0 680
1.15559677 0.75 -0.00683597936 0.0568553135 210.519699 0 274.844 0 680
1.15184769 0.75 -0.00729615056 0.0518773645 212.332535 0 274.844 0 680
1.14785856 0.75 -0.0077835494 0.0466837436 214.464478 0 274.844 0 680
1.14361603 0.75 -0.00829881936 0.0413017869 216.685165 0 274.844 0 680
1.13910644 0.75 -0.00884256744 0.0357570127 218.768188 0 274.844 0 680
1.13431589 0.75 -0.00941530849 0.0300658531 220.658249 0 274.844 0 680
1.12923026 0.75 -0.0100173522 0.0242397711 222.333435 0 274.844 0 680
1.1238354 0.75 -0.0106489074 0.0182908699 223.895248 0 274.844 0 680
1.11811713 0.75 -0.0113099665 0.0122438362 225.478653 0 274.844 0 680
1.11206147 0.75 -0.0120003198 0.00613102177 227.16156 0 274.844 0 680
1.10565473 0.75 -0.0127197553 -1.56792175e-05 228.959824 0 274.844 0 680
1.09888369 0.75 -0.0134678535 -0.00616341038 230.821732 0 274.844 0 680
1.09173578 0.75 -0.0142440748 -0.0122872619 232.723099 0 274.844 0 680
1.0841993 0.75 -0.0150478979 -0.0183702428 234.667435 0 274.844 0 680
1.07626358 0.75 -0.0158786679 -0.0244000684 236.634018 0 274.844 0 680
1.06791931 0.75 -0.0167357022 -0.0303745326 238.605835 0 274.844 0 680
1.05915868 0.75 -0.0176182672 -0.0363013819 240.587173 0 274.844 0 680
1.04997569 0.75 -0.0185256462 -0.0422041751 242.5858 0 274.844 0 680
1.0403664 0.75 -0.0194571422 -0.048119761 244.598923 0 274.844 0 680
1.03032918 0.75 -0.0204118525 -0.054092776 246.629944 0 274.844 0 680
1.01986494 0.75 -0.0213886732 -0.0601730049 248.688599 0 274.844 0 680
1.0089774 0.75 -0.0223860743 -0.0664121881 250.779816 0 274.844 0 680
0.997673241 0.75 -0.0234021032 -0.0728646666 252.904846 0 274.844 0 680
0.985962367 0.75 -0.0244341486 -0.0795798078 255.08197 0 274.844 0 680
0.973857984 0.75 -0.0254786967 -0.0865913928 257.346954 0 274.844 0 680
0.961376728 0.75 -0.0265311827 -0.0939143822 259.717896 0 274.844 0 680
0.948538702 0.75 -0.0275859082 -0.101542071 262.233673 0 274.844 0 680
0.935367467 0.75 -0.0286359936 -0.10944277 264.986603 0 274.844 0 680
0.921889964 0.75 -0.0296733374 -0.117546812 268.059662 0 274.844 0 680
0.908136371 0.75 -0.0306886788 -0.125743821 271.483826 0 274.844 0 680
0.894139886 0.75 -0.0316719735 -0.133896604 275.225403 0 274.844 0 680
0.879936452 0.75 -0.0326126802 -0.141845554 279.223755 0 274.844 0 680
0.865564409 0.75 -0.0335000638 -0.149407029 283.399017 0 274.844 0 680
0.851064093 0.75 -0.0343236104 -0.156385481 287.657928 0 274.844 0 680
0.836477383 0.75 -0.0350738057 -0.162616685 291.919922 0 274.844 0 680
0.821847209 0.75 -0.0357424901 -0.167936727 296.115082 0 274.844 0 680
0.807217035 0.75 -0.0363230691 -0.172249034 300.18924 0 274.844 0 680
0.792630324 0.75 -0.0368108538 -0.175401494 304.080536 0 274.844 0 680
0.778130008 0.75 -0.0372032319 -0.177435696 307.772827 0 274.844 0 680
0.763757965 0.75 -0.0374999959 -0.17835775 311.235596 0 274.844 0 680
0.749554531 0.75 -0.0377032041 -0.17808193 314.47644 0 274.844 0 680
0.735558047 0.75 -0.0378160531 -0.176874384 317.530487 0 274.844 0 680
0.721804453 0.75 -0.0378435067 -0.174850181 320.394775 0 274.844 0 680
0.708326951 0.75 -0.0377919151 -0.172111526 323.115906 0 274.844 0 680
0.695155716 0.75 -0.0376681893 -0.168843821 325.737823 0 274.844 0 680
0.682317689 0.75 -0.0374795126 -0.165174842 328.309235 0 274.844 0 680
0.669836433 0.75 -0.0372331408 -0.161261573 330.879944 0 274.844 0 680
0.65773205 0.75 -0.0369362004 -0.157227486 333.507141 0 274.844 0 680
0.646021176 0.75 -0.0365952631 -0.153175727 336.236633 0 274.844 0 680
0.634717022 0.75 -0.0362162874 -0.149170294 339.091034 0 274.844 0 680
0.623829473 0.75 -0.0358045623 -0.145263672 342.100159 0 274.844 0 680
0.613365234 0.75 -0.0353649013 -0.141481012 345.272461 0 274.844 0 680
0.603328012 0.75 -0.0349013272 -0.137830198 348.603851 0 274.844 0 680
0.593718726 0.75 -0.0344175308 -0.134300828 352.09137 0 274.844 0 680
0.584535739 0.75 -0.0339164894 -0.13086082 355.735901 0 274.844 0 680
0.575775107 0.75 -0.0334010515 -0.127482787 359.538635 0 274.844 0 680
0.567430832 0.75 -0.0328736606 -0.124123022 363.514221 0 274.844 0 680
0.559495122 0.75 -0.0323366314 -0.120758757 367.701172 0 274.844 0 680
0.551958634 0.75 -0.031792242 -0.117355056 372.100494 0 274.844 0 680
0.544810727 0.75 -0.0312423576 -0.113855951 376.675995 9.21881583e-05 274.802 0 680
0.538039687 0.75 -0.0306890076 -0.110245429 381.325928 0.000242032183 274.736 0 680
0.531632947 0.75 -0.0301342018 -0.106515884 385.925262 0.000398286094 274.669 0 680
0.525577289 0.75 -0.0295797336 -0.102662265 390.434509 0.000559631968 274.601 0 680
0.519859022 0.75 -0.0290274825 -0.0987038985 394.816833 0.00121958833 274.321 0 680
0.514464153 0.75 -0.0284792019 -0.0946633145 399.03302 0.00195028679 274.016 0 680
0.509378531 0.75 -0.0279364469 -0.0905698761 403.096588 0.00269225612 273.714 0 680
0.504587975 0.75 -0.0274007778 -0.0864774212 407.033936 0.00343845296 273.15 0.617583692 680
0.50007839 0.75 -0.0268736805 -0.0824614689 410.863495 0.00474461308 273.15 0.777427137 680
0.495835859 0.75 -0.0263565303 -0.0786212534 414.633026 0.00659478316 273.15 0.402338564 680
0.491846722 0.75 -0.0258505711 -0.0750616267 418.429504 0.00844688527 273.15 0.268215269 680
0.488097649 0.75 -0.0253566583 -0.0718435571 422.25766 0.0103025502 273.15 0.199248254 680
0.484575686 0.75 -0.0248754267 -0.0690698251 426.099091 0.0121411392 273.15 0.157202616 680
0.481268304 0.75 -0.0244075598 -0.0669004917 429.976807 0.0139111253 273.15 0.128879696 680
0.478163424 0.75 -0.0239542589 -0.0657085553 433.964752 0.0155895893 273.15 0.10850843 680
0.475249448 0.75 -0.0235166875 -0.0661220774 438.451691 0.0181046445 273.15 0.0932664499 680
0.472515268 0.75 -0.0230952321 -0.0684240833 443.641205 0.0209190734 273.15 0.0815188214 680
0.469950278 0.75 -0.0226878431 -0.072507292 449.800476 0.0242343005 273.15 0.0722634345 680
0.467544373 0.75 -0.0222923622 -0.0784451738 458.216919 0.0281540155 273.15 0.0649925247 680
0.465287952 0.75 -0.0219065053 -0.0859439224 469.304565 0.0332055315 273.15 0.0592515953 680
0.463171908 0.75 -0.0215249645 -0.0939342156 482.342896 0.0398360156 273.15 0.0546111017 680
0.461187618 0.75 -0.0211434073 -0.101637974 497.074127 0.0482225604 273.15 0.0508243777 680
0.459326936 0.75 -0.0207588569 -0.108246922 512.91748 0.0609100237 273.15 0.047746487 680
0.457582173 0.75 -0.0203679128 -0.112794995 529.112732 0.0757411197 273.15 0.0451809466 680
0.455946082 0.75 -0.0199685437 -0.114575043 545.141479 0.0921340883 273.15 0.0429950692 680
0.454411846 0.75 -0.0195598755 -0.112803094 560.866333 0.109956495 273.15 0.041111853 680
0.452973054 0.75 -0.0191410628 -0.107160427 575.988892 0.130919024 273.15 0.0395191535 680
0.451623687 0.75 -0.0187121963 -0.0975279957 589.893311 0.152853876 273.15 0.0381259546 680
0.450358096 0.75 -0.0182739806 -0.0836950019 602.468506 0.175351769 273.15 0.0368983373 680
0.449170989 0.75 -0.017826838 -0.065605022 613.614868 0.198225394 273.15 0.0358136855 680
0.448057407 0.75 -0.0173717396 -0.0435454026 623.544312 0.221043155 273.15 0.034853857 680
0.447012708 0.75 -0.0169100006 -0.0177230369 633.607727 0.244035333 273.15 0.0340794362 680
0.446032551 0.75 -0.0164425497 0.0118856477 643.041077 0.267089039 273.15 0.0334403105 680
0.445112877 0.75 -0.0159706322 0.0436994582 644.489319 0.289507151 273.15 0.0325891078 680
0.444249895 0.75 -0.0154957348 0.0768450797 636.747803 0.31114912 273.15 0.0315029733 680
0.443440063 0.75 -0.0150190818 0.111970097 631.286682 0.331924051 273.15 0.0306815878 680
0.442680076 0.75 -0.0145420489 0.148477256 631.59729 0.351709515 273.15 0.0302386228 680
0.441966849 0.75 -0.0140659697 0.185505241 632.594727 0.370717317 273.15 0.0299445763 680
0.441297506 0.75 -0.0135912786 0.222819358 632.528076 0.389112264 273.15 0.0297281723 680
0.440669364 0.75 -0.0131185378 0.260158092 631.149963 0.406701714 273.15 0.0295275263 680
0.440079925 0.75 -0.0126485912 0.297188401 628.96875 0.423415989 273.15 0.0293991249 680
0.439526859 0.75 -0.0121820824 0.333644062 625.501709 0.439234942 273.15 0.0293231923 680
0.439007997 0.75 -0.0117198201 0.368931532 620.4104 0.454091847 273.15 0.0292819962 680
0.43852132 0.75 -0.0112626313 0.402942419 614.995483 0.468200535 273.15 0.0293391403 680
0.438064949 0.75 -0.0108105062 0.435785472 609.61908 0.481726378 273.15 0.0295214728 680
0.437637136 0.75 -0.0103636023 0.467253685 604.07135 0.494563043 273.15 0.0298188347 680
0.437236256 0.75 -0.00992227259 0.49732095 598.624512 0.506808996 273.15 0.0302588232 680
0.436860797 0.75 -0.00948623205 0.52602756 593.154236 0.518526256 273.15 0.0308553558 680
0.436509356 0.75 -0.00905554412 0.553203404 587.596863 0.529589713 273.15 0.0316115655 680
0.436180631 0.75 -0.00863045264 0.578821063 582.243774 0.540078282 273.15 0.0325716957 680
0.435873412 0.75 -0.00821065317 0.602860749 577.011902 0.550005317 273.15 0.0337655619 680
0.43558658 0.75 -0.00779635619 0.62518245 572.013855 0.55930078 273.15 0.0352305062 680
0.435319096 0.75 -0.00738765557 0.645826936 567.467285 0.568083346 273.15 0.0370558612 680
0.43507 0.75 -0.00698411884 0.664731026 563.323547 0.57633251 273.15 0.0393209234 680
0.434838406 0.75 -0.00658601022 0.681895912 559.80658 0.58410126 273.15 0.0421803631 680
0.434623494 0.75 -0.0061924251 0.697387159 556.984863 0.591541588 273.15 0.0458913445 680
0.434424511 0.75 -0.00580226926 0.711209774 554.300232 0.598469317 273.15 0.0506735593 680
0.434240764 0.75 -0.00541588429 0.72316426 551.973877 0.604667127 273.15 0.056879241 680
0.434071616 0.75 -0.00503435893 0.733284593 550.156677 0.610084176 273.15 0.0651222691 680
0.433916486 0.75 -0.00465942511 0.741402924 549.675842 0.615067005 273.15 0.0770275369 680
0.433774845 0.75 -0.00428782075 0.747836828 548.775635 0.619970322 273.15 0.0958112702 680
0.433646212 0.75 -0.00391461348 0.752235889 545.148315 0.624418497 273.15 0.127538919 680
0.433646212 0.75 -0.00391461348 0.752235889 545.148315 0.624418497 273.15 0.127538919 680
0.433530152 0.75 -0.00354316986 0.754564583 538.925964 0.627908885 273.15 0.190399662 680
0.433426275 0.75 -0.00318574347 0.755391479 535.598022 0.630535662 273.15 0.22564511 680
0.433334235 0.75 -0.00284143098 0.753873289 541.145813 0.632265031 273.15 0.159226254 680
0.433253724 0.75 -0.00247211435 0.750932455 546.662048 0.631701887 273.15 0.1144315 680
0.433184477 0.75 -0.00207971364 0.746237457 552.681763 0.630116522 273.15 0.0847328901 680
0.433126264 0.75 -0.00175201003 0.739488959 566.205017 0.632115424 273.15 0.0628398731 680
0.433078893 0.75 -0.00146339257 0.729296446 572.944458 0.637939394 273.15 0.0628147051 680
0.433042209 0.75 -0.00100223243 0.717006147 572.082275 0.644512296 273.15 0.0658370554 680
0.433016092 0.75 -0.000478377422 0.702625632 580.496277 0.64867276 273.15 0.0520186536 680
0.433000455 0.75 -0.000121424179 0.688367307 601.924744 0.649078012 273.15 0.0280648246 680
0.432995249 0.75 0 0.673864007 617.820312 0.642969966 273.15 0.0143253468 680
0.433000455 0.75 0.000121424179 0.664156675 592.038147 0.636206567 273.15 0.0250441618 680
0.433016092 0.75 0.000478377422 0.648795903 600.773132 0.633649886 273.15 0.0406990163 680
0.433042209 0.75 0.00100223243 0.624386728 630.105896 0.629926205 273.15 0.0423702039 680
0.433078893 0.75 0.00146339257 0.592099488 648.676453 0.619669676 273.15 0.0313294455 680
0.433126264 0.75 0.00175201003 0.562961519 630.821167 0.610261679 273.15 0.0242092051 680
0.433184477 0.75 0.00207971364 0.545217097 638.767029 0.60886538 273.15 0.0268260706 680
0.433253724 0.75 0.00247211435 0.516097724 665.151978 0.604349136 273.15 0.0277262162 680
0.433334235 0.75 0.00284143098 0.481333375 674.841003 0.593625784 273.15 0.025263017 680
0.433426275 0.75 0.00318574347 0.452096581 672.95343 0.584587157 273.15 0.0238670893 680
0.433530152 0.75 0.00354316986 0.423683912 681.877197 0.578778327 273.15 0.0240785703 680
0.433646212 0.75 0.00391461348 0.389904648 696.219849 0.571502745 273.15 0.0241465755 680
0.433774845 0.75 0.00428782075 0.35344699 706.175293 0.56178391 273.15 0.0237112511 680
0.433916486 0.75 0.00465942511 0.317304581 712.253052 0.551630795 273.15 0.023297308 680
0.434071616 0.75 0.00503435893 0.281387955 719.478394 0.542230248 273.15 0.0232049786 680
0.434240764 0.75 0.00541588429 0.243476853 729.022278 0.532623291 273.15 0.0232721772 680
0.434424511 0.75 0.00580226926 0.203452662 738.269348 0.52196449 273.15 0.0233163685 680
0.434623494 0.75 0.0061924251 0.162448794 746.077454 0.510410666 273.15 0.0233460944 680
0.434838406 0.75 0.00658601022 0.120988108 752.716064 0.498419166 273.15 0.0234226584 680
0.43507 0.75 0.00698411884 0.0791476071 759.369141 0.486328632 273.15 0.0236046873 680
0.435319096 0.75 0.00738765557 0.0361590609 766.270691 0.47382322 273.15 0.0238673277 680
0.43558658 0.75 0.00779635619 -0.00790400524 772.818298 0.460788876 273.15 0.0241851658 680
0.435873412 0.75 0.00821065317 -0.0528563932 779.291199 0.447259784 273.15 0.0245725736 680
0.436180631 0.75 0.00863045264 -0.0988819599 785.348816 0.433034033 273.15 0.0250113774 680
0.436509356 0.75 0.00905554412 -0.145511046 790.812195 0.41822812 273.15 0.0255089942 680
0.436860797 0.75 0.00948623205 -0.192733377 795.987183 0.402824521 273.15 0.0260613374 680
0.437236256 0.75 0.00992227259 -0.240550622 800.435364 0.386697918 273.15 0.0266666058 680
0.437637136 0.75 0.0103636023 -0.288519472 804.321838 0.370040447 273.15 0.0273524281 680
0.438064949 0.75 0.0108105062 -0.336849093 808.016907 0.35276109 273.15 0.0281341393 680
0.43852132 0.75 0.0112626313 -0.385576606 811.063904 0.334703416 273.15 0.0290018655 680
0.439007997 0.75 0.0117198201 -0.434197754 813.789795 0.316037595 273.15 0.0299858004 680
0.439526859 0.75 0.0121820824 -0.483079255 815.769653 0.296532273 273.15 0.0310757421 680
0.440079925 0.75 0.0126485912 -0.532033801 815.005676 0.276332229 273.15 0.0322100893 680
0.440669364 0.75 0.0131185378 -0.579718649 811.273193 0.255403906 273.15 0.0333844014 680
0.441297506 0.75 0.0135912786 -0.625617802 805.073853 0.233499318 273.15 0.0346199758 680
0.441966849 0.75 0.0140659697 -0.669023931 796.856812 0.210708603 273.15 0.0359568633 680
0.442680076 0.75 0.0145420489 -0.709466815 788.187805 0.187338948 273.15 0.0374947824 680
0.443440063 0.75 0.0150190818 -0.746741354 782.148376 0.163144022 273.15 0.0394095071 680
0.444249895 0.75 0.0154957348 -0.779591858 783.869385 0.138896376 273.15 0.0420555957 680
0.445112877 0.75 0.0159706322 -0.807286739 788.354004 0.115826063 273.15 0.0453359075 680
0.446032551 0.75 0.0164425497 -0.831326485 780.927002 0.092041716 273.15 0.0485122316 680
0.447012708 0.75 0.0169100006 -0.850298285 761.697937 0.0682193637 273.15 0.0515610352 680
0.448057407 0.75 0.0173717396 -0.861643851 740.489502 0.049635753 273.15 0.0551262535 680
0.449170989 0.75 0.017826838 -0.865831554 719.528381 0.0318966843 273.15 0.0593855716 680
0.450358096 0.75 0.0182739806 -0.862814486 697.363953 0.0185525641 273.15 0.0644735247 680
0.451623687 0.75 0.0187121963 -0.852651477 673.725647 0.00930086896 273.15 0.0705155581 680
0.452973054 0.75 0.0191410628 -0.836341381 649.004333 0.00393896271 273.15 0.0777667612 680
0.454411846 0.75 0.0195598755 -0.814365625 623.759338 0.000971856352 273.15 0.0865970999 680
0.455946082 0.75 0.0199685437 -0.787345469 598.910522 0.000293302845 273.15 0.0976424664 680
0.457582173 0.75 0.0203679128 -0.75663501 574.87793 0 273.15 0.111823872 680
0.459326936 0.75 0.0207588569 -0.723306596 551.89856 0 273.15 0.130693719 680
0.461187618 0.75 0.0211434073 -0.688590169 530.535767 0 273.15 0.157113001 680
0.463171908 0.75 0.0215249645 -0.654030502 511.587738 0 273.15 0.196824312 680
0.465287952 0.75 0.0219065053 -0.620643079 495.616791 0 273.15 0.262859821 680
0.467544373 0.75 0.0222923622 -0.589365065 482.70105 0 273.15 0.392444015 680
0.469950278 0.75 0.0226878431 -0.561243296 472.99411 0 273.15 0.754593611 680
0.472515268 0.75 0.0230952321 -0.536476195 465.783051 0 273.15 0.658440411 680
0.475249448 0.75 0.0235166875 -0.514909148 460.0625 0 274.844 0 680
0.478163424 0.75 0.0239542589 -0.496492863 455.661377 0 274.844 0 680
0.481268304 0.75 0.0244075598 -0.48078844 452.102966 0 274.844 0 680
0.484575686 0.75 0.0248754267 -0.467136323 448.745667 0 274.844 0 680
0.488097649 0.75 0.0253566583 -0.454997897 445.303864 0 274.844 0 680
0.491846722 0.75 0.0258505711 -0.444049656 441.736389 0 274.844 0 680
0.495835859 0.75 0.0263565303 -0.434123158 438.08374 0 274.844 0 680
0.50007839 0.75 0.0268736805 -0.425068349 434.306671 0 274.844 0 680
0.504587975 0.75 0.0274007778 -0.416717499 430.338379 0 274.844 0 680
0.509378531 0.75 0.0279364469 -0.408910751 426.146118 0 274.844 0 680
0.514464153 0.75 0.0284792019 -0.401524782 421.750427 0 274.844 0 680
0.519859022 0.75 0.0290274825 -0.394465357 417.121033 0 274.844 0 680
0.525577289 0.75 0.0295797336 -0.387673378 412.222534 0 274.844 0 680
0.531632947 0.75 0.0301342018 -0.381101966 407.092316 0 274.844 0 680
0.538039687 0.75 0.0306890076 -0.374709994 401.793549 0 274.844 0 680
0.544810727 0.75 0.0312423576 -0.368490219 396.414673 0 274.844 0 680
0.551958634 0.75 0.031792242 -0.362445772 391.100861 0 274.844 0 680
0.559495122 0.75 0.0323366314 -0.356587023 385.950043 0 274.844 0 680
0.567430832 0.75 0.0328736606 -0.35096401 381.000824 0 274.844 0 680
0.575775107 0.75 0.0334010515 -0.345606685 376.241852 0 274.844 0 680
0.584535739 0.75 0.0339164894 -0.340532154 371.633423 0 274.844 0 680
0.593718726 0.75 0.0344175308 -0.335780025 367.182404 0 274.844 0 680
0.603328012 0.75 0.0349013272 -0.331369668 362.898315 0 274.844 0 680
0.613365234 0.75 0.0353649013 -0.327326357 358.791992 0 274.844 0 680
0.623829473 0.75 0.0358045623 -0.323650539 354.862213 0 274.844 0 680
0.634717022 0.75 0.0362162874 -0.320321769 351.096527 0 274.844 0 680
0.646021176 0.75 0.0365952631 -0.317300171 347.490204 0 274.844 0 680
0.65773205 0.75 0.0369362004 -0.314518481 344.024353 0 274.844 0 680
0.669836433 0.75 0.0372331408 -0.311894357 340.661072 0 274.844 0 680
0.682317689 0.75 0.0374795126 -0.309310257 337.357025 0 274.844 0 680
0.695155716 0.75 0.0376681893 -0.306619257 334.049347 0 274.844 0 680
0.708326951 0.75 0.0377919151 -0.303660929 330.687592 0 274.844 0 680
0.721804453 0.75 0.0378435067 -0.300276756 327.222748 0 274.844 0 680
0.735558047 0.75 0.0378160531 -0.296301037 323.598785 0 274.844 0 680
0.749554531 0.75 0.0377032041 -0.291567683 319.782745 0 274.844 0 680
0.763757965 0.75 0.0374999959 -0.28594324 315.757629 0 274.844 0 680
0.778130008 0.75 0.0372032319 -0.279364228 311.517883 0 274.844 0 680
0.792630324 0.75 0.0368108538 -0.271772802 307.055634 0 274.844 0 680
0.807217035 0.75 0.0363230691 -0.263143957 302.386108 0 274.844 0 680
0.821847209 0.75 0.0357424901 -0.253543377 297.559143 0 274.844 0 680
0.836477383 0.75 0.0350738057 -0.243079826 292.63623 0 274.844 0 680
0.851064093 0.75 0.0343236104 -0.23189494 287.669373 0 274.844 0 680
0.865564409 0.75 0.0335000638 -0.220152214 282.733521 0 274.844 0 680
0.879936452 0.75 0.0326126802 -0.208032146 277.914337 0 274.844 0 680
0.894139886 0.75 0.0316719735 -0.195730656 273.303192 0 274.844 0 680
0.908136371 0.75 0.0306886788 -0.183431149 268.978485 0 274.844 0 680
0.921889964 0.75 0.0296733374 -0.171287328 264.996857 0 274.844 0 680
0.935367467 0.75 0.0286359936 -0.159427762 261.386169 0 274.844 0 680
0.948538702 0.75 0.0275859082 -0.147950768 258.110168 0 274.844 0 680
0.961376728 0.75 0.0265311827 -0.136913404 255.084213 0 274.844 0 680
0.973857984 0.75 0.0254786967 -0.126335666 252.213928 0 274.844 0 680
0.985962367 0.75 0.0244341486 -0.116213202 249.458237 0 274.844 0 680
0.997673241 0.75 0.0234021032 -0.106521167 246.798523 0 274.844 0 680
1.0089774 0.75 0.0223860743 -0.0972181782 244.199509 0 274.844 0 680
1.01986494 0.75 0.0213886732 -0.0882501304 241.642212 0 274.844 0 680
1.03032918 0.75 0.0204118525 -0.0795600489 239.123688 0 274.844 0 680
1.0403664 0.75 0.0194571422 -0.0710955411 236.637939 0 274.844 0 680
1.04997569 0.75 0.0185256462 -0.0628076866 234.175522 0 274.844 0 680
1.05915868 0.75 0.0176182672 -0.054654412 231.733734 0 274.844 0 680
1.06791931 0.75 0.0167357022 -0.0466030762 229.315811 0 274.844 0 680
1.07626358 0.75 0.0158786679 -0.0386334509 226.917404 0 274.844 0 680
1.0841993 0.75 0.0150478979 -0.0307397507 224.535843 0 274.844 0 680
1.09173578 0.75 0.0142440748 -0.0229269061 222.184982 0 274.844 0 680
1.09888369 0.75 0.0134678535 -0.0152076464 219.885162 0 274.844 0 680
1.10565473 0.75 0.0127197553 -0.00759794423 217.636185 0 274.844 0 680
1.11206147 0.75 0.0120003198 -0.000120947472 215.460541 0 274.844 0 680
1.11811713 0.75 0.0113099665 0.00719530694 213.402695 0 274.844 0 680
1.1238354 0.75 0.0106489074 0.014324504 211.447159 0 274.844 0 680
1.12923026 0.75 0.0100173522 0.0212413892 209.525803 0 274.844 0 680
1.13431589 0.75 0.00941530849 0.0279272534 207.536667 0 274.844 0 680
1.13910644 0.75 0.00884256744 0.0343738087 205.398773 0 274.844 0 680
1.14361603 0.75 0.00829881936 0.0405748375 203.120148 0 274.844 0 680
1.14785856 0.75 0.0077835494 0.046521958 200.750183 0 274.844 0 680
1.15184769 0.75 0.00729615056 0.0522010662 198.48494 0 274.844 0 680
1.15559677 0.75 0.00683597936 0.0575977825 196.520111 0 274.844 0 680
1.15911873 0.75 0.00640221872 0.0627082735 194.789642 0 274.844 0 680
1.16242611 0.75 0.00599385082 0.0675409511 193.190689 0 274.844 0 680
1.16553099 0.75 0.0056097353 0.0721085221 191.719559 0 274.844 0 680
1.16844497 0.75 0.00524875598 0.0764222145 190.324234 0 274.844 0 680
1.17117915 0.75 0.00491013914 0.0804861188 188.93306 0 274.844 0 680
1.17374414 0.75 0.00459314015 0.0842945352 187.619125 0 274.844 0 680
1.17615004 0.75 0.00429676756 0.0878467634 186.431885 0 274.844 0 680
1.17840647 0.75 0.00401954729 0.0911626667 185.287857 0 274.844 0 680
1.18052251 0.75 0.00376002188 0.0942705423 184.166275 0 274.844 0 680
1.1825068 0.75 0.00351688454 0.097192049 183.084534 0 274.844 0 680
1.18436748 0.75 0.00328895758 0.0999451429 182.055557 0 274.844 0 680
1.18611224 0.75 0.00307517449 0.102543227 181.085236 0 274.844 0 680
1.18774834 0.75 0.00287456516 0.104998671 180.145798 0 274.844 0 680
1.18928257 0.75 0.00268624347 0.10732238 179.228653 0 274.844 0 680
1.19072136 0.75 0.00250939714 0.109523721 178.330536 0 274.844 0 680
1.19207073 0.75 0.00234327907 0.11161083 177.452759 0 274.844 0 680
1.19333632 0.75 0.00218720017 0.113591075 176.594513 0 274.844 0 680
1.19452343 0.75 0.00204052331 0.115471087 175.756866 0 274.844 0 680
1.19563701 0.75 0.0019026581 0.117256992 174.937225 0 274.844 0 680
1.19668171 0.75 0.00177305656 0.118953943 174.132874 0 274.844 0 680
1.19766187 0.75 0.00165120927 0.120567687 173.348907 0 274.844 0 680
1.19858154 0.75 0.00153664207 0.12210267 172.580658 0 274.844 0 680
1.19944452 0.75 0.00142891325 0.123563297 171.821075 0 274.844 0 680
1.20025435 0.75 0.00132761093 0.124953926 171.074844 0 274.844 0 680
1.20101434 0.75 0.00123235087 0.126278475 170.345978 0 274.844 0 680
1.20172757 0.75 0.00114277445 0.127540454 169.63092 0 274.844 0 680
1.20239691 0.75 0.00105854684 0.128743246 168.923248 0 274.844 0 680
1.20302505 0.75 0.000979355361 0.129890278 168.223831 0 274.844 0 680
1.20361449 0.75 0.000904908033 0.130984336 167.535004 0 274.844 0 680
1.20416756 0.75 0.000834932166 0.132028297 166.852203 0 274.844 0 680
1.20468642 0.75 0.000769173127 0.133024856 166.17421 0 274.844 0 680
1.2051731 0.75 0.000707393186 0.1339764 165.502609 0 274.844 0 680
1.20562947 0.75 0.000649370443 0.134885296 164.835327 0 274.844 0 680
1.20605728 0.75 0.000594897845 0.135753587 164.170441 0 274.844 0 680
1.20645816 0.75 0.000543782264 0.136583462 163.503464 0 274.844 0 680
1.20683362 0.75 0.000495844854 0.137376696 162.835114 0 274.844 0 680
1.20718506 0.75 0.000450922552 0.138135165 162.168915 0 274.844 0 680
1.20751379 0.75 0.000408862853 0.138859779 161.501099 0 274.844 0 680
1.20782101 0.75 0.000369522448 0.139552519 160.829483 0 274.844 0 680
1.20810784 0.75 0.000332767003 0.140213862 160.154053 0 274.844 0 680
1.20837532 0.75 0.000298470891 0.140845969 159.471313 0 274.844 0 680
1.20862442 0.75 0.000266516898 0.141448677 158.779144 0 274.844 0 680
1.20885601 0.75 0.000236795919 0.142024681 158.075546 0 274.844 0 680
1.20907092 0.75 0.000209206632 0.142572537 157.36319 0 274.844 0 680
1.20926991 0.75 0.000183655182 0.143095762 156.638901 0 274.844 0 680
1.20945365 0.75 0.000160054871 0.143590853 155.908401 0 274.844 0 680
1.2096228 0.75 0.000138325848 0.144062996 155.167999 0 274.844 0 680
1.20977793 0.75 0.000118394819 0.144505069 154.430862 0 274.844 0 680
1.20991957 0.75 0.000100194771 0.144925281 153.700684 0 274.844 0 680
1.21004821 0.75 8.36647112e-05 0.145309612 153.014954 0 274.844 0 680
1.21016427 0.75 6.87494199e-05 0.145670757 152.415512 0 274.844 0 680
1.21026814 0.75 5.53992311e-05 0.145983651 151.996857 0 274.844 0 680
1.21036018 0.75 4.35698249e-05 0.146261781 151.952988 0 274.844 0 680
1.21044069 0.75 3.32220426e-05 0.146476343 152.489182 0 274.844 0 680
1.21050994 0.75 2.43217203e-05 0.146650717 154.154709 0 274.844 0 680
1.21056815 0.75 1.68395436e-05 0.146686465 156.9198 0 274.844 0 680
1.21061552 0.75 1.07509204e-05 0.1466683 163.229523 0 274.844 0 680
1.21065221 0.75 6.03587519e-06 0.146423638 177.06105 0 274.844 0 680
1.21067833 0.75 2.67896125e-06 0.145804733 213.917465 0 274.844 0 680
1.21069396 0.75 6.69193463e-07 0.145400569 420.522522 0 274.844 0 680

ZONE T="SLICE_Y_1p40_BINS07_KS_0p5mm_CUTDATA"
1.39330511 1.39999998 0 0.13511157 1058.04663 0 274.844 0 680
1.39330119 1.39999998 -5.03417604e-07 0.135745376 486.960236 0 274.844 0 680
1.39328943 1.39999998 -2.01531594e-06 0.136341855 248.343369 0 274.844 0 680
1.39326978 1.39999998 -4.54063884e-06 0.137077898 207.880753 0 274.844 0 680
1.39324218 1.39999998 -8.08765014e-06 0.137330383 193.46402 0 274.844 0 680
1.39320655 1.39999998 -1.26679699e-05 0.137414977 187.648743 0 274.844 0 680
1.39316276 1.39999998 -1.82966255e-05 0.137425318 185.130737 0 274.844 0 680
1.39311066 1.39999998 -2.49921167e-05 0.137293145 183.522705 0 274.844 0 680
1.3930501 1.39999998 -3.27764961e-05 0.137118846 182.850922 0 274.844 0 680
1.39298086 1.39999998 -4.16754642e-05 0.136845529 182.52626 0 274.844 0 680
1.39290271 1.39999998 -5.17184793e-05 0.136536613 182.675156 0 274.844 0 680
1.3928154 1.39999998 -6.29388822e-05 0.136163473 183.032135 0 274.844 0 680
1.39271864 1.39999998 -7.53740356e-05 0.135760352 183.54628 0 274.844 0 680
1.39261208 1.39999998 -8.90654788e-05 0.135314599 184.129822 0 274.844 0 680
1.39249538 1.39999998 -0.000104059096 0.134842351 184.765961 0 274.844 0 680
1.39236814 1.39999998 -0.0001204053 0.134336516 185.42128 0 274.844 0 680
1.39222991 1.39999998 -0.000138159228 0.133805379 186.091034 0 274.844 0 680
1.39208022 1.39999998 -0.000157380948 0.13324438 186.76123 0 274.844 0 680
1.39191855 1.39999998 -0.000178135683 0.132657468 187.426102 0 274.844 0 680
1.39174432 1.39999998 -0.000200494037 0.13204141 188.085953 0 274.844 0 680
1.39155693 1.39999998 -0.00022453223 0.131397888 188.745331 0 274.844 0 680
1.39135571 1.39999998 -0.000250332343 0.130724549 189.404236 0 274.844 0 680
1.39113994 1.39999998 -0.000277982551 0.130021825 190.064651 0 274.844 0 680
1.39090882 1.39999998 -0.000307577359 0.129287824 190.727982 0 274.844 0 680
1.39066153 1.39999998 -0.000339217825 0.128522336 191.394012 0 274.844 0 680
1.39039715 1.39999998 -0.000373011756 0.127723679 192.060242 0 274.844 0 680
1.3901147 1.39999998 -0.000409073878 0.126891166 192.727905 0 274.844 0 680
1.38981313 1.39999998 -0.000447526858 0.126023099 193.398621 0 274.844 0 680
1.3894913 1.39999998 -0.00048850524 0.125118151 194.073456 0 274.844 0 680
1.38914798 1.39999998 -0.000532154306 0.124174401 194.753738 0 274.844 0 680
1.38878187 1.39999998 -0.00057862982 0.123190194 195.440689 0 274.844 0 680
1.38839154 1.39999998 -0.00062809871 0.122163475 196.135269 0 274.844 0 680
1.38797548 1.39999998 -0.000680739816 0.121092364 196.838531 0 274.844 0 680
1.38753206 1.39999998 -0.000736744689 0.11997465 197.551529 0 274.844 0 680
1.38705953 1.39999998 -0.000796318467 0.118808232 198.275604 0 274.844 0 680
1.386556 1.39999998 -0.000859680807 0.117590725 199.008331 0 274.844 0 680
1.38601945 1.39999998 -0.000927066921 0.116319649 199.749786 0 274.844 0 680
1.38544773 1.39999998 -0.000998728693 0.11499238 200.50351 0 274.844 0 680
1.38483852 1.39999998 -0.00107493591 0.113606304 201.270538 0 274.844 0 680
1.38418932 1.39999998 -0.00115597763 0.112158537 202.051514 0 274.844 0 680
1.38349747 1.39999998 -0.00124216368 0.110646136 202.846848 0 274.844 0 680
1.38276012 1.39999998 -0.00133382637 0.109065957 203.656845 0 274.844 0 680
1.38197422 1.39999998 -0.00143132239 0.107414693 204.481827 0 274.844 0 680
1.3811365 1.39999998 -0.00153503495 0.105688773 205.321915 0 274.844 0 680
1.38024347 1.39999998 -0.00164537631 0.103884377 206.17717 0 274.844 0 680
1.3792914 1.39999998 -0.00176279059 0.101997323 207.047516 0 274.844 0 680
1.3792914 1.39999998 -0.00176279059 0.101997323 207.047516 0 274.844 0 680
1.3782763 1.39999998 -0.00188775708 0.100022994 207.932755 0 274.844 0 680
1.37719393 1.39999998 -0.00202079418 0.0979562029 208.832657 0 274.844 0 680
1.37603977 1.39999998 -0.0021624639 0.095791012 209.746979 0 274.844 0 680
1.37480898 1.39999998 -0.00231337732 0.0935204625 210.675537 0 274.844 0 680
1.37349643 1.39999998 -0.00247420102 0.0911362916 211.618698 0 274.844 0 680
1.37209669 1.39999998 -0.0026456648 0.0886283368 212.574615 0 274.844 0 680
1.37060396 1.39999998 -0.00282857098 0.0859838799 213.545074 0 274.844 0 680
1.36901211 1.39999998 -0.00302380549 0.0831871107 214.528046 0 274.844 0 680
1.36731466 1.39999998 -0.00323235141 0.0802154168 215.522827 0 274.844 0 680
1.36550476 1.39999998 -0.00345530514 0.0770393983 216.612198 0 274.844 0 680
1.36357518 1.39999998 -0.0036937756 0.0736447573 217.890457 0 274.844 0 680
1.36151832 1.39999998 -0.00394850863 0.0700426996 219.313599 0 274.844 0 680
1.35932621 1.39999998 -0.0042200644 0.0662509874 220.810196 0 274.844 0 680
1.35699049 1.39999998 -0.00450902495 0.0622773506 222.360458 0 274.844 0 680
1.35450243 1.39999998 -0.00481622997 0.058117602 223.980133 0 274.844 0 680
1.35185294 1.39999998 -0.00514253732 0.0537662618 225.700012 0 274.844 0 680
1.34903261 1.39999998 -0.00548871267 0.049225755 227.532272 0 274.844 0 680
1.34603168 1.39999998 -0.0058553707 0.0445085615 229.470276 0 274.844 0 680
1.34284013 1.39999998 -0.00624299548 0.0396314859 231.496567 0 274.844 0 680
1.33944768 1.39999998 -0.00665204364 0.0346132815 233.604736 0 274.844 0 680
1.33584386 1.39999998 -0.0070829025 0.0294781607 235.737823 0 274.844 0 680
1.33201808 1.39999998 -0.00753580499 0.0242520627 237.771408 0 274.844 0 680
1.32795965 1.39999998 -0.00801090826 0.0189541914 239.629471 0 274.844 0 680
1.32365794 1.39999998 -0.00850820662 0.0136036482 241.389267 0 274.844 0 680
1.31910242 1.39999998 -0.00902754224 0.00822658278 243.150513 0 274.844 0 680
1.31428279 1.39999998 -0.00956875567 0.00284981425 244.938446 0 274.844 0 680
1.3091891 1.39999998 -0.0101315314 -0.00250012893 246.751465 0 274.844 0 680
1.30381191 1.39999998 -0.0107154633 -0.00780143309 248.602997 0 274.844 0 680
1.2981424 1.39999998 -0.0113201595 -0.0130389556 250.502701 0 274.844 0 680
1.29217256 1.39999998 -0.0119451271 -0.0182032697 252.409424 0 274.844 0 680
1.28589537 1.39999998 -0.0125898527 -0.0232965518 254.292221 0 274.844 0 680
1.27930496 1.39999998 -0.0132537844 -0.0283327065 256.173035 0 274.844 0 680
1.27239683 1.39999998 -0.0139363831 -0.033339709 258.068634 0 274.844 0 680
1.265168 1.39999998 -0.0146371243 -0.0383582413 259.968506 0 274.844 0 680
1.25761725 1.39999998 -0.0153553291 -0.0434391983 261.880371 0 274.844 0 680
1.24974527 1.39999998 -0.0160901671 -0.0486383736 263.839233 0 274.844 0 680
1.24155483 1.39999998 -0.0168404871 -0.0540145375 265.85144 0 274.844 0 680
1.233051 1.39999998 -0.0176048205 -0.0596303605 267.950378 0 274.844 0 680
1.2242412 1.39999998 -0.0183812025 -0.0655431673 270.188873 0 274.844 0 680
1.21513537 1.39999998 -0.0191669901 -0.0717959851 272.619293 0 274.844 0 680
1.20574603 1.39999998 -0.0199587491 -0.0784122273 275.333984 0 274.844 0 680
1.19608831 1.39999998 -0.0207521929 -0.085384123 278.389923 0 274.844 0 680
1.18617991 1.39999998 -0.0215421461 -0.092685163 281.70047 0 274.844 0 680
1.17604112 1.39999998 -0.022322514 -0.100261703 285.205719 0 274.844 0 680
1.16569464 1.39999998 -0.0230863301 -0.108025424 288.928467 0 274.844 0 680
1.15516543 1.39999998 -0.0238260383 -0.115867108 292.847076 0 274.844 0 680
1.14448054 1.39999998 -0.0245337085 -0.123651594 296.932251 0 274.844 0 680
1.13366881 1.39999998 -0.0252012651 -0.131218746 301.111755 0 274.844 0 680
1.12276058 1.39999998 -0.0258207987 -0.138402849 305.301605 0 274.844 0 680
1.11178736 1.39999998 -0.026385152 -0.14505516 309.467041 0 274.844 0 680
1.10078145 1.39999998 -0.0268881867 -0.151041403 313.588837 0 274.844 0 680
1.08977553 1.39999998 -0.0273249418 -0.156246081 317.649658 0 274.844 0 680
1.07880231 1.39999998 -0.0276918902 -0.160581037 321.643005 0 274.844 0 680
1.06789408 1.39999998 -0.0279870664 -0.163997561 325.556885 0 274.844 0 680
1.05708235 1.39999998 -0.0282103146 -0.166520983 329.375092 0 274.844 0 680
1.04639746 1.39999998 -0.0283631831 -0.168206349 333.098572 0 274.844 0 680
1.03586825 1.39999998 -0.0284480766 -0.169101998 336.734314 0 274.844 0 680
1.02552177 1.39999998 -0.0284687292 -0.169311687 340.287323 0 274.844 0 680
1.01538298 1.39999998 -0.0284299182 -0.168985143 343.769257 0 274.844 0 680
1.00547459 1.39999998 -0.0283368423 -0.168257833 347.195648 0 274.844 0 680
0.995816857 1.39999998 -0.0281949055 -0.16725038 350.595032 0 274.844 0 680
0.986427518 1.39999998 -0.0280095661 -0.166081831 353.988373 0 274.844 0 680
0.977321692 1.39999998 -0.0277861853 -0.164854825 357.400116 0 274.844 0 680
0.968511893 1.39999998 -0.0275297066 -0.163648367 360.869019 0 274.844 0 680
0.960008059 1.39999998 -0.0272446126 -0.162509724 364.421661 0 274.844 0 680
0.951817626 1.39999998 -0.0269348821 -0.161471486 368.081909 0 274.844 0 680
0.943945639 1.39999998 -0.026604136 -0.16053994 371.863953 0 274.844 0 680
0.936394887 1.39999998 -0.0262554007 -0.159703106 375.778168 0 274.844 0 680
0.92916606 1.39999998 -0.0258914527 -0.15893212 379.823242 0 274.844 0 680
0.922257927 1.39999998 -0.0255145317 -0.158176824 383.989227 3.67615212e-05 274.828 0 680
0.915667521 1.39999998 -0.0251267806 -0.157392457 388.265808 0.000166600337 274.771 0 680
0.909390331 1.39999998 -0.0247300376 -0.156521335 392.646088 0.000304564572 274.712 0 680
0.903420493 1.39999998 -0.0243260438 -0.155525014 397.180817 0.000448628445 274.652 0 680
0.897750981 1.39999998 -0.0239165132 -0.154355586 401.898651 0.00104025414 274.405 0 680
0.892373788 1.39999998 -0.0235028488 -0.152950883 406.758636 0.001723252 274.126 0 680
0.887280103 1.39999998 -0.0230865775 -0.151286215 411.707123 0.00243193936 273.844 0 680
0.882460472 1.39999998 -0.0226692108 -0.149349362 416.684204 0.00328834099 273.509 0 680
0.877904951 1.39999998 -0.0222520981 -0.147133276 421.658936 0.00516172266 273.15 0.15911001 680
0.873603241 1.39999998 -0.0218366534 -0.144661516 426.62561 0.00711098034 273.15 0.353066057 680
0.869544815 1.39999998 -0.0214241955 -0.14196144 431.555298 0.00909763109 273.15 0.465279669 680
0.865719028 1.39999998 -0.0210158945 -0.139062837 436.424988 0.0111067658 273.15 0.836703181 680
0.862115212 1.39999998 -0.0206129239 -0.136033505 441.221771 0.0133955842 273.15 0.533587635 680
0.858722763 1.39999998 -0.0202164017 -0.132954285 445.92453 0.0168120451 273.15 0.327436864 680
0.855531212 1.39999998 -0.0198273625 -0.129936635 450.549591 0.0202314034 273.15 0.234530404 680
0.852530284 1.39999998 -0.019446742 -0.127097487 455.131592 0.023627894 273.15 0.181563601 680
0.84970995 1.39999998 -0.0190751836 -0.124532491 459.696655 0.0270095747 273.15 0.14728336 680
0.847060465 1.39999998 -0.018713165 -0.122329168 464.21759 0.0303531326 273.15 0.123221725 680
0.844572403 1.39999998 -0.0183612004 -0.120710813 468.681213 0.0335667916 273.15 0.105353981 680
0.842236679 1.39999998 -0.0180201935 -0.120075986 473.164856 0.0365571231 273.15 0.0915595144 680
0.840044568 1.39999998 -0.0176910194 -0.120930843 478.140045 0.0395334512 273.15 0.0807117596 680
0.837987712 1.39999998 -0.0173739689 -0.123605527 483.982849 0.0433714688 273.15 0.0721205026 680
0.836058133 1.39999998 -0.0170675003 -0.128004491 490.814087 0.0478708781 273.15 0.0652441233 680
0.834248231 1.39999998 -0.0167699899 -0.134164482 499.562103 0.0531656779 273.15 0.0597919561 680
0.832550782 1.39999998 -0.0164797193 -0.141825214 510.718048 0.0599652752 273.15 0.0555338152 680
0.830958934 1.39999998 -0.0161926956 -0.15000619 524.04364 0.0688688308 273.15 0.0521802679 680
0.829466203 1.39999998 -0.0159056597 -0.157891169 539.385254 0.0796965286 273.15 0.0488724485 680
0.828066458 1.39999998 -0.0156163719 -0.164739817 556.122559 0.0924891531 273.15 0.0459523797 680
0.826753915 1.39999998 -0.0153222744 -0.169492781 573.673523 0.108708099 273.15 0.043559093 680
0.825523125 1.39999998 -0.015021839 -0.171411231 591.760742 0.126934007 273.15 0.0416008122 680
0.824368957 1.39999998 -0.014714408 -0.169933587 609.826416 0.146654472 273.15 0.0399749242 680
0.82328659 1.39999998 -0.0143993456 -0.164465278 627.272217 0.167622268 273.15 0.0386048406 680
0.822271494 1.39999998 -0.01407672 -0.154909998 643.576782 0.189340755 273.15 0.0374197811 680
0.821319422 1.39999998 -0.0137470613 -0.141169101 658.234863 0.211770073 273.15 0.036374405 680
0.820426391 1.39999998 -0.013410687 -0.123111412 670.964539 0.235120326 273.15 0.0354528874 680
0.819588671 1.39999998 -0.0130683278 -0.101044402 681.72113 0.25848636 273.15 0.0346308164 680
0.81880277 1.39999998 -0.012720973 -0.0752595663 690.650696 0.281694561 273.15 0.0339032039 680
0.818065422 1.39999998 -0.0123693213 -0.0459960438 697.62561 0.304612011 273.15 0.0332588255 680
0.817373574 1.39999998 -0.0120143095 -0.0138557795 702.539795 0.326911688 273.15 0.0326804481 680
0.816724374 1.39999998 -0.0116570561 0.0205258932 705.712585 0.348463863 273.15 0.0321707912 680
0.816115158 1.39999998 -0.0112984818 0.0566040277 707.375122 0.369181722 273.15 0.0317317173 680
0.815543439 1.39999998 -0.0109396218 0.0936235636 707.713501 0.388929576 273.15 0.031358473 680
0.815006896 1.39999998 -0.0105814793 0.131137088 707.14447 0.407916188 273.15 0.0310677066 680
0.814503365 1.39999998 -0.010224381 0.169041812 705.623901 0.42630595 273.15 0.030707676 680
0.81403083 1.39999998 -0.00986874982 0.207029909 703.020447 0.443907082 273.15 0.0303163957 680
0.81358741 1.39999998 -0.00951522067 0.24476245 699.545837 0.46064496 273.15 0.0300012268 680
0.813171351 1.39999998 -0.0091642777 0.281910181 695.207092 0.476499587 273.15 0.0297572613 680
0.812781025 1.39999998 -0.00881652927 0.318046153 690.366333 0.491400659 273.15 0.0295909066 680
0.81241491 1.39999998 -0.00847259752 0.352967143 685.542603 0.505563259 273.15 0.0295320097 680
0.812071593 1.39999998 -0.00813247502 0.386703581 680.495239 0.519154608 273.15 0.029582195 680
0.81174976 1.39999998 -0.00779628038 0.419127077 675.351501 0.532064557 273.15 0.0297404937 680
0.811448188 1.39999998 -0.00746427898 0.450167239 670.202515 0.544393063 273.15 0.0300236996 680
0.811165739 1.39999998 -0.00713625653 0.479841977 664.786743 0.556201875 273.15 0.0304360054 680
0.810901359 1.39999998 -0.0068122607 0.508032739 659.459961 0.567362726 273.15 0.0309897009 680
0.810654067 1.39999998 -0.00649247495 0.534677565 654.092468 0.577955365 273.15 0.0317042246 680
0.810422955 1.39999998 -0.00617667025 0.559745908 648.741089 0.587992549 273.15 0.0326033086 680
0.810207178 1.39999998 -0.00586500493 0.583141267 643.715698 0.597401142 273.15 0.0337167829 680
0.810005956 1.39999998 -0.00555754961 0.604853094 638.864502 0.606303573 273.15 0.0350948013 680
0.809818568 1.39999998 -0.00525397896 0.624856174 634.581787 0.614678323 273.15 0.0368024893 680
0.809644345 1.39999998 -0.00495449175 0.643140733 630.946411 0.622582197 273.15 0.0389362723 680
0.809482672 1.39999998 -0.00465840745 0.659771502 627.283752 0.630175829 273.15 0.0416285619 680
0.809332982 1.39999998 -0.00436490291 0.674711645 623.389038 0.637263834 273.15 0.0449901484 680
0.809194754 1.39999998 -0.0040742351 0.687849224 619.686218 0.643609643 273.15 0.0491755567 680
0.809067508 1.39999998 -0.00378722306 0.699081004 617.392334 0.649154961 273.15 0.0545025952 680
0.808950808 1.39999998 -0.00350516967 0.708441794 616.670593 0.654289722 273.15 0.061725419 680
0.808844255 1.39999998 -0.00322562095 0.716025829 615.256958 0.659427047 273.15 0.07211335 680
0.808747487 1.39999998 -0.0029448664 0.721759021 612.125732 0.664139986 273.15 0.0872417167 680
0.808660178 1.39999998 -0.00266543859 0.725535512 609.905334 0.667744696 273.15 0.110288031 680
0.808582034 1.39999998 -0.00239655561 0.727499545 611.483032 0.670271099 273.15 0.152510837 680
0.808512795 1.39999998 -0.00213753788 0.727640808 617.542786 0.672098875 273.15 0.156437829 680
0.808452229 1.39999998 -0.00185971017 0.725736976 619.885742 0.672275782 273.15 0.113329135 680
0.808400135 1.39999998 -0.00156451687 0.722167671 618.392822 0.671599865 273.15 0.0857023299 680
0.808356343 1.39999998 -0.00131799359 0.716981649 626.765442 0.673721433 273.15 0.0655761138 680
0.808320707 1.39999998 -0.00110087385 0.708250344 642.386169 0.67882359 273.15 0.0644540265 680
0.808293111 1.39999998 -0.000753954537 0.697126448 644.751465 0.684023857 273.15 0.0654459521 680
0.808273463 1.39999998 -0.000359871441 0.683989763 646.48468 0.686881423 273.15 0.052411586 680
0.808261701 1.39999998 -9.13443914e-05 0.671387374 658.60199 0.686870873 273.15 0.0295659732 680
0.808257784 1.39999998 0 0.65943718 682.440308 0.681640148 273.15 0.0156768728 680
0.808261701 1.39999998 9.13443914e-05 0.649582267 661.634827 0.676208079 273.15 0.0268288422 680
0.808273463 1.39999998 0.000359871441 0.634229481 664.711121 0.674751163 273.15 0.0415704697 680
0.808293111 1.39999998 0.000753954537 0.611126065 690.935242 0.672259927 273.15 0.0427614264 680
0.808320707 1.39999998 0.00110087385 0.582319975 717.267029 0.663441956 273.15 0.0324573815 680
0.808356343 1.39999998 0.00131799359 0.555940449 706.50116 0.655074298 273.15 0.0256304499 680
0.808400135 1.39999998 0.00156451687 0.536166728 701.212646 0.653892338 273.15 0.0278034881 680
0.808452229 1.39999998 0.00185971017 0.508843005 729.029846 0.649744511 273.15 0.0286546256 680
0.808512795 1.39999998 0.00213753788 0.477567762 752.493042 0.639732897 273.15 0.0265623406 680
0.808582034 1.39999998 0.00239655561 0.448580176 751.734131 0.631190419 273.15 0.0251774453 680
0.808660178 1.39999998 0.00266543859 0.420123994 751.334717 0.625606954 273.15 0.0251167715 680
0.808747487 1.39999998 0.0029448664 0.387802154 762.868225 0.618604124 273.15 0.025078319 680
0.808844255 1.39999998 0.00322562095 0.353309453 776.030151 0.609260321 273.15 0.0247021299 680
0.808950808 1.39999998 0.00350516967 0.318407774 783.82312 0.599468231 273.15 0.0243164655 680
0.809067508 1.39999998 0.00378722306 0.283200026 788.819397 0.590358555 273.15 0.0241564866 680
0.809194754 1.39999998 0.0040742351 0.246286124 796.116882 0.58103317 273.15 0.024155587 680
0.809332982 1.39999998 0.00436490291 0.20762901 805.191162 0.570692599 273.15 0.0241849534 680
0.809482672 1.39999998 0.00465840745 0.167902261 813.486328 0.559485614 273.15 0.0242198408 680
0.809644345 1.39999998 0.00495449175 0.127608031 820.125366 0.547847688 273.15 0.02429289 680
0.809818568 1.39999998 0.00525397896 0.0867052302 825.744812 0.536103964 273.15 0.0244482961 680
0.810005956 1.39999998 0.00555754961 0.0447770506 831.58429 0.523958385 273.15 0.0246845298 680
0.810207178 1.39999998 0.00586500493 0.00184445642 837.699524 0.511303127 273.15 0.0249934662 680
0.810422955 1.39999998 0.00617667025 -0.0420645289 843.710938 0.498176008 273.15 0.025373064 680
0.810654067 1.39999998 0.00649247495 -0.0869411901 849.341064 0.484383941 273.15 0.0258060619 680
0.810901359 1.39999998 0.0068122607 -0.132486597 854.448486 0.470041484 273.15 0.026301343 680
0.811165739 1.39999998 0.00713625653 -0.178677052 859.024719 0.455133915 273.15 0.0268605649 680
0.811448188 1.39999998 0.00746427898 -0.225379184 862.994629 0.439542353 273.15 0.0273301564 680
0.81174976 1.39999998 0.00779628038 -0.272329599 866.283875 0.423455834 273.15 0.0278669335 680
0.812071593 1.39999998 0.00813247502 -0.319647998 869.176453 0.406783611 273.15 0.0284796208 680
0.81241491 1.39999998 0.00847259752 -0.367236495 871.573608 0.389384896 273.15 0.0291659199 680
0.812781025 1.39999998 0.00881652927 -0.414842278 873.415344 0.371412843 273.15 0.0299400818 680
0.813171351 1.39999998 0.0091642777 -0.462578982 874.931824 0.352640778 273.15 0.0308087673 680
0.81358741 1.39999998 0.00951522067 -0.510034919 875.489929 0.332783997 273.15 0.0317536928 680
0.81403083 1.39999998 0.00986874982 -0.556357563 874.626892 0.311945975 273.15 0.0327783674 680
0.814503365 1.39999998 0.010224381 -0.600994706 872.12384 0.290173322 273.15 0.0338900089 680
0.815006896 1.39999998 0.0105814793 -0.643318653 867.875854 0.267586291 273.15 0.0351025797 680
0.815543439 1.39999998 0.0109396218 -0.682887077 862.1922 0.244945064 273.15 0.0364579633 680
0.816115158 1.39999998 0.0112984818 -0.719683349 855.135986 0.221782312 273.15 0.0379614606 680
0.816724374 1.39999998 0.0116570561 -0.753098428 846.390076 0.19758445 273.15 0.0396170691 680
0.817373574 1.39999998 0.0120143095 -0.781932592 835.471436 0.172578439 273.15 0.0414474569 680
0.818065422 1.39999998 0.0123693213 -0.80556637 821.995605 0.146835774 273.15 0.0434746332 680
0.81880277 1.39999998 0.012720973 -0.822959781 805.584351 0.121331237 273.15 0.0457311422 680
0.819588671 1.39999998 0.0130683278 -0.833767474 785.741272 0.0979383886 273.15 0.0482579097 680
0.820426391 1.39999998 0.013410687 -0.838124752 763.282837 0.0744981319 273.15 0.0511042103 680
0.821319422 1.39999998 0.0137470613 -0.835257411 738.705017 0.0526544601 273.15 0.0544220097 680
0.822271494 1.39999998 0.01407672 -0.825634897 712.734436 0.0359218158 273.15 0.0584170334 680
0.82328659 1.39999998 0.0143993456 -0.810146868 686.307373 0.0203701425 273.15 0.0632507354 680
0.824368957 1.39999998 0.014714408 -0.789123058 659.565674 0.0114455195 273.15 0.0692407191 680
0.825523125 1.39999998 0.015021839 -0.763274968 633.232971 0.00452178111 273.15 0.0767224506 680
0.826753915 1.39999998 0.0153222744 -0.733804762 607.854675 0.0018679382 273.15 0.0862585083 680
0.828066458 1.39999998 0.0156163719 -0.701784909 583.788452 0.000502582523 273.15 0.0986077264 680
0.829466203 1.39999998 0.0159056597 -0.668370008 561.491211 6.94871633e-05 273.15 0.115033612 680
0.830958934 1.39999998 0.0161926956 -0.635008574 541.749573 0 273.15 0.137718394 680
0.832550782 1.39999998 0.0164797193 -0.602649808 525.182007 0 273.15 0.170215964 680
0.834248231 1.39999998 0.0167699899 -0.572163045 511.845032 0 273.15 0.217829034 680
0.836058133 1.39999998 0.0170675003 -0.544489443 501.775299 0 273.15 0.303933352 680
0.837987712 1.39999998 0.0173739689 -0.519815445 494.253479 0 273.15 0.498492748 680
0.840044568 1.39999998 0.0176910194 -0.49801299 488.223999 0 273.15 0.839717865 680
0.842236679 1.39999998 0.0180201935 -0.479023427 483.342468 0 274.844 0 680
0.844572403 1.39999998 0.0183612004 -0.462454587 479.108612 0 274.844 0 680
0.847060465 1.39999998 0.018713165 -0.447728604 475.002167 0 274.844 0 680
0.84970995 1.39999998 0.0190751836 -0.434355557 470.831757 0 274.844 0 680
0.852530284 1.39999998 0.019446742 -0.422032952 466.545013 0 274.844 0 680
0.855531212 1.39999998 0.0198273625 -0.410589397 462.141083 0 274.844 0 680
0.858722763 1.39999998 0.0202164017 -0.399871707 457.574524 0 274.844 0 680
0.862115212 1.39999998 0.0206129239 -0.389719933 452.793518 0 274.844 0 680
0.865719028 1.39999998 0.0210158945 -0.379983068 447.767548 0 274.844 0 680
0.869544815 1.39999998 0.0214241955 -0.37054652 442.528168 0 274.844 0 680
0.873603241 1.39999998 0.0218366534 -0.361330956 437.107788 0 274.844 0 680
0.877904951 1.39999998 0.0222520981 -0.352293521 431.544678 0 274.844 0 680
0.882460472 1.39999998 0.0226692108 -0.343405098 425.88446 0 274.844 0 680
0.887280103 1.39999998 0.0230865775 -0.334645122 420.148407 0 274.844 0 680
0.892373788 1.39999998 0.0235028488 -0.326025665 414.382843 0 274.844 0 680
0.897750981 1.39999998 0.0239165132 -0.31756705 408.656769 0 274.844 0 680
0.903420493 1.39999998 0.0243260438 -0.309298992 403.032257 0 274.844 0 680
0.909390331 1.39999998 0.0247300376 -0.301288545 397.569946 0 274.844 0 680
0.915667521 1.39999998 0.0251267806 -0.293585002 392.259949 0 274.844 0 680
0.922257927 1.39999998 0.0255145317 -0.286224723 387.052307 0 274.844 0 680
0.92916606 1.39999998 0.0258914527 -0.279259443 381.954285 0 274.844 0 680
0.936394887 1.39999998 0.0262554007 -0.272722334 376.97995 0 274.844 0 680
0.943945639 1.39999998 0.026604136 -0.266647547 372.139465 0 274.844 0 680
0.951817626 1.39999998 0.0269348821 -0.261043996 367.433563 0 274.844 0 680
0.960008059 1.39999998 0.0272446126 -0.255899459 362.849976 0 274.844 0 680
0.968511893 1.39999998 0.0275297066 -0.251180321 358.37265 0 274.844 0 680
0.977321692 1.39999998 0.0277861853 -0.246824399 353.975739 0 274.844 0 680
0.986427518 1.39999998 0.0280095661 -0.242753088 349.626984 0 274.844 0 680
0.995816857 1.39999998 0.0281949055 -0.238856733 345.281891 0 274.844 0 680
1.00547459 1.39999998 0.0283368423 -0.234998375 340.909485 0 274.844 0 680
1.01538298 1.39999998 0.0284299182 -0.23102814 336.485535 0 274.844 0 680
1.02552177 1.39999998 0.0284687292 -0.226797849 331.980103 0 274.844 0 680
1.03586825 1.39999998 0.0284480766 -0.222154647 327.369995 0 274.844 0 680
1.04639746 1.39999998 0.0283631831 -0.216947585 322.649719 0 274.844 0 680
1.05708235 1.39999998 0.0282103146 -0.211056709 317.815735 0 274.844 0 680
1.06789408 1.39999998 0.0279870664 -0.204425842 312.856049 0 274.844 0 680
1.07880231 1.39999998 0.0276918902 -0.197006866 307.775757 0 274.844 0 680
1.08977553 1.39999998 0.0273249418 -0.188785106 302.599213 0 274.844 0 680
1.10078145 1.39999998 0.0268881867 -0.179827362 297.344208 0 274.844 0 680
1.11178736 1.39999998 0.026385152 -0.17023845 292.02533 0 274.844 0 680
1.12276058 1.39999998 0.0258207987 -0.160152182 286.671844 0 274.844 0 680
1.13366881 1.39999998 0.0252012651 -0.149719834 281.312073 0 274.844 0 680
1.14448054 1.39999998 0.0245337085 -0.139103279 275.987732 0 274.844 0 680
1.15516543 1.39999998 0.0238260383 -0.128474519 270.783173 0 274.844 0 680
1.16569464 1.39999998 0.0230863301 -0.117992535 265.768646 0 274.844 0 680
1.17604112 1.39999998 0.022322514 -0.107786492 260.972626 0 274.844 0 680
1.18617991 1.39999998 0.0215421461 -0.09795665 256.419128 0 274.844 0 680
1.19608831 1.39999998 0.0207521929 -0.0885800794 252.093323 0 274.844 0 680
1.20574603 1.39999998 0.0199587491 -0.0796985626 248.048859 0 274.844 0 680
1.21513537 1.39999998 0.0191669901 -0.0713253021 244.362656 0 274.844 0 680
1.2242412 1.39999998 0.0183812025 -0.0634533167 240.98317 0 274.844 0 680
1.233051 1.39999998 0.0176048205 -0.0560455769 237.817963 0 274.844 0 680
1.24155483 1.39999998 0.0168404871 -0.0490484983 234.823578 0 274.844 0 680
1.24974527 1.39999998 0.0160901671 -0.0423977859 231.949982 0 274.844 0 680
1.25761725 1.39999998 0.0153553291 -0.0360269248 229.160141 0 274.844 0 680
1.265168 1.39999998 0.0146371243 -0.0298758242 226.459198 0 274.844 0 680
1.27239683 1.39999998 0.0139363831 -0.0238893479 223.820068 0 274.844 0 680
1.27930496 1.39999998 0.0132537844 -0.0180186816 221.23735 0 274.844 0 680
1.28589537 1.39999998 0.0125898527 -0.0122250924 218.708679 0 274.844 0 680
1.29217256 1.39999998 0.0119451271 -0.00648149289 216.221664 0 274.844 0 680
1.2981424 1.39999998 0.0113201595 -0.000774594431 213.778183 0 274.844 0 680
1.30381191 1.39999998 0.0107154633 0.00489826966 211.408188 0 274.844 0 680
1.3091891 1.39999998 0.0101315314 0.0105306795 209.130707 0 274.844 0 680
1.31428279 1.39999998 0.00956875567 0.0161120836 206.934296 0 274.844 0 680
1.31910242 1.39999998 0.00902754224 0.0216263831 204.810623 0 274.844 0 680
1.32365794 1.39999998 0.00850820662 0.0270543154 202.751236 0 274.844 0 680
1.32795965 1.39999998 0.00801090826 0.0323774144 200.735229 0 274.844 0 680
1.33201808 1.39999998 0.00753580499 0.0375772752 198.697922 0 274.844 0 680
1.33584386 1.39999998 0.0070829025 0.0426401943 196.59137 0 274.844 0 680
1.33944768 1.39999998 0.00665204364 0.0475536808 194.466736 0 274.844 0 680
1.34284013 1.39999998 0.00624299548 0.0523019955 192.41008 0 274.844 0 680
1.34603168 1.39999998 0.0058553707 0.0568710864 190.460419 0 274.844 0 680
1.34903261 1.39999998 0.00548871267 0.0612511337 188.618286 0 274.844 0 680
1.35185294 1.39999998 0.00514253732 0.0654338226 186.893036 0 274.844 0 680
1.35450243 1.39999998 0.00481622997 0.0694141686 185.286972 0 274.844 0 680
1.35699049 1.39999998 0.00450902495 0.0731946155 183.788544 0 274.844 0 680
1.35932621 1.39999998 0.0042200644 0.0767832026 182.373093 0 274.844 0 680
1.36151832 1.39999998 0.00394850863 0.0801869929 181.026093 0 274.844 0 680
1.36357518 1.39999998 0.0036937756 0.0834045559 179.754257 0 274.844 0 680
1.36550476 1.39999998 0.00345530514 0.0864271447 178.609451 0 274.844 0 680
1.36731466 1.39999998 0.00323235141 0.0892506987 177.619415 0 274.844 0 680
1.36901211 1.39999998 0.00302380549 0.0918891206 176.715073 0 274.844 0 680
1.37060396 1.39999998 0.00282857098 0.0943662003 175.836792 0 274.844 0 680
1.37209669 1.39999998 0.0026456648 0.0967014134 174.974579 0 274.844 0 680
1.37349643 1.39999998 0.00247420102 0.0989089608 174.133133 0 274.844 0 680
1.37480898 1.39999998 0.00231337732 0.100999959 173.31134 0 274.844 0 680
1.37603977 1.39999998 0.0021624639 0.102983937 172.506027 0 274.844 0 680
1.37719393 1.39999998 0.00202079418 0.104868874 171.714478 0 274.844 0 680
1.3782763 1.39999998 0.00188775708 0.106661715 170.937531 0 274.844 0 680
1.3792914 1.39999998 0.00176279059 0.108368494 170.176407 0 274.844 0 680
1.38024347 1.39999998 0.00164537631 0.109994531 169.430191 0 274.844 0 680
1.3811365 1.39999998 0.00153503495 0.111544587 168.698257 0 274.844 0 680
1.38197422 1.39999998 0.00143132239 0.113022864 167.979568 0 274.844 0 680
1.38276012 1.39999998 0.00133382637 0.114433132 167.272736 0 274.844 0 680
1.38349747 1.39999998 0.00124216368 0.115779206 166.574966 0 274.844 0 680
1.38418932 1.39999998 0.00115597763 0.117064551 165.887009 0 274.844 0 680
1.38483852 1.39999998 0.00107493591 0.118292354 165.211258 0 274.844 0 680
1.38544773 1.39999998 0.000998728693 0.119465463 164.546417 0 274.844 0 680
1.38601945 1.39999998 0.000927066921 0.120586716 163.890976 0 274.844 0 680
1.386556 1.39999998 0.000859680807 0.12165875 163.241562 0 274.844 0 680
1.38705953 1.39999998 0.000796318467 0.122684225 162.598328 0 274.844 0 680
1.38753206 1.39999998 0.000736744689 0.123665325 161.963013 0 274.844 0 680
1.38797548 1.39999998 0.000680739816 0.12460424 161.332977 0 274.844 0 680
1.38839154 1.39999998 0.00062809871 0.125503138 160.705566 0 274.844 0 680
1.38878187 1.39999998 0.00057862982 0.126364097 160.081421 0 274.844 0 680
1.38914798 1.39999998 0.000532154306 0.127188832 159.459 0 274.844 0 680
1.3894913 1.39999998 0.00048850524 0.127979338 158.836014 0 274.844 0 680
1.38981313 1.39999998 0.000447526858 0.128737122 158.211243 0 274.844 0 680
1.3901147 1.39999998 0.000409073878 0.129464164 157.581924 0 274.844 0 680
1.39039715 1.39999998 0.000373011756 0.130161554 156.951843 0 274.844 0 680
1.39066153 1.39999998 0.000339217825 0.13083075 156.322815 0 274.844 0 680
1.39090882 1.39999998 0.000307577359 0.13147226 155.693619 0 274.844 0 680
1.39113994 1.39999998 0.000277982551 0.132087633 155.062881 0 274.844 0 680
1.39135571 1.39999998 0.000250332343 0.132677063 154.429703 0 274.844 0 680
1.39155693 1.39999998 0.00022453223 0.133242294 153.792297 0 274.844 0 680
1.39174432 1.39999998 0.000200494037 0.133782819 153.150711 0 274.844 0 680
1.39191855 1.39999998 0.000178135683 0.134300709 152.50412 0 274.844 0 680
1.39208022 1.39999998 0.000157380948 0.134794265 151.855469 0 274.844 0 680
1.39222991 1.39999998 0.000138159228 0.135266095 151.205811 0 274.844 0 680
1.39236814 1.39999998 0.0001204053 0.135712311 150.564911 0 274.844 0 680
1.39249538 1.39999998 0.000104059096 0.136136457 149.94133 0 274.844 0 680
1.39261208 1.39999998 8.90654788e-05 0.136530846 149.362549 0 274.844 0 680
1.39271864 1.39999998 7.53740356e-05 0.136900738 148.855942 0 274.844 0 680
1.3928154 1.39999998 6.29388822e-05 0.13723062 148.488892 0 274.844 0 680
1.39290271 1.39999998 5.17184793e-05 0.137530923 148.334915 0 274.844 0 680
1.39298086 1.39999998 4.16754642e-05 0.137770697 148.525558 0 274.844 0 680
1.3930501 1.39999998 3.27764961e-05 0.137971535 149.269806 0 274.844 0 680
1.39311066 1.39999998 2.49921167e-05 0.138079256 150.70639 0 274.844 0 680
1.39316276 1.39999998 1.82966255e-05 0.138134703 153.476791 0 274.844 0 680
1.39320655 1.39999998 1.26679699e-05 0.138054907 157.161224 0 274.844 0 680
1.39324218 1.39999998 8.08765014e-06 0.137889773 164.713791 0 274.844 0 680
1.39326978 1.39999998 4.54063884e-06 0.137550518 181.844284 0 274.844 0 680
1.39328943 1.39999998 2.01531594e-06 0.136778235 226.475388 0 274.844 0 680
1.39330119 1.39999998 5.03417604e-07 0.136223137 472.257446 0 274.844 0 680

ZONE T="SLICE_Y_0p10_BINS01_KS_1p0mm_CUTDATA"
1.02809322 0.100000001 0 0.129027799 1101.00537 0 274.844 0 680
1.02808673 0.100000001 -8.34969327e-07 0.129998401 499.240173 0 274.844 0 680
1.02806722 0.100000001 -3.34260658e-06 0.13018012 246.367538 0 274.844 0 680
1.02803463 0.100000001 -7.53111159e-06 0.130803242 203.13652 0 274.844 0 680
1.02798886 0.100000001 -1.34141908e-05 0.130905807 189.527954 0 274.844 0 680
1.02792975 0.100000001 -2.10111173e-05 0.130800158 185.347458 0 274.844 0 680
1.02785712 0.100000001 -3.03468154e-05 0.130647242 184.631805 0 274.844 0 680
1.02777072 0.100000001 -4.14519688e-05 0.130344406 184.488708 0 274.844 0 680
1.02767026 0.100000001 -5.43631542e-05 0.130048618 185.051331 0 274.844 0 680
1.02755542 0.100000001 -6.91229984e-05 0.129681841 185.596725 0 274.844 0 680
1.02742581 0.100000001 -8.5780361e-05 0.129307806 186.330719 0 274.844 0 680
1.027281 0.100000001 -0.000104390541 0.128883675 186.983154 0 274.844 0 680
1.0271205 0.100000001 -0.000125015508 0.128449187 187.668091 0 274.844 0 680
1.02694377 0.100000001 -0.00014772416 0.12797685 188.29837 0 274.844 0 680
1.02675021 0.100000001 -0.0001725926 0.12748757 188.932709 0 274.844 0 680
1.02653916 0.100000001 -0.000199704443 0.126966611 189.539429 0 274.844 0 680
1.0263099 0.100000001 -0.000229151139 0.126423568 190.141922 0 274.844 0 680
1.02606162 0.100000001 -0.000261032318 0.125850618 190.730255 0 274.844 0 680
1.02579347 0.100000001 -0.000295456158 0.125251845 191.315704 0 274.844 0 680
1.0255045 0.100000001 -0.000332539763 0.124622509 191.894455 0 274.844 0 680
1.0251937 0.100000001 -0.000372409553 0.123964198 192.470169 0 274.844 0 680
1.02485995 0.100000001 -0.000415201666 0.123273849 193.043976 0 274.844 0 680
1.02450207 0.100000001 -0.000461062349 0.122551851 193.621338 0 274.844 0 680
1.02411874 0.100000001 -0.00051014835 0.121795721 194.201508 0 274.844 0 680
1.02370858 0.100000001 -0.000562627283 0.121005148 194.786514 0 274.844 0 680
1.02327008 0.100000001 -0.000618677956 0.120178021 195.378128 0 274.844 0 680
1.02280161 0.100000001 -0.000678490655 0.119313695 195.977249 0 274.844 0 680
1.02230142 0.100000001 -0.000742268836 0.118410081 196.582382 0 274.844 0 680
1.02176763 0.100000001 -0.000810235652 0.117465675 197.193878 0 274.844 0 680
1.02119821 0.100000001 -0.000882632071 0.116478138 197.812866 0 274.844 0 680
1.02059097 0.100000001 -0.000959716441 0.115445636 198.440628 0 274.844 0 680
1.01994357 0.100000001 -0.00104176563 0.114365712 199.077957 0 274.844 0 680
1.0192535 0.100000001 -0.00112907626 0.113236204 199.725754 0 274.844 0 680
1.01851804 0.100000001 -0.00122196604 0.112054452 200.384903 0 274.844 0 680
1.01773429 0.100000001 -0.00132077521 0.110817969 201.055939 0 274.844 0 680
1.01689913 0.100000001 -0.0014258681 0.10952384 201.738556 0 274.844 0 680
1.01600922 0.100000001 -0.00153763483 0.108169191 202.433884 0 274.844 0 680
1.01506097 0.100000001 -0.00165649317 0.106750831 203.143372 0 274.844 0 680
1.01405052 0.100000001 -0.0017828906 0.105265446 203.867905 0 274.844 0 680
1.01297376 0.100000001 -0.00191730653 0.103709616 204.608139 0 274.844 0 680
1.01182626 0.100000001 -0.00206025487 0.102079548 205.364365 0 274.844 0 680
1.01060329 0.100000001 -0.00221228677 0.100371301 206.137238 0 274.844 0 680
1.00929979 0.100000001 -0.00237399384 0.0985807329 206.927017 0 274.844 0 680
1.00791035 0.100000001 -0.00254601168 0.0967030972 207.73407 0 274.844 0 680
1.00642917 0.100000001 -0.00272902406 0.0947336853 208.558884 0 274.844 0 680
1.00485006 0.100000001 -0.00292376758 0.0926669762 209.40152 0 274.844 0 680
1.00316642 0.100000001 -0.00313103723 0.0904972404 210.262131 0 274.844 0 680
1.0013712 0.100000001 -0.00335169279 0.08821778 211.141312 0 274.844 0 680
0.999456897 0.100000001 -0.00358666644 0.0858214721 212.039795 0 274.844 0 680
0.997415507 0.100000001 -0.0038369717 0.0832995847 212.957748 0 274.844 0 680
0.995238522 0.100000001 -0.00410371417 0.080642432 213.89534 0 274.844 0 680
0.992916902 0.100000001 -0.00438810431 0.0778380409 214.851593 0 274.844 0 680
0.990441055 0.100000001 -0.00469147282 0.074872151 215.826279 0 274.844 0 680
0.987800814 0.100000001 -0.00501528913 0.0717262402 216.823898 0 274.844 0 680
0.984985421 0.100000001 -0.00536118375 0.0683770999 217.849304 0 274.844 0 680
0.981983514 0.100000001 -0.00573097521 0.0647931248 218.953568 0 274.844 0 680
0.978783111 0.100000001 -0.00612650272 0.0609568283 220.191452 0 274.844 0 680
0.975371607 0.100000001 -0.00654900337 0.0568759367 221.563385 0 274.844 0 680
0.971735767 0.100000001 -0.00699940625 0.0525698327 223.032455 0 274.844 0 680
0.967861732 0.100000001 -0.00747867674 0.0480472259 224.579483 0 274.844 0 680
0.963735028 0.100000001 -0.00798820752 0.0433030352 226.229477 0 274.844 0 680
0.959340588 0.100000001 -0.00852942146 0.0383358598 227.876144 0 274.844 0 680
0.954662776 0.100000001 -0.00910358851 0.0331487767 229.365463 0 274.844 0 680
0.949685431 0.100000001 -0.00971172817 0.0277491361 230.618301 0 274.844 0 680
0.944391919 0.100000001 -0.0103546433 0.0221465193 231.743378 0 274.844 0 680
0.938765198 0.100000001 -0.0110330913 0.016358681 232.814026 0 274.844 0 680
0.932787903 0.100000001 -0.0117477146 0.0103976009 233.845291 0 274.844 0 680
0.926442445 0.100000001 -0.0124988995 0.00427066023 235.312057 0 274.844 0 680
0.919711133 0.100000001 -0.0132869066 -0.00200261432 238.040787 0 274.844 0 680
0.912576309 0.100000001 -0.0141117265 -0.00833919551 241.526962 0 274.844 0 680
0.905020513 0.100000001 -0.0149730975 -0.0146553023 244.262817 0 274.844 0 680
0.897026665 0.100000001 -0.015870755 -0.0209481716 246.313354 0 274.844 0 680
0.88857827 0.100000001 -0.0168041758 -0.0272113252 248.344589 0 274.844 0 680
0.879659649 0.100000001 -0.0177726863 -0.0334152468 250.403091 0 274.844 0 680
0.870256186 0.100000001 -0.0187756365 -0.0395335518 252.495514 0 274.844 0 680
0.860354602 0.100000001 -0.0198122088 -0.0455506146 254.604126 0 274.844 0 680
0.849943243 0.100000001 -0.0208815518 -0.0514611267 256.690399 0 274.844 0 680
0.839012385 0.100000001 -0.0219827501 -0.0572673157 258.744446 0 274.844 0 680
0.827554543 0.100000001 -0.0231149096 -0.0629903898 260.785187 0 274.844 0 680
0.815564798 0.100000001 -0.0242771602 -0.0686639249 262.82074 0 274.844 0 680
0.803041106 0.100000001 -0.025468376 -0.074330546 264.870117 0 274.844 0 680
0.789984616 0.100000001 -0.0266871795 -0.0800373256 266.958557 0 274.844 0 680
0.77639995 0.100000001 -0.0279316616 -0.0858327895 269.115021 0 274.844 0 680
0.762295475 0.100000001 -0.0291993863 -0.0917645022 271.380035 0 274.844 0 680
0.747683526 0.100000001 -0.0304870948 -0.0978692248 273.757324 0 274.844 0 680
0.732580587 0.100000001 -0.0317904036 -0.104167588 276.203247 0 274.844 0 680
0.717007413 0.100000001 -0.0331036165 -0.110663548 278.672241 0 274.844 0 680
0.700989088 0.100000001 -0.0344196238 -0.117344394 281.143707 0 274.844 0 680
0.684555011 0.100000001 -0.0357298415 -0.1241787 283.717072 0 274.844 0 680
0.667738796 0.100000001 -0.037024161 -0.131096497 286.601288 0 274.844 0 680
0.650578095 0.100000001 -0.0382910279 -0.13797991 289.915436 0 274.844 0 680
0.633114333 0.100000001 -0.0395179091 -0.144680485 293.655945 0 274.844 0 680
0.615392355 0.100000001 -0.0406916523 -0.151028976 297.734955 0 274.844 0 680
0.59746 0.100000001 -0.0417988628 -0.15684253 302.018677 0 274.844 0 680
0.579367595 0.100000001 -0.0428264223 -0.161931142 306.392761 0 274.844 0 680
0.561167393 0.100000001 -0.0437624597 -0.166150436 310.76712 0 274.844 0 680
0.542912961 0.100000001 -0.0445967938 -0.169357032 315.062286 0 274.844 0 680
0.52465853 0.100000001 -0.0453211967 -0.171457753 319.221588 0 274.844 0 680
0.506458328 0.100000001 -0.0459298179 -0.17237018 323.185944 0 274.844 0 680
0.488365923 0.100000001 -0.0464193978 -0.172073007 326.90506 0 274.844 0 680
0.470433568 0.100000001 -0.0467896775 -0.170676231 330.386627 0 274.844 0 680
0.45271159 0.100000001 -0.0470432255 -0.168258846 333.657257 0 274.844 0 680
0.435247828 0.100000001 -0.04718403 -0.164899677 336.706299 0 274.844 0 680
0.418087127 0.100000001 -0.0472182845 -0.160746902 339.541656 0 274.844 0 680
0.401270912 0.100000001 -0.0471539124 -0.155990481 342.218842 0 274.844 0 680
0.384836835 0.100000001 -0.0469995367 -0.15079999 344.794464 0 274.844 0 680
0.36881851 0.100000001 -0.04676412 -0.145330116 347.3255 0 274.844 0 680
0.353245336 0.100000001 -0.0464567158 -0.139728338 349.868347 0 274.844 0 680
0.338142397 0.100000001 -0.0460862159 -0.134123981 352.483093 0 274.844 0 680
0.323530448 0.100000001 -0.04566082 -0.128616482 355.219208 0 274.844 0 680
0.309425973 0.100000001 -0.0451879625 -0.123273209 358.117523 0 274.844 0 680
0.295841307 0.100000001 -0.0446742429 -0.118144967 361.228882 0 274.844 0 680
0.282784817 0.100000001 -0.0441256669 -0.11325065 364.591675 0 274.844 0 680
0.270261125 0.100000001 -0.043547254 -0.108589195 368.200073 0 274.844 0 680
0.25827138 0.100000001 -0.0429436092 -0.104145758 372.062378 0 274.844 0 680
0.246813538 0.100000001 -0.0423184473 -0.0998846143 376.198883 0 274.844 0 680
0.23588268 0.100000001 -0.0416753227 -0.0957750008 380.566925 0 274.844 0 680
0.225471321 0.100000001 -0.041017284 -0.091769971 385.103302 0 274.844 0 680
0.215569737 0.100000001 -0.0403472192 -0.0878425241 389.754974 0 274.844 0 680
0.206166274 0.100000001 -0.039667971 -0.0839625075 394.458191 0 274.844 0 680
0.197247653 0.100000001 -0.0389818665 -0.0800888091 399.175537 0 274.844 0 680
0.188799258 0.100000001 -0.0382914381 -0.0762115493 403.874969 0 274.844 0 680
0.180805409 0.100000001 -0.0375991931 -0.0723253936 408.521393 0 274.844 0 680
0.173249614 0.100000001 -0.0369073692 -0.0684310719 413.135498 0 274.844 0 680
0.16611479 0.100000001 -0.0362183119 -0.0645490363 417.759735 0 274.844 0 680
0.159383478 0.100000001 -0.0355342085 -0.060695421 422.384735 0 274.844 0 680
0.15303802 0.100000001 -0.0348569996 -0.0568947494 426.976624 0 274.844 0 680
0.147060725 0.100000001 -0.034188632 -0.0531876571 431.499817 0 274.844 0 680
0.141434004 0.100000001 -0.0335309596 -0.0496289842 435.91098 0 274.844 0 680
0.136140492 0.100000001 -0.0328856984 -0.046272859 440.13028 0 274.844 0 680
0.131163147 0.100000001 -0.0322544005 -0.0431669839 443.268036 0 274.844 0 680
0.126485335 0.100000001 -0.0316381332 -0.0406212881 444.563538 0 274.754 0.0148035092 680
0.122090895 0.100000001 -0.0310376885 -0.03894547 445.976501 0 273.15 0.75654459 680
0.117964191 0.100000001 -0.0304539194 -0.0380820744 451.04895 0 273.15 0.669164836 680
0.114090156 0.100000001 -0.0298883247 -0.0380878896 458.58606 0 273.15 0.364260554 680
0.110454316 0.100000001 -0.0293423559 -0.0394904055 464.635223 0 273.15 0.246277481 680
0.107042811 0.100000001 -0.0288164955 -0.0428368151 469.724396 0 273.15 0.183530688 680
0.103842409 0.100000001 -0.0283081861 -0.0480508655 475.789276 0 273.15 0.14499639 680
0.100840502 0.100000001 -0.0278147348 -0.0550027452 482.852142 0 273.15 0.119007826 680
0.0980251091 0.100000001 -0.0273332915 -0.063482143 490.609344 0 273.15 0.100320935 680
0.0953848678 0.100000001 -0.0268572335 -0.0728016868 500.526184 0 273.15 0.0865145773 680
0.0929090208 0.100000001 -0.0263811552 -0.0820692033 515.328796 0 273.15 0.0763348863 680
0.0905874014 0.100000001 -0.025901342 -0.0906041861 533.877441 0.00689182105 273.15 0.0687027052 680
0.0884104164 0.100000001 -0.0254135514 -0.0975032449 554.344116 0.0238573588 273.15 0.0629571155 680
0.0863690256 0.100000001 -0.0249152486 -0.101841062 574.868347 0.0429933779 273.15 0.0584238023 680
0.0844547209 0.100000001 -0.0244053431 -0.103228465 594.604492 0.0639364272 273.15 0.0547400154 680
0.0826595044 0.100000001 -0.0238827801 -0.100286804 618.600464 0.0862286538 273.15 0.0520923734 680
0.0809758653 0.100000001 -0.0233476727 -0.0925173908 644.831482 0.109374903 273.15 0.050088916 680
0.0793967569 0.100000001 -0.0228009001 -0.0808403119 665.747253 0.133098021 273.15 0.0480988212 680
0.077915574 0.100000001 -0.0222429891 -0.0652377829 680.83075 0.15718253 273.15 0.0461128093 680
0.0765261295 0.100000001 -0.0216751515 -0.0457029268 692.949524 0.181194335 273.15 0.044308044 680
0.0752226324 0.100000001 -0.0210990283 -0.0225574989 703.173828 0.204996675 273.15 0.0427203216 680
0.073999666 0.100000001 -0.0205157782 0.00404183008 711.290527 0.228466436 273.15 0.041307047 680
0.0728521664 0.100000001 -0.019926955 0.0335498564 717.1474 0.251276523 273.15 0.0400293246 680
0.0717754021 0.100000001 -0.0193344138 0.0653920472 721.118103 0.273293167 273.15 0.0388848297 680
0.0707649547 0.100000001 -0.0187396819 0.099080503 723.267578 0.294448316 273.15 0.0378563218 680
0.0698166998 0.100000001 -0.0181444761 0.133820117 723.841736 0.314594686 273.15 0.0369360223 680
0.0689267889 0.100000001 -0.0175504602 0.16924651 723.514771 0.333960235 273.15 0.0361487493 680
0.0680916328 0.100000001 -0.0169581763 0.205301672 722.157959 0.352719873 273.15 0.0354858376 680
0.067307885 0.100000001 -0.0163683259 0.241615355 719.488892 0.370672911 273.15 0.0349172279 680
0.0665724266 0.100000001 -0.0157819618 0.277858317 715.765869 0.387749881 273.15 0.034439981 680
0.0658823521 0.100000001 -0.0151998872 0.313732415 711.016602 0.403926641 273.15 0.0340193808 680
0.0652349552 0.100000001 -0.014623111 0.348754376 705.494873 0.419132769 273.15 0.0336828344 680
0.0646277164 0.100000001 -0.0140526652 0.382763684 699.835632 0.433589399 273.15 0.0334648192 680
0.0640582912 0.100000001 -0.0134885374 0.415834129 693.895386 0.447472423 273.15 0.0333684795 680
0.0635244984 0.100000001 -0.0129309244 0.447752833 687.510864 0.460667372 273.15 0.033378575 680
0.0630243098 0.100000001 -0.0123802663 0.478492647 681.066467 0.473278075 273.15 0.033521954 680
0.0625558404 0.100000001 -0.0118362077 0.508102477 674.353149 0.485369086 273.15 0.0338018015 680
0.0621173391 0.100000001 -0.0112988276 0.536394596 667.297363 0.49680683 273.15 0.0342104584 680
0.0617071804 0.100000001 -0.0107684304 0.56334585 660.25293 0.507674873 273.15 0.0347834788 680
0.0613238561 0.100000001 -0.0102446362 0.588934362 653.045959 0.517986596 273.15 0.0355311781 680
0.0609659682 0.100000001 -0.00972770752 0.612999916 645.835266 0.52766645 273.15 0.0364709683 680
0.0606322218 0.100000001 -0.00921776159 0.635587513 638.889465 0.536840558 273.15 0.0376653373 680
0.0603214191 0.100000001 -0.00871425877 0.656633735 632.064575 0.545486271 273.15 0.0391461775 680
0.0600324532 0.100000001 -0.00821752876 0.67611295 625.754089 0.553664267 273.15 0.0410119295 680
0.0597643025 0.100000001 -0.00772644281 0.694165289 619.879028 0.561544001 273.15 0.0434092246 680
0.0595160264 0.100000001 -0.00723963566 0.710731149 613.800354 0.568924546 273.15 0.0463924706 680
0.05928676 0.100000001 -0.00675753353 0.725667179 607.629333 0.575561464 273.15 0.0500387736 680
0.0590757099 0.100000001 -0.00628149485 0.738823771 601.988403 0.581394732 273.15 0.0545313694 680
0.0588821509 0.100000001 -0.0058136806 0.750219166 598.122681 0.586837411 273.15 0.0605674572 680
0.0587054219 0.100000001 -0.0053500206 0.760160804 595.057251 0.592314184 273.15 0.0692947879 680
0.0585449229 0.100000001 -0.0048843606 0.768410683 590.891602 0.597312152 273.15 0.0815470144 680
0.0584001118 0.100000001 -0.00442090115 0.774825096 585.927002 0.601029396 273.15 0.0980632156 680
0.0582705024 0.100000001 -0.00397493136 0.779282749 583.983948 0.603618145 273.15 0.123574473 680
0.0581556614 0.100000001 -0.0035453241 0.782171845 584.493347 0.606108248 273.15 0.177792743 680
0.0580552066 0.100000001 -0.00308451856 0.78359127 580.538147 0.608533859 273.15 0.257250905 680
0.0579688048 0.100000001 -0.00259491044 0.782864153 577.982788 0.611793876 273.15 0.211664498 680
0.0578961707 0.100000001 -0.00218602649 0.78071326 586.672241 0.617958307 273.15 0.130072549 680
0.0578370651 0.100000001 -0.00182591131 0.77619499 594.404968 0.624906838 273.15 0.111044548 680
0.0577912936 0.100000001 -0.00125051032 0.769668818 594.524658 0.628020108 273.15 0.103122845 680
0.0577587064 0.100000001 -0.000596883407 0.760998785 603.282166 0.625939488 273.15 0.0768871307 680
0.0577391965 0.100000001 -0.000151503969 0.751815975 624.19397 0.621436536 273.15 0.0407879166 680
0.0577327003 0.100000001 0 0.742479742 640.591064 0.613957286 273.15 0.0207015295 680
0.0577327003 0.100000001 0 0.742479742 640.591064 0.613957286 273.15 0.0207015295 680
0.0577391965 0.100000001 0.000151503969 0.735519588 617.418823 0.606769919 273.15 0.0354346707 680
0.0577587064 0.100000001 0.000596883407 0.724280179 625.397339 0.603360355 273.15 0.0554916561 680
0.0577912936 0.100000001 0.00125051032 0.706611037 655.370239 0.600662231 273.15 0.0563147105 680
0.0578370651 0.100000001 0.00182591131 0.683157146 677.010132 0.5933671 273.15 0.0412844084 680
0.0578961707 0.100000001 0.00218602649 0.660699546 660.234375 0.586472332 273.15 0.0316859521 680
0.0579688048 0.100000001 0.00259491044 0.645780325 668.01825 0.586170912 273.15 0.0346673913 680
0.0580552066 0.100000001 0.00308451856 0.623020887 696.221497 0.583118439 273.15 0.0354723372 680
0.0581556614 0.100000001 0.0035453241 0.595710993 707.244873 0.57439208 273.15 0.0320924558 680
0.0582705024 0.100000001 0.00397493136 0.571556091 705.914734 0.5668751 273.15 0.0301198121 680
0.0584001118 0.100000001 0.00442090115 0.547870874 715.488281 0.562100351 273.15 0.0301732756 680
0.0585449229 0.100000001 0.0048843606 0.520061374 731.015564 0.555936992 273.15 0.0300707556 680
0.0587054219 0.100000001 0.0053500206 0.489878505 742.265869 0.54744792 273.15 0.0293779485 680
0.0588821509 0.100000001 0.0058136806 0.459491402 749.352356 0.538409472 273.15 0.028730711 680
0.0590757099 0.100000001 0.00628149485 0.42896536 757.427185 0.52992624 273.15 0.0284865946 680
0.05928676 0.100000001 0.00675753353 0.396691084 767.932312 0.521162033 273.15 0.0284472704 680
0.0595160264 0.100000001 0.00723963566 0.362534821 778.189087 0.511360645 273.15 0.028391663 680
0.0597643025 0.100000001 0.00772644281 0.327326149 787.001404 0.500666082 273.15 0.0283307452 680
0.0600324532 0.100000001 0.00821752876 0.291465104 794.51825 0.489497989 273.15 0.0283334963 680
0.0603214191 0.100000001 0.00871425877 0.255058706 801.962952 0.478173614 273.15 0.0284679309 680
0.0606322218 0.100000001 0.00921776159 0.217527673 809.65094 0.466402382 273.15 0.028704254 680
0.0609659682 0.100000001 0.00972770752 0.178928494 816.919922 0.454086125 273.15 0.0290105361 680
0.0613238561 0.100000001 0.0102446362 0.139412537 824.095947 0.441261798 273.15 0.0294043887 680
0.0617071804 0.100000001 0.0107684304 0.098834306 830.809937 0.42774564 273.15 0.0298634563 680
0.0621173391 0.100000001 0.0112988276 0.0575808473 836.829041 0.413651139 273.15 0.0303950198 680
0.0625558404 0.100000001 0.0118362077 0.0156738758 842.533875 0.398964584 273.15 0.0310178362 680
0.0630243098 0.100000001 0.0123802663 -0.0268997718 847.486328 0.3835738 273.15 0.0317053683 680
0.0635244984 0.100000001 0.0129309244 -0.0697934106 851.826721 0.36765787 273.15 0.0324863158 680
0.0640582912 0.100000001 0.0134885374 -0.113164172 855.9198 0.351137906 273.15 0.0333856754 680
0.0646277164 0.100000001 0.0140526652 -0.157016054 859.234375 0.333860546 273.15 0.0343907215 680
0.0652349552 0.100000001 0.014623111 -0.20097515 862.00116 0.315983266 273.15 0.0355333351 680
0.0658823521 0.100000001 0.0151998872 -0.245211095 864.460022 0.297275662 273.15 0.0368312076 680
0.0665724266 0.100000001 0.0157819618 -0.289457828 865.768616 0.277436912 273.15 0.0382619388 680
0.067307885 0.100000001 0.0163683259 -0.33288008 865.572815 0.256576657 273.15 0.0398419127 680
0.0680916328 0.100000001 0.0169581763 -0.374995559 863.796631 0.234715268 273.15 0.0415994711 680
0.0689267889 0.100000001 0.0175504602 -0.415250778 860.190002 0.21195589 273.15 0.0435628705 680
0.0698166998 0.100000001 0.0181444761 -0.453125805 855.258179 0.188539982 273.15 0.0458100438 680
0.0707649547 0.100000001 0.0187396819 -0.48868683 849.072937 0.164243549 273.15 0.0483986363 680
0.0717754021 0.100000001 0.0193344138 -0.52148062 840.649963 0.138804018 273.15 0.0513438508 680
0.0728521664 0.100000001 0.019926955 -0.550457358 829.513 0.112396538 273.15 0.054720033 680
0.073999666 0.100000001 0.0205157782 -0.574923873 815.733643 0.0851670206 273.15 0.0586632527 680
0.0752226324 0.100000001 0.0210990283 -0.5942384 799.355469 0.0574319847 273.15 0.0633630827 680
0.0765261295 0.100000001 0.0216751515 -0.607875347 780.690674 0.0294835661 273.15 0.0691399053 680
0.077915574 0.100000001 0.0222429891 -0.615751266 759.719482 0.00392563967 273.15 0.0764170066 680
0.0793967569 0.100000001 0.0228009001 -0.617816985 734.761353 0 273.15 0.085396342 680
0.0809758653 0.100000001 0.0233476727 -0.614399195 703.712463 0 273.15 0.095797956 680
0.0826595044 0.100000001 0.0238827801 -0.605573058 670.207581 0 273.15 0.108446948 680
0.0844547209 0.100000001 0.0244053431 -0.590411842 641.641052 0 273.15 0.125616819 680
0.0863690256 0.100000001 0.0249152486 -0.570302606 617.153259 0 273.15 0.149773046 680
0.0884104164 0.100000001 0.0254135514 -0.547514081 591.391724 0 273.15 0.184240893 680
0.0905874014 0.100000001 0.025901342 -0.522564888 565.912354 0 273.15 0.238316 680
0.0929090208 0.100000001 0.0263811552 -0.496436864 543.072205 0 273.15 0.336983979 680
0.0953848678 0.100000001 0.0268572335 -0.470242858 524.668701 0 273.15 0.573520958 680
0.0980251091 0.100000001 0.0273332915 -0.444934845 512.043579 0 273.15 0.79788506 680
0.100840502 0.100000001 0.0278147348 -0.421514839 502.163879 0 274.754 0.0449834429 680
0.103842409 0.100000001 0.0283081861 -0.400717348 493.222961 0 274.837 0 680
0.107042811 0.100000001 0.0288164955 -0.382715553 485.886292 0 274.844 0 680
0.110454316 0.100000001 0.0293423559 -0.367404431 480.223511 0 274.844 0 680
0.114090156 0.100000001 0.0298883247 -0.354712129 473.835114 0 274.844 0 680
0.117964191 0.100000001 0.0304539194 -0.34408173 466.091705 0 274.844 0 680
0.122090895 0.100000001 0.0310376885 -0.334981024 461.123016 0 274.844 0 680
0.126485335 0.100000001 0.0316381332 -0.327258855 460.157532 0 274.844 0 680
0.131163147 0.100000001 0.0322544005 -0.320890188 459.327728 0 274.844 0 680
0.136140492 0.100000001 0.0328856984 -0.31556949 456.52887 0 274.844 0 680
0.141434004 0.100000001 0.0335309596 -0.310937673 452.69577 0 274.844 0 680
0.147060725 0.100000001 0.034188632 -0.306879699 448.556305 0 274.844 0 680
0.15303802 0.100000001 0.0348569996 -0.303299993 444.2052 0 274.844 0 680
0.159383478 0.100000001 0.0355342085 -0.300101787 439.689453 0 274.844 0 680
0.16611479 0.100000001 0.0362183119 -0.29720372 435.042847 0 274.844 0 680
0.173249614 0.100000001 0.0369073692 -0.294558555 430.300232 0 274.844 0 680
0.180805409 0.100000001 0.0375991931 -0.292128772 425.478271 0 274.844 0 680
0.188799258 0.100000001 0.0382914381 -0.289869249 420.545502 0 274.844 0 680
0.197247653 0.100000001 0.0389818665 -0.287766546 415.492798 0 274.844 0 680
0.206166274 0.100000001 0.039667971 -0.285815656 410.364838 0 274.844 0 680
0.215569737 0.100000001 0.0403472192 -0.284014732 405.207336 0 274.844 0 680
0.225471321 0.100000001 0.041017284 -0.282402724 400.076202 0 274.844 0 680
0.23588268 0.100000001 0.0416753227 -0.2810058 395.045624 0 274.844 0 680
0.246813538 0.100000001 0.0423184473 -0.279842675 390.174286 0 274.844 0 680
0.25827138 0.100000001 0.0429436092 -0.278958648 385.529022 0 274.844 0 680
0.270261125 0.100000001 0.043547254 -0.278379053 381.146088 0 274.844 0 680
0.282784817 0.100000001 0.0441256669 -0.278133005 377.009583 0 274.844 0 680
0.295841307 0.100000001 0.0446742429 -0.278226167 373.119995 0 274.844 0 680
0.309425973 0.100000001 0.0451879625 -0.278647602 369.476685 0 274.844 0 680
0.323530448 0.100000001 0.04566082 -0.279364258 366.040375 0 274.844 0 680
0.338142397 0.100000001 0.0460862159 -0.28031832 362.759125 0 274.844 0 680
0.353245336 0.100000001 0.0464567158 -0.281432927 359.594788 0 274.844 0 680
0.36881851 0.100000001 0.04676412 -0.282589138 356.494476 0 274.844 0 680
0.384836835 0.100000001 0.0469995367 -0.283650994 353.398285 0 274.844 0 680
0.401270912 0.100000001 0.0471539124 -0.284480691 350.254211 0 274.844 0 680
0.418087127 0.100000001 0.0472182845 -0.284885675 347.013641 0 274.844 0 680
0.435247828 0.100000001 0.04718403 -0.284655303 343.604034 0 274.844 0 680
0.45271159 0.100000001 0.0470432255 -0.283638388 339.979828 0 274.844 0 680
0.470433568 0.100000001 0.0467896775 -0.281665355 336.139374 0 274.844 0 680
0.488365923 0.100000001 0.0464193978 -0.27863282 332.064667 0 274.844 0 680
0.506458328 0.100000001 0.0459298179 -0.274491668 327.743011 0 274.844 0 680
0.52465853 0.100000001 0.0453211967 -0.269187987 323.18869 0 274.844 0 680
0.542912961 0.100000001 0.0445967938 -0.262753695 318.45459 0 274.844 0 680
0.561167393 0.100000001 0.0437624597 -0.255275577 313.601898 0 274.844 0 680
0.579367595 0.100000001 0.0428264223 -0.246867806 308.695801 0 274.844 0 680
0.59746 0.100000001 0.0417988628 -0.237677842 303.81601 0 274.844 0 680
0.615392355 0.100000001 0.0406916523 -0.227876008 299.057587 0 274.844 0 680
0.633114333 0.100000001 0.0395179091 -0.217654064 294.534271 0 274.844 0 680
0.650578095 0.100000001 0.0382910279 -0.207202137 290.377594 0 274.844 0 680
0.667738796 0.100000001 0.037024161 -0.19669053 286.672455 0 274.844 0 680
0.684555011 0.100000001 0.0357298415 -0.186267033 283.408447 0 274.844 0 680
0.700989088 0.100000001 0.0344196238 -0.176043764 280.447235 0 274.844 0 680
0.717007413 0.100000001 0.0331036165 -0.166089207 277.584991 0 274.844 0 680
0.732580587 0.100000001 0.0317904036 -0.156436801 274.738159 0 274.844 0 680
0.747683526 0.100000001 0.0304870948 -0.147096381 271.925446 0 274.844 0 680
0.762295475 0.100000001 0.0291993863 -0.138056666 269.188324 0 274.844 0 680
0.77639995 0.100000001 0.0279316616 -0.129289195 266.567352 0 274.844 0 680
0.789984616 0.100000001 0.0266871795 -0.120751716 264.057037 0 274.844 0 680
0.803041106 0.100000001 0.025468376 -0.112394877 261.617615 0 274.844 0 680
0.815564798 0.100000001 0.0242771602 -0.104170449 259.221405 0 274.844 0 680
0.827554543 0.100000001 0.0231149096 -0.09603443 256.843872 0 274.844 0 680
0.839012385 0.100000001 0.0219827501 -0.0879467204 254.466217 0 274.844 0 680
0.849943243 0.100000001 0.0208815518 -0.0798758566 252.07988 0 274.844 0 680
0.860354602 0.100000001 0.0198122088 -0.0718035251 249.664917 0 274.844 0 680
0.870256186 0.100000001 0.0187756365 -0.0637261719 247.234024 0 274.844 0 680
0.879659649 0.100000001 0.0177726863 -0.0556540303 244.828705 0 274.844 0 680
0.88857827 0.100000001 0.0168041758 -0.0476072133 242.465179 0 274.844 0 680
0.897026665 0.100000001 0.015870755 -0.0396117531 240.139984 0 274.844 0 680
0.905020513 0.100000001 0.0149730975 -0.0316989869 237.816574 0 274.844 0 680
0.912576309 0.100000001 0.0141117265 -0.0238803197 234.867676 0 274.844 0 680
0.919711133 0.100000001 0.0132869066 -0.0161619782 231.216904 0 274.844 0 680
0.926442445 0.100000001 0.0124988995 -0.008611992 228.272537 0 274.844 0 680
0.932787903 0.100000001 0.0117477146 -0.00130088557 226.522552 0 274.844 0 680
0.938765198 0.100000001 0.0110330913 0.00575171737 225.212448 0 274.844 0 680
0.944391919 0.100000001 0.0103546433 0.0125394007 223.899155 0 274.844 0 680
0.949685431 0.100000001 0.00971172817 0.019055469 222.561005 0 274.844 0 680
0.954662776 0.100000001 0.00910358851 0.02529075 221.106644 0 274.844 0 680
0.959340588 0.100000001 0.00852942146 0.0312420186 219.42453 0 274.844 0 680
0.963735028 0.100000001 0.00798820752 0.0369075164 217.624695 0 274.844 0 680
0.967861732 0.100000001 0.00747867674 0.0422883742 215.859543 0 274.844 0 680
0.971735767 0.100000001 0.00699940625 0.0473903976 214.208954 0 274.844 0 680
0.975371607 0.100000001 0.00654900337 0.0522231013 212.643677 0 274.844 0 680
0.978783111 0.100000001 0.00612650272 0.0567860939 211.181366 0 274.844 0 680
0.981983514 0.100000001 0.00573097521 0.0610707253 209.853683 0 274.844 0 680
0.984985421 0.100000001 0.00536118375 0.0650766641 208.65831 0 274.844 0 680
0.987800814 0.100000001 0.00501528913 0.0688219965 207.542847 0 274.844 0 680
0.990441055 0.100000001 0.00469147282 0.0723357722 206.459869 0 274.844 0 680
0.992916902 0.100000001 0.00438810431 0.075640507 205.405365 0 274.844 0 680
0.995238522 0.100000001 0.00410371417 0.0787550956 204.374954 0 274.844 0 680
0.997415507 0.100000001 0.0038369717 0.0816946179 203.368698 0 274.844 0 680
0.999456897 0.100000001 0.00358666644 0.084472239 202.387009 0 274.844 0 680
1.0013712 0.100000001 0.00335169279 0.0870989785 201.430756 0 274.844 0 680
1.00316642 0.100000001 0.00313103723 0.0895851925 200.500854 0 274.844 0 680
1.00485006 0.100000001 0.00292376758 0.0919395983 199.594742 0 274.844 0 680
1.00642917 0.100000001 0.00272902406 0.0941703022 198.70903 0 274.844 0 680
1.00791035 0.100000001 0.00254601168 0.0962845907 197.842484 0 274.844 0 680
1.00929979 0.100000001 0.00237399384 0.0982895195 196.995407 0 274.844 0 680
1.01060329 0.100000001 0.00221228677 0.100191101 196.167145 0 274.844 0 680
1.01182626 0.100000001 0.00206025487 0.10199558 195.357239 0 274.844 0 680
1.01297376 0.100000001 0.00191730653 0.103708245 194.565079 0 274.844 0 680
1.01405052 0.100000001 0.0017828906 0.105334371 193.78862 0 274.844 0 680
1.01506097 0.100000001 0.00165649317 0.106878832 193.027649 0 274.844 0 680
1.01600922 0.100000001 0.00153763483 0.108346105 192.282272 0 274.844 0 680
1.01689913 0.100000001 0.0014258681 0.109740444 191.55127 0 274.844 0 680
1.01773429 0.100000001 0.00132077521 0.111065961 190.833954 0 274.844 0 680
1.01851804 0.100000001 0.00122196604 0.112326249 190.12825 0 274.844 0 680
1.0192535 0.100000001 0.00112907626 0.113525063 189.43335 0 274.844 0 680
1.01994357 0.100000001 0.00104176563 0.114665523 188.749115 0 274.844 0 680
1.02059097 0.100000001 0.000959716441 0.115750983 188.07402 0 274.844 0 680
1.02119821 0.100000001 0.000882632071 0.116784126 187.40683 0 274.844 0 680
1.02176763 0.100000001 0.000810235652 0.117767982 186.746552 0 274.844 0 680
1.02230142 0.100000001 0.000742268836 0.118704818 186.091766 0 274.844 0 680
1.02280161 0.100000001 0.000678490655 0.119597435 185.441147 0 274.844 0 680
1.02327008 0.100000001 0.000618677956 0.120447651 184.793884 0 274.844 0 680
1.02370858 0.100000001 0.000562627283 0.121258073 184.148697 0 274.844 0 680
1.02411874 0.100000001 0.00051014835 0.122029729 183.504456 0 274.844 0 680
1.02450207 0.100000001 0.000461062349 0.122765221 182.862534 0 274.844 0 680
1.02485995 0.100000001 0.000415201666 0.123464979 182.22023 0 274.844 0 680
1.0251937 0.100000001 0.000372409553 0.124131925 181.576569 0 274.844 0 680
1.0255045 0.100000001 0.000332539763 0.124765679 180.925476 0 274.844 0 680
1.02579347 0.100000001 0.000295456158 0.125369817 180.266724 0 274.844 0 680
1.02606162 0.100000001 0.000261032318 0.125942588 179.597046 0 274.844 0 680
1.0263099 0.100000001 0.000229151139 0.126488417 178.91777 0 274.844 0 680
1.02653916 0.100000001 0.000199704443 0.127003923 178.215103 0 274.844 0 680
1.02675021 0.100000001 0.0001725926 0.127496138 177.497208 0 274.844 0 680
1.02694377 0.100000001 0.00014772416 0.127957597 176.745651 0 274.844 0 680
1.0271205 0.100000001 0.000125015508 0.128399149 175.989517 0 274.844 0 680
1.027281 0.100000001 0.000104390541 0.12880677 175.18187 0 274.844 0 680
1.02742581 0.100000001 8.5780361e-05 0.129197165 174.397568 0 274.844 0 680
1.02755542 0.100000001 6.91229984e-05 0.129546583 173.578903 0 274.844 0 680
1.02767026 0.100000001 5.43631542e-05 0.129878536 172.935516 0 274.844 0 680
1.02777072 0.100000001 4.14519688e-05 0.13015157 172.44313 0 274.844 0 680
1.02785712 0.100000001 3.03468154e-05 0.130413666 172.809387 0 274.844 0 680
1.02792975 0.100000001 2.10111173e-05 0.130561158 174.264618 0 274.844 0 680
1.02798886 0.100000001 1.34141908e-05 0.13065362 179.941055 0 274.844 0 680
1.02803463 0.100000001 7.53111159e-06 0.130565763 196.544495 0 274.844 0 680
1.02806722 0.100000001 3.34260658e-06 0.130021855 244.393784 0 274.844 0 680
1.02808673 0.100000001 8.34969327e-07 0.129717946 501.64856 0 274.844 0 680

ZONE T="SLICE_Y_0p75_BINS01_KS_1p0mm_CUTDATA"
1.21069917 0.75 0 0.128211185 1290.16016 0 274.844 0 680
1.21069396 0.75 -6.69193463e-07 0.129341349 577.529785 0 274.844 0 680
1.21067833 0.75 -2.67896125e-06 0.129777312 276.951965 0 274.844 0 680
1.21065221 0.75 -6.03587519e-06 0.130604714 222.401764 0 274.844 0 680
1.21061552 0.75 -1.07509204e-05 0.130895093 203.093719 0 274.844 0 680
1.21056815 0.75 -1.68395436e-05 0.130893365 196.189972 0 274.844 0 680
1.21050994 0.75 -2.43217203e-05 0.130861744 194.084259 0 274.844 0 680
1.21044069 0.75 -3.32220426e-05 0.130657807 193.081085 0 274.844 0 680
1.21036018 0.75 -4.35698249e-05 0.13044928 193.069595 0 274.844 0 680
1.21026814 0.75 -5.53992311e-05 0.130175486 193.213608 0 274.844 0 680
1.21016427 0.75 -6.87494199e-05 0.129880458 193.683777 0 274.844 0 680
1.21004821 0.75 -8.36647112e-05 0.129538223 194.145386 0 274.844 0 680
1.20991957 0.75 -0.000100194771 0.129179925 194.70813 0 274.844 0 680
1.20977793 0.75 -0.000118394819 0.128786027 195.248215 0 274.844 0 680
1.2096228 0.75 -0.000138325848 0.128374308 195.81636 0 274.844 0 680
1.20945365 0.75 -0.000160054871 0.127933085 196.370529 0 274.844 0 680
1.20926991 0.75 -0.000183655182 0.127471164 196.924393 0 274.844 0 680
1.20907092 0.75 -0.000209206632 0.126981676 197.467331 0 274.844 0 680
1.20885601 0.75 -0.000236795919 0.126468882 198.01358 0 274.844 0 680
1.20862442 0.75 -0.000266516898 0.125928566 198.557648 0 274.844 0 680
1.20837532 0.75 -0.000298470891 0.125362605 199.105438 0 274.844 0 680
1.20810784 0.75 -0.000332767003 0.124768123 199.655151 0 274.844 0 680
1.20782101 0.75 -0.000369522448 0.124145694 200.210236 0 274.844 0 680
1.20751379 0.75 -0.000408862853 0.123493157 200.770447 0 274.844 0 680
1.20718506 0.75 -0.000450922552 0.122810356 201.337952 0 274.844 0 680
1.20683362 0.75 -0.000495844854 0.12209554 201.912903 0 274.844 0 680
1.20645816 0.75 -0.000543782264 0.12134815 202.495865 0 274.844 0 680
1.20605728 0.75 -0.000594897845 0.120566495 203.085205 0 274.844 0 680
1.20562947 0.75 -0.000649370443 0.119749218 203.681183 0 274.844 0 680
1.2051731 0.75 -0.000707393186 0.11889445 204.284851 0 274.844 0 680
1.20468642 0.75 -0.000769173127 0.118000515 204.897308 0 274.844 0 680
1.20416756 0.75 -0.000834932166 0.117065452 205.519867 0 274.844 0 680
1.20361449 0.75 -0.000904908033 0.116087355 206.15274 0 274.844 0 680
1.20302505 0.75 -0.000979355361 0.115064077 206.796143 0 274.844 0 680
1.20239691 0.75 -0.00105854684 0.113993369 207.453262 0 274.844 0 680
1.20172757 0.75 -0.00114277445 0.112872958 208.121124 0 274.844 0 680
1.20101434 0.75 -0.00123235087 0.111700028 208.79747 0 274.844 0 680
1.20025435 0.75 -0.00132761093 0.110472128 209.489532 0 274.844 0 680
1.19944452 0.75 -0.00142891325 0.109186463 210.200119 0 274.844 0 680
1.19858154 0.75 -0.00153664207 0.107839979 210.92749 0 274.844 0 680
1.19766187 0.75 -0.00165120927 0.106429316 211.667236 0 274.844 0 680
1.19668171 0.75 -0.00177305656 0.104951128 212.423279 0 274.844 0 680
1.19563701 0.75 -0.0019026581 0.10340216 213.199448 0 274.844 0 680
1.19452343 0.75 -0.00204052331 0.10177777 213.99028 0 274.844 0 680
1.19333632 0.75 -0.00218720017 0.100074068 214.797653 0 274.844 0 680
1.19207073 0.75 -0.00234327907 0.0982862487 215.623871 0 274.844 0 680
1.19072136 0.75 -0.00250939714 0.0964089781 216.467621 0 274.844 0 680
1.18928257 0.75 -0.00268624347 0.0944362506 217.328674 0 274.844 0 680
1.18774834 0.75 -0.00287456516 0.0923611671 218.207581 0 274.844 0 680
1.18611224 0.75 -0.00307517449 0.0901756957 219.116364 0 274.844 0 680
1.18436748 0.75 -0.00328895758 0.0878702775 220.067078 0 274.844 0 680
1.1825068 0.75 -0.00351688454 0.0854340494 221.08316 0 274.844 0 680
1.18052251 0.75 -0.00376002188 0.082855016 222.155746 0 274.844 0 680
1.17840647 0.75 -0.00401954729 0.0801164135 223.283432 0 274.844 0 680
1.17615004 0.75 -0.00429676756 0.0771986321 224.426849 0 274.844 0 680
1.17374414 0.75 -0.00459314015 0.0740743279 225.587158 0 274.844 0 680
1.17117915 0.75 -0.00491013914 0.0707281977 226.847504 0 274.844 0 680
1.16844497 0.75 -0.00524875598 0.0671670288 228.108017 0 274.844 0 680
1.16553099 0.75 -0.0056097353 0.063397944 229.366028 0 274.844 0 680
1.16242611 0.75 -0.00599385082 0.0594213642 230.755371 0 274.844 0 680
1.15911873 0.75 -0.00640221872 0.0552322119 232.290527 0 274.844 0 680
1.15559677 0.75 -0.00683597936 0.0508214943 233.981888 0 274.844 0 680
1.15184769 0.75 -0.00729615056 0.0461838916 235.956863 0 274.844 0 680
1.14785856 0.75 -0.0077835494 0.0413295403 238.293686 0 274.844 0 680
1.14361603 0.75 -0.00829881936 0.0362853855 240.749756 0 274.844 0 680
1.13910644 0.75 -0.00884256744 0.0310762208 243.068344 0 274.844 0 680
1.13431589 0.75 -0.00941530849 0.0257157404 245.204041 0 274.844 0 680
1.12923026 0.75 -0.0100173522 0.0202129707 247.135239 0 274.844 0 680
1.1238354 0.75 -0.0106489074 0.0145758856 248.942566 0 274.844 0 680
1.11811713 0.75 -0.0113099665 0.00882327557 250.771439 0 274.844 0 680
1.11206147 0.75 -0.0120003198 0.00298321992 252.700623 0 274.844 0 680
1.10565473 0.75 -0.0127197553 -0.00291476166 254.747375 0 274.844 0 680
1.09888369 0.75 -0.0134678535 -0.00884004775 256.869843 0 274.844 0 680
1.09173578 0.75 -0.0142440748 -0.0147684691 259.044128 0 274.844 0 680
1.0841993 0.75 -0.0150478979 -0.0206830651 261.269287 0 274.844 0 680
1.07626358 0.75 -0.0158786679 -0.0265708584 263.523712 0 274.844 0 680
1.06791931 0.75 -0.0167357022 -0.0324278809 265.791748 0 274.844 0 680
1.05915868 0.75 -0.0176182672 -0.0382601246 268.075623 0 274.844 0 680
1.04997569 0.75 -0.0185256462 -0.0440873541 270.379883 0 274.844 0 680
1.0403664 0.75 -0.0194571422 -0.0499412157 272.70163 0 274.844 0 680
1.03032918 0.75 -0.0204118525 -0.0558616295 275.044128 0 274.844 0 680
1.01986494 0.75 -0.0213886732 -0.0618937276 277.418732 0 274.844 0 680
1.0089774 0.75 -0.0223860743 -0.0680840835 279.832703 0 274.844 0 680
0.997673241 0.75 -0.0234021032 -0.0744818226 282.285919 0 274.844 0 680
0.985962367 0.75 -0.0244341486 -0.0811319724 284.791687 0 274.844 0 680
0.973857984 0.75 -0.0254786967 -0.0880656689 287.386505 0 274.844 0 680
0.961376728 0.75 -0.0265311827 -0.0952964872 290.095001 0 274.844 0 680
0.948538702 0.75 -0.0275859082 -0.102818094 292.968048 0 274.844 0 680
0.935367467 0.75 -0.0286359936 -0.110600017 296.113678 0 274.844 0 680
0.921889964 0.75 -0.0296733374 -0.118575424 299.621063 0 274.844 0 680
0.908136371 0.75 -0.0306886788 -0.126638263 303.530243 0 274.844 0 680
0.894139886 0.75 -0.0316719735 -0.134655416 307.81778 0 274.844 0 680
0.879936452 0.75 -0.0326126802 -0.1424703 312.423737 0 274.844 0 680
0.865564409 0.75 -0.0335000638 -0.14990449 317.263245 0 274.844 0 680
0.851064093 0.75 -0.0343236104 -0.15676631 322.229645 0 274.844 0 680
0.836477383 0.75 -0.0350738057 -0.162895784 327.229584 0 274.844 0 680
0.821847209 0.75 -0.0357424901 -0.168128207 332.178131 0 274.844 0 680
0.807217035 0.75 -0.0363230691 -0.172372013 337.010162 0 274.844 0 680
0.792630324 0.75 -0.0368108538 -0.175474182 341.64856 0 274.844 0 680
0.778130008 0.75 -0.0372032319 -0.177472219 346.065277 0 274.844 0 680
0.763757965 0.75 -0.0374999959 -0.1783849 350.22049 0 274.844 0 680
0.749554531 0.75 -0.0377032041 -0.178119287 354.11557 0 274.844 0 680
0.735558047 0.75 -0.0378160531 -0.17693013 357.788116 0 274.844 0 680
0.721804453 0.75 -0.0378435067 -0.174934268 361.23587 0 274.844 0 680
0.708326951 0.75 -0.0377919151 -0.172232106 364.513153 0 274.844 0 680
0.695155716 0.75 -0.0376681893 -0.169005364 367.674255 0 274.844 0 680
0.682317689 0.75 -0.0374795126 -0.165379032 370.775055 0 274.844 0 680
0.669836433 0.75 -0.0372331408 -0.161507592 373.876282 0 274.844 0 680
0.65773205 0.75 -0.0369362004 -0.157511473 377.040924 0 274.844 0 680
0.646021176 0.75 -0.0365952631 -0.153493375 380.32019 0 274.844 0 680
0.634717022 0.75 -0.0362162874 -0.149515674 383.749359 0 274.844 0 680
0.623829473 0.75 -0.0358045623 -0.145629153 387.349915 0 274.844 0 680
0.613365234 0.75 -0.0353649013 -0.141859904 391.128174 0 274.844 0 680
0.603328012 0.75 -0.0349013272 -0.138214394 395.098663 0 274.844 0 680
0.593718726 0.75 -0.0344175308 -0.134682894 399.261261 0 274.844 0 680
0.584535739 0.75 -0.0339164894 -0.131234735 403.606659 0 274.844 0 680
0.575775107 0.75 -0.0334010515 -0.127843305 408.127777 0 274.844 0 680
0.567430832 0.75 -0.0328736606 -0.124467589 412.825775 0 274.844 0 680
0.559495122 0.75 -0.0323366314 -0.121084161 417.739716 0 274.844 0 680
0.551958634 0.75 -0.031792242 -0.11766202 422.881378 0 274.844 0 680
0.544810727 0.75 -0.0312423576 -0.114153363 428.215454 0 274.844 0 680
0.538039687 0.75 -0.0306890076 -0.110540539 433.67691 0 274.844 0 680
0.531632947 0.75 -0.0301342018 -0.106810421 439.139191 0 274.844 0 680
0.525577289 0.75 -0.0295797336 -0.102959663 444.505707 0 274.844 0 680
0.519859022 0.75 -0.0290274825 -0.0990108252 449.733795 0 274.844 0 680
0.514464153 0.75 -0.0284792019 -0.0949873477 454.799072 0 274.844 0 680
0.509378531 0.75 -0.0279364469 -0.0909219384 459.744904 0 274.844 0 680
0.504587975 0.75 -0.0274007778 -0.0868697241 464.598206 0 274.844 0 680
0.50007839 0.75 -0.0268736805 -0.0829086602 469.328156 0 274.844 0 680
0.495835859 0.75 -0.0263565303 -0.0791320056 473.945251 0 274.844 0 680
0.491846722 0.75 -0.0258505711 -0.0756516531 478.522644 0 274.844 0 680
0.488097649 0.75 -0.0253566583 -0.0725287646 483.125122 0 273.15 0.829265893 680
0.484575686 0.75 -0.0248754267 -0.0698928833 487.736664 0 273.15 0.532922268 680
0.481268304 0.75 -0.0244075598 -0.0678904578 492.317566 0 273.15 0.316887349 680
0.478163424 0.75 -0.0239542589 -0.0668566823 497.052246 0 273.15 0.222086102 680
0.475249448 0.75 -0.0235166875 -0.0674199909 502.424194 0.00215190416 273.15 0.169157043 680
0.472515268 0.75 -0.0230952321 -0.0697373226 508.76416 0.00622305274 273.15 0.135885775 680
0.469950278 0.75 -0.0226878431 -0.0737130642 516.39032 0.0111438939 273.15 0.113319136 680
0.467544373 0.75 -0.0222923622 -0.0794034526 526.44751 0.0170684345 273.15 0.0973129719 680
0.465287952 0.75 -0.0219065053 -0.0864528716 539.451782 0.0248047784 273.15 0.0856014118 680
0.463171908 0.75 -0.0215249645 -0.0939378813 554.933289 0.0350525863 273.15 0.0767904893 680
0.461187618 0.75 -0.0211434073 -0.101067364 572.822815 0.0475976951 273.15 0.0700533912 680
0.459326936 0.75 -0.0207588569 -0.107076354 592.614807 0.0624778941 273.15 0.0648043677 680
0.457582173 0.75 -0.0203679128 -0.111095488 613.563965 0.0796447322 273.15 0.0606289506 680
0.455946082 0.75 -0.0199685437 -0.112358883 634.809387 0.098581858 273.15 0.0572215803 680
0.454411846 0.75 -0.0195598755 -0.110135667 655.991333 0.119040534 273.15 0.0544006713 680
0.452973054 0.75 -0.0191410628 -0.104173645 676.730774 0.140747353 273.15 0.0520372465 680
0.451623687 0.75 -0.0187121963 -0.0942868441 696.103271 0.163201824 273.15 0.0499898754 680
0.450358096 0.75 -0.0182739806 -0.0802698657 714.060791 0.186217323 273.15 0.0482098311 680
0.449170989 0.75 -0.017826838 -0.0620662123 730.482727 0.209590837 273.15 0.0466548651 680
0.448057407 0.75 -0.0173717396 -0.0398957245 745.032166 0.232916817 273.15 0.045273412 680
0.447012708 0.75 -0.0169100006 -0.0140019264 758.505493 0.256060809 273.15 0.0440864451 680
0.446032551 0.75 -0.0164425497 0.0156024843 769.767151 0.278892636 273.15 0.0430172607 680
0.445112877 0.75 -0.0159706322 0.0474473014 771.957764 0.301086783 273.15 0.0417289063 680
0.444249895 0.75 -0.0154957348 0.0804232433 763.50647 0.322509825 273.15 0.0401823744 680
0.443440063 0.75 -0.0150190818 0.114968576 756.535461 0.343083262 273.15 0.0389454849 680
0.442680076 0.75 -0.0145420489 0.150870085 757.175659 0.362683922 273.15 0.0382433161 680
0.441966849 0.75 -0.0140659697 0.187475488 760.645325 0.381524652 273.15 0.0378273092 680
0.441297506 0.75 -0.0135912786 0.224516317 763.859009 0.399768263 273.15 0.0375539549 680
0.440669364 0.75 -0.0131185378 0.261697143 764.947144 0.417226285 273.15 0.0373115391 680
0.440079925 0.75 -0.0126485912 0.298612267 764.020813 0.433825672 273.15 0.0370843522 680
0.439526859 0.75 -0.0121820824 0.334935755 761.115723 0.449545294 273.15 0.0369090438 680
0.439007997 0.75 -0.0117198201 0.370057583 755.912781 0.464316517 273.15 0.0367677882 680
0.43852132 0.75 -0.0112626313 0.403890729 749.805664 0.478349417 273.15 0.0367331691 680
0.438064949 0.75 -0.0108105062 0.436566263 743.413818 0.491807491 273.15 0.0368447304 680
0.437637136 0.75 -0.0103636023 0.467882514 736.644531 0.504584014 273.15 0.0370947272 680
0.437236256 0.75 -0.00992227259 0.497811496 729.917419 0.516776741 273.15 0.0375191048 680
0.436860797 0.75 -0.00948623205 0.526384115 723.002563 0.528446317 273.15 0.0381290652 680
0.436509356 0.75 -0.00905554412 0.553435802 715.820312 0.539468288 273.15 0.0389259122 680
0.436180631 0.75 -0.00863045264 0.578940451 708.748779 0.549920619 273.15 0.0399622098 680
0.435873412 0.75 -0.00821065317 0.60287571 701.631104 0.559816301 273.15 0.0412677452 680
0.43558658 0.75 -0.00779635619 0.625104368 694.66626 0.56908524 273.15 0.0428865962 680
0.435319096 0.75 -0.00738765557 0.645670414 688.119873 0.577845395 273.15 0.044921115 680
0.43507 0.75 -0.00698411884 0.664505422 681.92926 0.5860762 273.15 0.0474587269 680
0.434838406 0.75 -0.00658601022 0.681621075 676.400513 0.593830466 273.15 0.050676208 680
0.434623494 0.75 -0.0061924251 0.697069049 671.606873 0.601260185 273.15 0.0548634082 680
0.434424511 0.75 -0.00580226926 0.710863709 666.78302 0.608181238 273.15 0.0602492951 680
0.434240764 0.75 -0.00541588429 0.722793043 662.378113 0.61437577 273.15 0.0672264621 680
0.434071616 0.75 -0.00503435893 0.732913792 658.544067 0.61979264 273.15 0.0764543787 680
0.433916486 0.75 -0.00465942511 0.741039276 656.422729 0.624782085 273.15 0.0897228718 680
0.433774845 0.75 -0.00428782075 0.747500539 653.691101 0.629699767 273.15 0.110430941 680
0.433646212 0.75 -0.00391461348 0.751932621 647.771912 0.634141743 273.15 0.14472656 680
0.433646212 0.75 -0.00391461348 0.751932621 647.771912 0.634141743 273.15 0.14472656 680
0.433530152 0.75 -0.00354316986 0.754311979 639.072021 0.63753289 273.15 0.210119605 680
0.433426275 0.75 -0.00318574347 0.755287886 635.658752 0.63991189 273.15 0.256697178 680
0.433334235 0.75 -0.00284143098 0.753901124 645.483459 0.641341567 273.15 0.190784097 680
0.433253724 0.75 -0.00247211435 0.751135409 653.474304 0.640803814 273.15 0.137287572 680
0.433184477 0.75 -0.00207971364 0.746585429 660.338745 0.640032113 273.15 0.101838827 680
0.433126264 0.75 -0.00175201003 0.740036964 677.735046 0.64353478 273.15 0.0758522302 680
0.433078893 0.75 -0.00146339257 0.730104923 688.173584 0.650704563 273.15 0.0758150518 680
0.433042209 0.75 -0.00100223243 0.717994213 688.182617 0.657492399 273.15 0.0792619064 680
0.433016092 0.75 -0.000478377422 0.703866541 699.220215 0.660779893 273.15 0.062826477 680
0.433000455 0.75 -0.000121424179 0.689952016 726.854248 0.660233676 273.15 0.0341893323 680
0.432995249 0.75 0 0.675996244 751.402466 0.653775036 273.15 0.0176337939 680
0.433000455 0.75 0.000121424179 0.666082561 719.380249 0.646762252 273.15 0.0306992847 680
0.433016092 0.75 0.000478377422 0.65082407 728.101196 0.643631577 273.15 0.0496384241 680
0.433042209 0.75 0.00100223243 0.626932025 766.601624 0.639424503 273.15 0.0519538522 680
0.433078893 0.75 0.00146339257 0.595426977 795.324646 0.629111588 273.15 0.0388796479 680
0.433126264 0.75 0.00175201003 0.566481471 773.657776 0.619791389 273.15 0.030138297 680
0.433184477 0.75 0.00207971364 0.548467934 780.628723 0.618317246 273.15 0.0333318263 680
0.433253724 0.75 0.00247211435 0.520056844 814.945435 0.613825858 273.15 0.0346114673 680
0.433334235 0.75 0.00284143098 0.486092597 829.253296 0.603306293 273.15 0.03171717 680
0.433426275 0.75 0.00318574347 0.456846654 826.806274 0.594440281 273.15 0.0300344825 680
0.433530152 0.75 0.00354316986 0.428515166 837.013916 0.588729024 273.15 0.0303460453 680
0.433646212 0.75 0.00391461348 0.395288825 854.945618 0.581583261 273.15 0.0305218138 680
0.433774845 0.75 0.00428782075 0.359409273 867.868103 0.572045147 273.15 0.030077219 680
0.433916486 0.75 0.00465942511 0.323582381 875.495972 0.562075734 273.15 0.0296396222 680
0.434071616 0.75 0.00503435893 0.287908733 883.972229 0.552835226 273.15 0.029592203 680
0.434240764 0.75 0.00541588429 0.250390768 895.342285 0.543386519 273.15 0.0297526848 680
0.434424511 0.75 0.00580226926 0.210858434 906.479858 0.532902598 273.15 0.0298921559 680
0.434623494 0.75 0.0061924251 0.170299307 915.863892 0.521536887 273.15 0.0300171711 680
0.434838406 0.75 0.00658601022 0.129199922 923.615601 0.50973767 273.15 0.0301997792 680
0.43507 0.75 0.00698411884 0.0876930431 931.17572 0.497837216 273.15 0.0305158291 680
0.435319096 0.75 0.00738765557 0.0450887345 939.001099 0.485528201 273.15 0.0309402347 680
0.43558658 0.75 0.00779635619 0.00143818348 946.319885 0.472700328 273.15 0.0314403921 680
0.435873412 0.75 0.00821065317 -0.0430838019 953.513916 0.459387541 273.15 0.0320375338 680
0.436180631 0.75 0.00863045264 -0.0886574537 960.182556 0.445394754 273.15 0.0327102169 680
0.436509356 0.75 0.00905554412 -0.13484399 966.039734 0.430835456 273.15 0.0334620029 680
0.436860797 0.75 0.00948623205 -0.181627318 971.505005 0.415695995 273.15 0.0342942365 680
0.437236256 0.75 0.00992227259 -0.229004338 976.045776 0.399853975 273.15 0.0352155156 680
0.437637136 0.75 0.0103636023 -0.276565045 979.828674 0.383499831 273.15 0.0362563543 680
0.438064949 0.75 0.0108105062 -0.324459136 983.323364 0.366545856 273.15 0.0374406427 680
0.43852132 0.75 0.0112626313 -0.372700244 985.860779 0.348839909 273.15 0.0387554727 680
0.439007997 0.75 0.0117198201 -0.420847893 987.623474 0.330542624 273.15 0.0402356163 680
0.439526859 0.75 0.0121820824 -0.469328761 987.932861 0.311416119 273.15 0.0418680012 680
0.440079925 0.75 0.0126485912 -0.517973363 984.287354 0.291168809 273.15 0.0435600542 680
0.440669364 0.75 0.0131185378 -0.565312922 976.133911 0.269906908 273.15 0.045302406 680
0.441297506 0.75 0.0135912786 -0.610635221 965.2323 0.247671396 273.15 0.0471846834 680
0.441966849 0.75 0.0140659697 -0.653233469 952.737915 0.224560961 273.15 0.0492928773 680
0.442680076 0.75 0.0145420489 -0.692737937 940.281494 0.200827628 273.15 0.0517715104 680
0.443440063 0.75 0.0150190818 -0.728913903 932.457581 0.176263735 273.15 0.0549575202 680
0.444249895 0.75 0.0154957348 -0.760889232 933.978699 0.150583684 273.15 0.0593242608 680
0.445112877 0.75 0.0159706322 -0.788551033 936.97699 0.123970844 273.15 0.0647340715 680
0.446032551 0.75 0.0164425497 -0.812948525 926.015503 0.0966029912 273.15 0.0704330653 680
0.447012708 0.75 0.0169100006 -0.832128584 901.349243 0.0685218945 273.15 0.0764914528 680
0.448057407 0.75 0.0173717396 -0.843808293 873.049927 0.0406508222 273.15 0.0839163661 680
0.449170989 0.75 0.017826838 -0.848583102 844.343079 0.0130903665 273.15 0.0936285406 680
0.450358096 0.75 0.0182739806 -0.846267223 813.906067 0 273.15 0.106403165 680
0.451623687 0.75 0.0187121963 -0.836978316 782.041443 0 273.15 0.123063654 680
0.452973054 0.75 0.0191410628 -0.821767688 749.830872 0 273.15 0.145415455 680
0.454411846 0.75 0.0195598755 -0.8011024 717.692139 0 273.15 0.177136511 680
0.455946082 0.75 0.0199685437 -0.775654614 686.193359 0 273.15 0.225952327 680
0.457582173 0.75 0.0203679128 -0.746722281 655.852966 0 273.15 0.311008275 680
0.459326936 0.75 0.0207588569 -0.715318322 627.295471 0 273.15 0.496465504 680
0.461187618 0.75 0.0211434073 -0.682568252 601.317871 0 273.15 0.843486786 680
0.463171908 0.75 0.0215249645 -0.649858594 578.719727 0 274.844 0 680
0.465287952 0.75 0.0219065053 -0.618148744 559.88385 0 274.844 0 680
0.467544373 0.75 0.0222923622 -0.588289082 544.764954 0 274.844 0 680
0.469950278 0.75 0.0226878431 -0.561176836 533.417725 0 274.844 0 680
0.472515268 0.75 0.0230952321 -0.537033558 524.974304 0 274.844 0 680
0.475249448 0.75 0.0235166875 -0.515768945 518.329407 0 274.844 0 680
0.478163424 0.75 0.0239542589 -0.497350276 513.249084 0 274.844 0 680
0.481268304 0.75 0.0244075598 -0.481441289 509.150421 0 274.844 0 680
0.484575686 0.75 0.0248754267 -0.467504621 505.308777 0 274.844 0 680
0.488097649 0.75 0.0253566583 -0.45507583 501.45047 0 274.844 0 680
0.491846722 0.75 0.0258505711 -0.44386223 497.520142 0 274.844 0 680
0.495835859 0.75 0.0263565303 -0.433695704 493.516907 0 274.844 0 680
0.50007839 0.75 0.0268736805 -0.424427837 489.377563 0 274.844 0 680
0.504587975 0.75 0.0274007778 -0.415897369 485.021576 0 274.844 0 680
0.509378531 0.75 0.0279364469 -0.407949924 480.408234 0 274.844 0 680
0.514464153 0.75 0.0284792019 -0.400461614 475.550415 0 274.844 0 680
0.519859022 0.75 0.0290274825 -0.393333554 470.414368 0 274.844 0 680
0.525577289 0.75 0.0295797336 -0.386497498 464.963623 0 274.844 0 680
0.531632947 0.75 0.0301342018 -0.379900575 459.241272 0 274.844 0 680
0.538039687 0.75 0.0306890076 -0.373500347 453.324829 0 274.844 0 680
0.544810727 0.75 0.0312423576 -0.367287427 447.340637 0 274.844 0 680
0.551958634 0.75 0.031792242 -0.36126253 441.417847 0 274.844 0 680
0.559495122 0.75 0.0323366314 -0.355431974 435.637207 0 274.844 0 680
0.567430832 0.75 0.0328736606 -0.349837273 430.034515 0 274.844 0 680
0.575775107 0.75 0.0334010515 -0.344503522 424.602631 0 274.844 0 680
0.584535739 0.75 0.0339164894 -0.339447349 419.333557 0 274.844 0 680
0.593718726 0.75 0.0344175308 -0.334704429 414.229431 0 274.844 0 680
0.603328012 0.75 0.0349013272 -0.330291599 409.294464 0 274.844 0 680
0.613365234 0.75 0.0353649013 -0.32623145 404.547089 0 274.844 0 680
0.623829473 0.75 0.0358045623 -0.322524399 399.99765 0 274.844 0 680
0.634717022 0.75 0.0362162874 -0.319151074 395.630981 0 274.844 0 680
0.646021176 0.75 0.0365952631 -0.316071749 391.429443 0 274.844 0 680
0.65773205 0.75 0.0369362004 -0.313221037 387.378754 0 274.844 0 680
0.669836433 0.75 0.0372331408 -0.310518235 383.436005 0 274.844 0 680
0.682317689 0.75 0.0374795126 -0.307848543 379.548401 0 274.844 0 680
0.695155716 0.75 0.0376681893 -0.305069387 375.648621 0 274.844 0 680
0.708326951 0.75 0.0377919151 -0.302024662 371.675507 0 274.844 0 680
0.721804453 0.75 0.0378435067 -0.298559248 367.573181 0 274.844 0 680
0.735558047 0.75 0.0378160531 -0.294511646 363.278687 0 274.844 0 680
0.749554531 0.75 0.0377032041 -0.289721996 358.753082 0 274.844 0 680
0.763757965 0.75 0.0374999959 -0.284061432 353.977997 0 274.844 0 680
0.778130008 0.75 0.0372032319 -0.277466893 348.953888 0 274.844 0 680
0.792630324 0.75 0.0368108538 -0.269884199 343.678314 0 274.844 0 680
0.807217035 0.75 0.0363230691 -0.261292428 338.173248 0 274.844 0 680
0.821847209 0.75 0.0357424901 -0.251755595 332.499603 0 274.844 0 680
0.836477383 0.75 0.0350738057 -0.24138014 326.734802 0 274.844 0 680
0.851064093 0.75 0.0343236104 -0.230304986 320.945831 0 274.844 0 680
0.865564409 0.75 0.0335000638 -0.218690038 315.222443 0 274.844 0 680
0.879936452 0.75 0.0326126802 -0.206711501 309.66452 0 274.844 0 680
0.894139886 0.75 0.0316719735 -0.194559097 304.373779 0 274.844 0 680
0.908136371 0.75 0.0306886788 -0.182410002 299.434265 0 274.844 0 680
0.921889964 0.75 0.0296733374 -0.170413062 294.89859 0 274.844 0 680
0.935367467 0.75 0.0286359936 -0.158691823 290.786438 0 274.844 0 680
0.948538702 0.75 0.0275859082 -0.147339374 287.049286 0 274.844 0 680
0.961376728 0.75 0.0265311827 -0.136410072 283.592133 0 274.844 0 680
0.973857984 0.75 0.0254786967 -0.125923142 280.310974 0 274.844 0 680
0.985962367 0.75 0.0244341486 -0.115874968 277.153839 0 274.844 0 680
0.997673241 0.75 0.0234021032 -0.106243625 274.094116 0 274.844 0 680
1.0089774 0.75 0.0223860743 -0.0969917476 271.097107 0 274.844 0 680
1.01986494 0.75 0.0213886732 -0.0880715922 268.148682 0 274.844 0 680
1.03032918 0.75 0.0204118525 -0.0794333741 265.24704 0 274.844 0 680
1.0403664 0.75 0.0194571422 -0.0710311607 262.385925 0 274.844 0 680
1.04997569 0.75 0.0185256462 -0.0628227592 259.555817 0 274.844 0 680
1.05915868 0.75 0.0176182672 -0.0547722094 256.754608 0 274.844 0 680
1.06791931 0.75 0.0167357022 -0.0468526371 253.987274 0 274.844 0 680
1.07626358 0.75 0.0158786679 -0.0390484296 251.253769 0 274.844 0 680
1.0841993 0.75 0.0150478979 -0.0313564241 248.554291 0 274.844 0 680
1.09173578 0.75 0.0142440748 -0.0237815846 245.896347 0 274.844 0 680
1.09888369 0.75 0.0134678535 -0.0163357668 243.299286 0 274.844 0 680
1.10565473 0.75 0.0127197553 -0.00903479476 240.773254 0 274.844 0 680
1.11206147 0.75 0.0120003198 -0.00189922401 238.343079 0 274.844 0 680
1.11811713 0.75 0.0113099665 0.00504619349 236.051453 0 274.844 0 680
1.1238354 0.75 0.0106489074 0.0117789824 233.879196 0 274.844 0 680
1.12923026 0.75 0.0100173522 0.0182800721 231.738403 0 274.844 0 680
1.13431589 0.75 0.00941530849 0.0245387815 229.497284 0 274.844 0 680
1.13910644 0.75 0.00884256744 0.0305522196 227.105011 0 274.844 0 680
1.14361603 0.75 0.00829881936 0.0363166258 224.602585 0 274.844 0 680
1.14785856 0.75 0.0077835494 0.0418263413 222.030243 0 274.844 0 680
1.15184769 0.75 0.00729615056 0.047070004 219.595917 0 274.844 0 680
1.15559677 0.75 0.00683597936 0.0520357601 217.500778 0 274.844 0 680
1.15911873 0.75 0.00640221872 0.0567232557 215.676193 0 274.844 0 680
1.16242611 0.75 0.00599385082 0.0611429885 214.009232 0 274.844 0 680
1.16553099 0.75 0.0056097353 0.0653081164 212.493561 0 274.844 0 680
1.16844497 0.75 0.00524875598 0.0692287534 211.126892 0 274.844 0 680
1.17117915 0.75 0.00491013914 0.0729113519 209.787857 0 274.844 0 680
1.17374414 0.75 0.00459314015 0.0763586089 208.460983 0 274.844 0 680
1.17615004 0.75 0.00429676756 0.0795732588 207.225388 0 274.844 0 680
1.17840647 0.75 0.00401954729 0.0825718865 206.009521 0 274.844 0 680
1.18052251 0.75 0.00376002188 0.085378319 204.82338 0 274.844 0 680
1.1825068 0.75 0.00351688454 0.0880105197 203.704575 0 274.844 0 680
1.18436748 0.75 0.00328895758 0.0904846489 202.645798 0 274.844 0 680
1.18611224 0.75 0.00307517449 0.092813313 201.653503 0 274.844 0 680
1.18774834 0.75 0.00287456516 0.0950080529 200.704727 0 274.844 0 680
1.18928257 0.75 0.00268624347 0.0970791951 199.788559 0 274.844 0 680
1.19072136 0.75 0.00250939714 0.0990357399 198.894974 0 274.844 0 680
1.19207073 0.75 0.00234327907 0.100885637 198.022812 0 274.844 0 680
1.19333632 0.75 0.00218720017 0.102636039 197.171478 0 274.844 0 680
1.19452343 0.75 0.00204052331 0.104293391 196.341309 0 274.844 0 680
1.19563701 0.75 0.0019026581 0.105863601 195.529861 0 274.844 0 680
1.19668171 0.75 0.00177305656 0.10735175 194.735245 0 274.844 0 680
1.19766187 0.75 0.00165120927 0.108763225 193.961121 0 274.844 0 680
1.19858154 0.75 0.00153664207 0.110102341 193.203766 0 274.844 0 680
1.19944452 0.75 0.00142891325 0.111373313 192.459702 0 274.844 0 680
1.20025435 0.75 0.00132761093 0.112580165 191.731491 0 274.844 0 680
1.20101434 0.75 0.00123235087 0.113726661 191.018173 0 274.844 0 680
1.20172757 0.75 0.00114277445 0.114816211 190.31752 0 274.844 0 680
1.20239691 0.75 0.00105854684 0.115851946 189.625732 0 274.844 0 680
1.20302505 0.75 0.000979355361 0.116837025 188.944305 0 274.844 0 680
1.20361449 0.75 0.000904908033 0.117774114 188.275879 0 274.844 0 680
1.20416756 0.75 0.000834932166 0.118665807 187.617722 0 274.844 0 680
1.20468642 0.75 0.000769173127 0.119514585 186.968033 0 274.844 0 680
1.2051731 0.75 0.000707393186 0.120322645 186.325546 0 274.844 0 680
1.20562947 0.75 0.000649370443 0.121092223 185.689148 0 274.844 0 680
1.20605728 0.75 0.000594897845 0.121825181 185.057632 0 274.844 0 680
1.20645816 0.75 0.000543782264 0.122523546 184.429779 0 274.844 0 680
1.20683362 0.75 0.000495844854 0.123188838 183.805145 0 274.844 0 680
1.20718506 0.75 0.000450922552 0.123822883 183.184753 0 274.844 0 680
1.20751379 0.75 0.000408862853 0.124426529 182.567917 0 274.844 0 680
1.20782101 0.75 0.000369522448 0.125001594 181.954239 0 274.844 0 680
1.20810784 0.75 0.000332767003 0.125548467 181.341339 0 274.844 0 680
1.20837532 0.75 0.000298470891 0.126069203 180.726379 0 274.844 0 680
1.20862442 0.75 0.000266516898 0.126563564 180.10556 0 274.844 0 680
1.20885601 0.75 0.000236795919 0.127034023 179.482895 0 274.844 0 680
1.20907092 0.75 0.000209206632 0.127479255 178.857132 0 274.844 0 680
1.20926991 0.75 0.000183655182 0.127902523 178.23143 0 274.844 0 680
1.20945365 0.75 0.000160054871 0.128300741 177.600296 0 274.844 0 680
1.2096228 0.75 0.000138325848 0.128678754 176.975327 0 274.844 0 680
1.20977793 0.75 0.000118394819 0.129030377 176.347244 0 274.844 0 680
1.20991957 0.75 0.000100194771 0.129363224 175.749084 0 274.844 0 680
1.21004821 0.75 8.36647112e-05 0.129665524 175.162903 0 274.844 0 680
1.21016427 0.75 6.87494199e-05 0.129949078 174.690491 0 274.844 0 680
1.21026814 0.75 5.53992311e-05 0.13019383 174.302551 0 274.844 0 680
1.21036018 0.75 4.35698249e-05 0.130413473 174.299561 0 274.844 0 680
1.21044069 0.75 3.32220426e-05 0.130580246 174.6931 0 274.844 0 680
1.21050994 0.75 2.43217203e-05 0.130731612 176.32193 0 274.844 0 680
1.21056815 0.75 1.68395436e-05 0.13075529 179.733841 0 274.844 0 680
1.21061552 0.75 1.07509204e-05 0.130734161 188.736008 0 274.844 0 680
1.21065221 0.75 6.03587519e-06 0.130477339 212.126999 0 274.844 0 680
1.21067833 0.75 2.67896125e-06 0.129758224 271.904083 0 274.844 0 680
1.21069396 0.75 6.69193463e-07 0.129248992 577.123108 0 274.844 0 680

ZONE T="SLICE_Y_1p40_BINS01_KS_1p0mm_CUTDATA"
1.39330511 1.39999998 0 0.119953111 1511.41455 0 274.844 0 680
1.39330119 1.39999998 -5.03417604e-07 0.120543063 674.579468 0 274.844 0 680
1.39328943 1.39999998 -2.01531594e-06 0.121313818 319.289215 0 274.844 0 680
1.39326978 1.39999998 -4.54063884e-06 0.122236513 251.063461 0 274.844 0 680
1.39324218 1.39999998 -8.08765014e-06 0.122554719 224.444473 0 274.844 0 680
1.39320655 1.39999998 -1.26679699e-05 0.122663133 214.621719 0 274.844 0 680
1.39316276 1.39999998 -1.82966255e-05 0.122696549 210.901947 0 274.844 0 680
1.39311066 1.39999998 -2.49921167e-05 0.122590482 208.920044 0 274.844 0 680
1.3930501 1.39999998 -3.27764961e-05 0.122457534 208.192947 0 274.844 0 680
1.39298086 1.39999998 -4.16754642e-05 0.12223696 207.777939 0 274.844 0 680
1.39290271 1.39999998 -5.17184793e-05 0.121992558 207.914917 0 274.844 0 680
1.3928154 1.39999998 -6.29388822e-05 0.121692494 208.205658 0 274.844 0 680
1.39271864 1.39999998 -7.53740356e-05 0.121370047 208.672592 0 274.844 0 680
1.39261208 1.39999998 -8.90654788e-05 0.121010944 209.180481 0 274.844 0 680
1.39249538 1.39999998 -0.000104059096 0.120630257 209.751755 0 274.844 0 680
1.39236814 1.39999998 -0.0001204053 0.120220095 210.333145 0 274.844 0 680
1.39222991 1.39999998 -0.000138159228 0.119788326 210.936111 0 274.844 0 680
1.39208022 1.39999998 -0.000157380948 0.119329967 211.540329 0 274.844 0 680
1.39191855 1.39999998 -0.000178135683 0.118848957 212.152618 0 274.844 0 680
1.39174432 1.39999998 -0.000200494037 0.118341923 212.765335 0 274.844 0 680
1.39155693 1.39999998 -0.00022453223 0.117810674 213.383041 0 274.844 0 680
1.39135571 1.39999998 -0.000250332343 0.117252745 214.003815 0 274.844 0 680
1.39113994 1.39999998 -0.000277982551 0.116668738 214.629486 0 274.844 0 680
1.39090882 1.39999998 -0.000307577359 0.116056688 215.255859 0 274.844 0 680
1.39066153 1.39999998 -0.000339217825 0.115416415 215.885574 0 274.844 0 680
1.39039715 1.39999998 -0.000373011756 0.11474625 216.521927 0 274.844 0 680
1.3901147 1.39999998 -0.000409073878 0.114045657 217.165405 0 274.844 0 680
1.38981313 1.39999998 -0.000447526858 0.113312975 217.814423 0 274.844 0 680
1.3894913 1.39999998 -0.00048850524 0.112547025 218.469803 0 274.844 0 680
1.38914798 1.39999998 -0.000532154306 0.111745946 219.132706 0 274.844 0 680
1.38878187 1.39999998 -0.00057862982 0.110908262 219.804413 0 274.844 0 680
1.38839154 1.39999998 -0.00062809871 0.110032022 220.485779 0 274.844 0 680
1.38797548 1.39999998 -0.000680739816 0.109115481 221.17778 0 274.844 0 680
1.38753206 1.39999998 -0.000736744689 0.108156554 221.881226 0 274.844 0 680
1.38705953 1.39999998 -0.000796318467 0.107153222 222.596985 0 274.844 0 680
1.386556 1.39999998 -0.000859680807 0.106103219 223.32576 0 274.844 0 680
1.38601945 1.39999998 -0.000927066921 0.105004266 224.068329 0 274.844 0 680
1.38544773 1.39999998 -0.000998728693 0.103853866 224.825317 0 274.844 0 680
1.38483852 1.39999998 -0.00107493591 0.10264945 225.597366 0 274.844 0 680
1.38418932 1.39999998 -0.00115597763 0.101388261 226.384949 0 274.844 0 680
1.38349747 1.39999998 -0.00124216368 0.100067399 227.188492 0 274.844 0 680
1.38276012 1.39999998 -0.00133382637 0.0986837596 228.008347 0 274.844 0 680
1.38197422 1.39999998 -0.00143132239 0.0972340703 228.844757 0 274.844 0 680
1.3811365 1.39999998 -0.00153503495 0.0957147628 229.697845 0 274.844 0 680
1.38024347 1.39999998 -0.00164537631 0.0941220224 230.567596 0 274.844 0 680
1.3792914 1.39999998 -0.00176279059 0.0924516395 231.453873 0 274.844 0 680
1.3792914 1.39999998 -0.00176279059 0.0924516395 231.453873 0 274.844 0 680
1.3782763 1.39999998 -0.00188775708 0.0906989798 232.35643 0 274.844 0 680
1.37719393 1.39999998 -0.00202079418 0.0888588578 233.274902 0 274.844 0 680
1.37603977 1.39999998 -0.0021624639 0.0869253501 234.208984 0 274.844 0 680
1.37480898 1.39999998 -0.00231337732 0.0848916247 235.158096 0 274.844 0 680
1.37349643 1.39999998 -0.00247420102 0.0827495977 236.12056 0 274.844 0 680
1.37209669 1.39999998 -0.0026456648 0.0804894492 237.096375 0 274.844 0 680
1.37060396 1.39999998 -0.00282857098 0.0780990794 238.087585 0 274.844 0 680
1.36901211 1.39999998 -0.00302380549 0.0755631924 239.096725 0 274.844 0 680
1.36731466 1.39999998 -0.00323235141 0.0728617981 240.14032 0 274.844 0 680
1.36550476 1.39999998 -0.00345530514 0.0699726269 241.284851 0 274.844 0 680
1.36357518 1.39999998 -0.0036937756 0.0668836087 242.605316 0 274.844 0 680
1.36151832 1.39999998 -0.00394850863 0.0636000857 244.101227 0 274.844 0 680
1.35932621 1.39999998 -0.0042200644 0.0601349473 245.7043 0 274.844 0 680
1.35699049 1.39999998 -0.00450902495 0.056493178 247.371155 0 274.844 0 680
1.35450243 1.39999998 -0.00481622997 0.0526695587 249.122238 0 274.844 0 680
1.35185294 1.39999998 -0.00514253732 0.0486585014 250.990631 0 274.844 0 680
1.34903261 1.39999998 -0.00548871267 0.0444611721 252.993927 0 274.844 0 680
1.34603168 1.39999998 -0.0058553707 0.0400871933 255.12674 0 274.844 0 680
1.34284013 1.39999998 -0.00624299548 0.0355500914 257.370636 0 274.844 0 680
1.33944768 1.39999998 -0.00665204364 0.0308658443 259.711731 0 274.844 0 680
1.33584386 1.39999998 -0.0070829025 0.0260561407 262.086487 0 274.844 0 680
1.33201808 1.39999998 -0.00753580499 0.0211435556 264.378571 0 274.844 0 680
1.32795965 1.39999998 -0.00801090826 0.0161444787 266.529694 0 274.844 0 680
1.32365794 1.39999998 -0.00850820662 0.0110753663 268.594025 0 274.844 0 680
1.31910242 1.39999998 -0.00902754224 0.00595758716 270.654449 0 274.844 0 680
1.31428279 1.39999998 -0.00956875567 0.00081455952 272.749023 0 274.844 0 680
1.3091891 1.39999998 -0.0101315314 -0.00432957662 274.878204 0 274.844 0 680
1.30381191 1.39999998 -0.0107154633 -0.00945415907 277.058899 0 274.844 0 680
1.2981424 1.39999998 -0.0113201595 -0.0145432604 279.274719 0 274.844 0 680
1.29217256 1.39999998 -0.0119451271 -0.0195879024 281.484741 0 274.844 0 680
1.28589537 1.39999998 -0.0125898527 -0.0245894529 283.681854 0 274.844 0 680
1.27930496 1.39999998 -0.0132537844 -0.0295589678 285.884003 0 274.844 0 680
1.27239683 1.39999998 -0.0139363831 -0.0345204286 288.104248 0 274.844 0 680
1.265168 1.39999998 -0.0146371243 -0.0395093784 290.331085 0 274.844 0 680
1.25761725 1.39999998 -0.0153553291 -0.0445712134 292.57309 0 274.844 0 680
1.24974527 1.39999998 -0.0160901671 -0.0497568548 294.865173 0 274.844 0 680
1.24155483 1.39999998 -0.0168404871 -0.0551202334 297.224335 0 274.844 0 680
1.233051 1.39999998 -0.0176048205 -0.0607184432 299.679718 0 274.844 0 680
1.2242412 1.39999998 -0.0183812025 -0.0666045845 302.288116 0 274.844 0 680
1.21513537 1.39999998 -0.0191669901 -0.0728184134 305.114899 0 274.844 0 680
1.20574603 1.39999998 -0.0199587491 -0.0793804452 308.240601 0 274.844 0 680
1.19608831 1.39999998 -0.0207521929 -0.0862829611 311.693146 0 274.844 0 680
1.18617991 1.39999998 -0.0215421461 -0.0935017616 315.427734 0 274.844 0 680
1.17604112 1.39999998 -0.022322514 -0.100985467 319.429504 0 274.844 0 680
1.16569464 1.39999998 -0.0230863301 -0.108647794 323.715607 0 274.844 0 680
1.15516543 1.39999998 -0.0238260383 -0.11638163 328.266693 0 274.844 0 680
1.14448054 1.39999998 -0.0245337085 -0.124054462 333.039368 0 274.844 0 680
1.13366881 1.39999998 -0.0252012651 -0.131510794 337.947052 0 274.844 0 680
1.12276058 1.39999998 -0.0258207987 -0.138591394 342.893707 0 274.844 0 680
1.11178736 1.39999998 -0.026385152 -0.14515318 347.834625 0 274.844 0 680
1.10078145 1.39999998 -0.0268881867 -0.151065841 352.740692 0 274.844 0 680
1.08977553 1.39999998 -0.0273249418 -0.15621686 357.583527 0 274.844 0 680
1.07880231 1.39999998 -0.0276918902 -0.160519928 362.349518 0 274.844 0 680
1.06789408 1.39999998 -0.0279870664 -0.163928181 367.023376 0 274.844 0 680
1.05708235 1.39999998 -0.0282103146 -0.166460752 371.586853 0 274.844 0 680
1.04639746 1.39999998 -0.0283631831 -0.168172762 376.040863 0 274.844 0 680
1.03586825 1.39999998 -0.0284480766 -0.16911374 380.388153 0 274.844 0 680
1.02552177 1.39999998 -0.0284687292 -0.169380069 384.631653 0 274.844 0 680
1.01538298 1.39999998 -0.0284299182 -0.169117883 388.783875 0 274.844 0 680
1.00547459 1.39999998 -0.0283368423 -0.168458283 392.860077 0 274.844 0 680
0.995816857 1.39999998 -0.0281949055 -0.16752024 396.889954 0 274.844 0 680
0.986427518 1.39999998 -0.0280095661 -0.166419894 400.903351 0 274.844 0 680
0.977321692 1.39999998 -0.0277861853 -0.165256739 404.938416 0 274.844 0 680
0.968511893 1.39999998 -0.0275297066 -0.16410777 409.043732 0 274.844 0 680
0.960008059 1.39999998 -0.0272446126 -0.163018942 413.250275 0 274.844 0 680
0.951817626 1.39999998 -0.0269348821 -0.162021622 417.584412 0 274.844 0 680
0.943945639 1.39999998 -0.026604136 -0.161121979 422.062164 0 274.844 0 680
0.936394887 1.39999998 -0.0262554007 -0.160307854 426.696045 0 274.844 0 680
0.92916606 1.39999998 -0.0258914527 -0.159550235 431.48584 0 274.844 0 680
0.922257927 1.39999998 -0.0255145317 -0.158801153 436.420685 0 274.844 0 680
0.915667521 1.39999998 -0.0251267806 -0.158017635 441.497711 0 274.844 0 680
0.909390331 1.39999998 -0.0247300376 -0.157144144 446.721863 0 274.844 0 680
0.903420493 1.39999998 -0.0243260438 -0.156141981 452.13736 0 274.844 0 680
0.897750981 1.39999998 -0.0239165132 -0.154964745 457.75296 0 274.844 0 680
0.892373788 1.39999998 -0.0235028488 -0.153555393 463.51651 0 274.844 0 680
0.887280103 1.39999998 -0.0230865775 -0.151890188 469.3797 0 274.844 0 680
0.882460472 1.39999998 -0.0226692108 -0.149957925 475.285797 0 274.844 0 680
0.877904951 1.39999998 -0.0222520981 -0.147753552 481.197052 0 274.844 0 680
0.873603241 1.39999998 -0.0218366534 -0.145301655 487.102722 0 274.844 0 680
0.869544815 1.39999998 -0.0214241955 -0.142631084 492.969177 0 274.844 0 680
0.865719028 1.39999998 -0.0210158945 -0.139775351 498.760254 0 274.844 0 680
0.862115212 1.39999998 -0.0206129239 -0.136805594 504.456665 0 274.844 0 680
0.858722763 1.39999998 -0.0202164017 -0.133804113 510.046356 0.00442178175 273.378 0 680
0.855531212 1.39999998 -0.0198273625 -0.13088125 515.550232 0.00938826054 273.15 0.759167254 680
0.852530284 1.39999998 -0.019446742 -0.128153533 521.011902 0.0143992063 273.15 0.716217816 680
0.84970995 1.39999998 -0.0190751836 -0.125719398 526.465698 0.0194656923 273.15 0.390453398 680
0.847060465 1.39999998 -0.018713165 -0.123681381 531.8797 0.0245272331 273.15 0.266775459 680
0.844572403 1.39999998 -0.0183612004 -0.122265652 537.239441 0.0294390339 273.15 0.201498076 680
0.842236679 1.39999998 -0.0180201935 -0.121829517 542.679382 0.0340432934 273.15 0.161093459 680
0.840044568 1.39999998 -0.0176910194 -0.122808911 548.711548 0.0383898579 273.15 0.133743003 680
0.837987712 1.39999998 -0.0173739689 -0.12547946 555.802856 0.0429834835 273.15 0.114208214 680
0.836058133 1.39999998 -0.0170675003 -0.129753068 564.217468 0.0483161509 273.15 0.0997447893 680
0.834248231 1.39999998 -0.0167699899 -0.135620967 575.001831 0.0545473509 273.15 0.0888934359 680
0.832550782 1.39999998 -0.0164797193 -0.142787695 588.839294 0.0624898337 273.15 0.0807341263 680
0.830958934 1.39999998 -0.0161926956 -0.150367901 605.533081 0.0728309155 273.15 0.0745109618 680
0.829466203 1.39999998 -0.0159056597 -0.157576114 624.973999 0.0853694528 273.15 0.0686082616 680
0.828066458 1.39999998 -0.0156163719 -0.163693786 646.586243 0.100153357 273.15 0.0638116375 680
0.826753915 1.39999998 -0.0153222744 -0.167779028 669.45929 0.117159873 273.15 0.0599383414 680
0.825523125 1.39999998 -0.015021839 -0.169104114 693.015686 0.135906637 273.15 0.0567869246 680
0.824368957 1.39999998 -0.014714408 -0.167121589 716.773987 0.156154886 273.15 0.054199364 680
0.82328659 1.39999998 -0.0143993456 -0.16128765 740.252808 0.177647591 273.15 0.0520566516 680
0.822271494 1.39999998 -0.01407672 -0.151455149 763.173157 0.199905559 273.15 0.0502660312 680
0.821319422 1.39999998 -0.0137470613 -0.137501433 784.864868 0.222743899 273.15 0.0487398952 680
0.820426391 1.39999998 -0.013410687 -0.119310752 803.985413 0.245965987 273.15 0.0473755226 680
0.819588671 1.39999998 -0.0130683278 -0.0971818268 820.07666 0.269165188 273.15 0.0461277813 680
0.81880277 1.39999998 -0.012720973 -0.0714106783 833.549011 0.292206705 273.15 0.0450034365 680
0.818065422 1.39999998 -0.0123693213 -0.0422553271 844.278076 0.314962387 273.15 0.0439895168 680
0.817373574 1.39999998 -0.0120143095 -0.0102918753 852.361938 0.33711195 273.15 0.0430739745 680
0.816724374 1.39999998 -0.0116570561 0.023856163 858.025085 0.358526647 273.15 0.0422521271 680
0.816115158 1.39999998 -0.0112984818 0.0596504509 861.448669 0.379121244 273.15 0.0415211841 680
0.815543439 1.39999998 -0.0109396218 0.0963919014 863.298096 0.398759514 273.15 0.0408927314 680
0.815006896 1.39999998 -0.0105814793 0.133645758 863.875977 0.41764763 273.15 0.0403775349 680
0.814503365 1.39999998 -0.010224381 0.171285376 863.088806 0.435946971 273.15 0.0399619415 680
0.81403083 1.39999998 -0.00986874982 0.209004387 860.883118 0.453466654 273.15 0.0393257029 680
0.81358741 1.39999998 -0.00951522067 0.246455953 857.303345 0.470132262 273.15 0.038786903 680
0.813171351 1.39999998 -0.0091642777 0.283316076 852.570923 0.485922158 273.15 0.0383464843 680
0.812781025 1.39999998 -0.00881652927 0.319191068 847.220032 0.500766397 273.15 0.038014587 680
0.81241491 1.39999998 -0.00847259752 0.353885263 841.646362 0.514878213 273.15 0.0378181376 680
0.812071593 1.39999998 -0.00813247502 0.387406439 835.670044 0.528423488 273.15 0.0377612859 680
0.81174976 1.39999998 -0.00779628038 0.419633448 829.411377 0.541292667 273.15 0.0378402248 680
0.811448188 1.39999998 -0.00746427898 0.450496376 822.924438 0.553584874 273.15 0.0380718634 680
0.811165739 1.39999998 -0.00713625653 0.479999781 816.120544 0.565361559 273.15 0.03846775 680
0.810901359 1.39999998 -0.0068122607 0.508033633 809.039734 0.576494396 273.15 0.0390273556 680
0.810654067 1.39999998 -0.00649247495 0.534532905 801.774292 0.587062776 273.15 0.0397812054 680
0.810422955 1.39999998 -0.00617667025 0.559464931 794.491699 0.597079039 273.15 0.0407604575 680
0.810207178 1.39999998 -0.00586500493 0.582741141 787.291077 0.606470108 273.15 0.0419884399 680
0.810005956 1.39999998 -0.00555754961 0.604347944 780.279114 0.615357995 273.15 0.0435340069 680
0.809818568 1.39999998 -0.00525397896 0.624260902 773.805847 0.623721004 273.15 0.0454683676 680
0.809644345 1.39999998 -0.00495449175 0.642477334 767.828491 0.631616056 273.15 0.0478960462 680
0.809482672 1.39999998 -0.00465840745 0.65904814 761.696838 0.639204204 273.15 0.0509743616 680
0.809332982 1.39999998 -0.00436490291 0.673935056 755.256592 0.646289885 273.15 0.0548315719 680
0.809194754 1.39999998 -0.0040742351 0.687026381 749.253906 0.652635992 273.15 0.0596560314 680
0.809067508 1.39999998 -0.00378722306 0.698241889 744.87262 0.658183992 273.15 0.0657988414 680
0.808950808 1.39999998 -0.00350516967 0.707606018 741.977844 0.663326204 273.15 0.0741007701 680
0.808844255 1.39999998 -0.00322562095 0.715221643 738.508484 0.668471575 273.15 0.0860289559 680
0.808747487 1.39999998 -0.0029448664 0.720997453 733.861877 0.673158646 273.15 0.10337057 680
0.808660178 1.39999998 -0.00266543859 0.724847317 730.905029 0.676644206 273.15 0.129561529 680
0.808582034 1.39999998 -0.00239655561 0.726909935 732.671448 0.678951681 273.15 0.176503137 680
0.808512795 1.39999998 -0.00213753788 0.727163196 739.564026 0.680613637 273.15 0.185525253 680
0.808452229 1.39999998 -0.00185971017 0.725444734 742.031189 0.680983007 273.15 0.137984693 680
0.808400135 1.39999998 -0.00156451687 0.722025573 740.877808 0.681030035 273.15 0.104484461 680
0.808356343 1.39999998 -0.00131799359 0.717024207 752.51239 0.684131861 273.15 0.0801945701 680
0.808320707 1.39999998 -0.00110087385 0.708583295 772.59259 0.689979613 273.15 0.0787884146 680
0.808293111 1.39999998 -0.000753954537 0.697663426 776.672913 0.69525671 273.15 0.0799354985 680
0.808273463 1.39999998 -0.000359871441 0.684798181 780.707581 0.697584093 273.15 0.0642411411 680
0.808261701 1.39999998 -9.13443914e-05 0.672553241 798.078552 0.697022557 273.15 0.0365243033 680
0.808257784 1.39999998 0 0.660983324 830.653748 0.691647649 273.15 0.0195293594 680
0.808261701 1.39999998 9.13443914e-05 0.651031196 807.359497 0.686155319 273.15 0.0333946794 680
0.808273463 1.39999998 0.000359871441 0.635924697 810.346191 0.684411347 273.15 0.0515504181 680
0.808293111 1.39999998 0.000753954537 0.613347411 842.055969 0.68164748 273.15 0.0531203188 680
0.808320707 1.39999998 0.00110087385 0.585320652 878.427551 0.672804296 273.15 0.0407105871 680
0.808356343 1.39999998 0.00131799359 0.559173465 871.06366 0.664490998 273.15 0.0324200839 680
0.808400135 1.39999998 0.00156451687 0.539272964 864.400574 0.663224816 273.15 0.0351740681 680
0.808452229 1.39999998 0.00185971017 0.512718499 896.558533 0.659054399 273.15 0.036271967 680
0.808512795 1.39999998 0.00213753788 0.482182056 926.063782 0.649149477 273.15 0.0337729044 680
0.808582034 1.39999998 0.00239655561 0.453183532 928.973816 0.640695632 273.15 0.0322073847 680
0.808660178 1.39999998 0.00266543859 0.424779654 929.930725 0.635150075 273.15 0.0322353505 680
0.808747487 1.39999998 0.0029448664 0.393039495 943.330872 0.628211915 273.15 0.0322424322 680
0.808844255 1.39999998 0.00322562095 0.359186053 958.570801 0.618973434 273.15 0.0318248831 680
0.808950808 1.39999998 0.00350516967 0.324678272 968.817566 0.609292746 273.15 0.0314369537 680
0.809067508 1.39999998 0.00378722306 0.289758325 976.070801 0.600281 273.15 0.0313461535 680
0.809194754 1.39999998 0.0040742351 0.253280133 985.150696 0.591054976 273.15 0.0314361751 680
0.809332982 1.39999998 0.00436490291 0.215166777 995.837646 0.58082813 273.15 0.0315562226 680
0.809482672 1.39999998 0.00465840745 0.175947413 1005.78955 0.569745362 273.15 0.0316947773 680
0.809644345 1.39999998 0.00495449175 0.136072919 1013.85114 0.558235109 273.15 0.0318909734 680
0.809818568 1.39999998 0.00525397896 0.0955523103 1020.69836 0.546617627 273.15 0.032199692 680
0.810005956 1.39999998 0.00555754961 0.0540528037 1027.48022 0.534603059 273.15 0.0326112024 680
0.810207178 1.39999998 0.00586500493 0.0115798153 1034.22266 0.522085965 273.15 0.033115413 680
0.810422955 1.39999998 0.00617667025 -0.0318417102 1040.88782 0.509103775 273.15 0.0337225273 680
0.810654067 1.39999998 0.00649247495 -0.0762058273 1047.0033 0.495466828 273.15 0.0344079956 680
0.810901359 1.39999998 0.0068122607 -0.121244766 1052.26465 0.481287867 273.15 0.0351810679 680
0.811165739 1.39999998 0.00713625653 -0.166917622 1056.97412 0.46655336 273.15 0.0359834805 680
0.811448188 1.39999998 0.00746427898 -0.213101417 1060.849 0.451146305 273.15 0.0367475115 680
0.81174976 1.39999998 0.00779628038 -0.259554029 1063.77979 0.435254127 273.15 0.0376138054 680
0.812071593 1.39999998 0.00813247502 -0.306347609 1066.13074 0.418789268 273.15 0.038597025 680
0.81241491 1.39999998 0.00847259752 -0.353379846 1067.77356 0.401614517 273.15 0.0396970659 680
0.812781025 1.39999998 0.00881652927 -0.400415957 1068.49341 0.383882016 273.15 0.0409320705 680
0.813171351 1.39999998 0.0091642777 -0.447505027 1068.69482 0.365370154 273.15 0.0423203632 680
0.81358741 1.39999998 0.00951522067 -0.494278371 1067.82776 0.345800072 273.15 0.0438512936 680
0.81403083 1.39999998 0.00986874982 -0.539972782 1064.90161 0.325273633 273.15 0.0455206595 680
0.814503365 1.39999998 0.010224381 -0.584028244 1059.91003 0.303831756 273.15 0.0473555699 680
0.815006896 1.39999998 0.0105814793 -0.625846267 1052.73755 0.281572461 273.15 0.049387712 680
0.815543439 1.39999998 0.0109396218 -0.66498059 1043.45093 0.25874272 273.15 0.0516666621 680
0.816115158 1.39999998 0.0112984818 -0.701330483 1032.42468 0.235136256 273.15 0.0542450063 680
0.816724374 1.39999998 0.0116570561 -0.734326482 1019.19049 0.210494414 273.15 0.0571578369 680
0.817373574 1.39999998 0.0120143095 -0.762916684 1003.10669 0.184994549 273.15 0.0604602396 680
0.818065422 1.39999998 0.0123693213 -0.786480725 983.684753 0.158745989 273.15 0.0642307103 680
0.81880277 1.39999998 0.012720973 -0.804048359 959.634338 0.131926715 273.15 0.068517372 680
0.819588671 1.39999998 0.0130683278 -0.815113842 930.886353 0.104929186 273.15 0.0734984502 680
0.820426391 1.39999998 0.013410687 -0.819828868 899.840454 0.0779284239 273.15 0.0795936882 680
0.821319422 1.39999998 0.0137470613 -0.817695439 867.263977 0.0512669533 273.15 0.0873129964 680
0.822271494 1.39999998 0.01407672 -0.809052467 833.335022 0.0251783188 273.15 0.0974815711 680
0.82328659 1.39999998 0.0143993456 -0.794766366 798.917603 0.00188853941 273.15 0.111479327 680
0.824368957 1.39999998 0.014714408 -0.775232852 764.330627 0 273.15 0.130832747 680
0.825523125 1.39999998 0.015021839 -0.751116812 730.355286 0 273.15 0.158131078 680
0.826753915 1.39999998 0.0153222744 -0.723572075 697.717529 0 273.15 0.199324861 680
0.828066458 1.39999998 0.0156163719 -0.693609059 667.071045 0 273.15 0.268229812 680
0.829466203 1.39999998 0.0159056597 -0.662285209 639.172485 0 273.15 0.405172735 680
0.830958934 1.39999998 0.0161926956 -0.630888164 614.88501 0 273.15 0.800112605 680
0.832550782 1.39999998 0.0164797193 -0.600298822 594.631714 0 273.15 0.461253226 680
0.834248231 1.39999998 0.0167699899 -0.571310103 578.368347 0 274.844 0 680
0.836058133 1.39999998 0.0170675003 -0.544721186 566.079468 0 274.844 0 680
0.837987712 1.39999998 0.0173739689 -0.520745814 556.878296 0 274.844 0 680
0.840044568 1.39999998 0.0176910194 -0.499317676 549.649231 0 274.844 0 680
0.842236679 1.39999998 0.0180201935 -0.480391622 543.965576 0 274.844 0 680
0.844572403 1.39999998 0.0183612004 -0.463670284 539.160645 0 274.844 0 680
0.847060465 1.39999998 0.018713165 -0.448695213 534.596924 0 274.844 0 680
0.84970995 1.39999998 0.0190751836 -0.435052663 530.032959 0 274.844 0 680
0.852530284 1.39999998 0.019446742 -0.422469884 525.386719 0 274.844 0 680
0.855531212 1.39999998 0.0198273625 -0.410781175 520.631226 0 274.844 0 680
0.858722763 1.39999998 0.0202164017 -0.399841636 515.699341 0 274.844 0 680
0.862115212 1.39999998 0.0206129239 -0.389496386 510.50528 0 274.844 0 680
0.865719028 1.39999998 0.0210158945 -0.379602224 505.017426 0 274.844 0 680
0.869544815 1.39999998 0.0214241955 -0.370046824 499.271515 0 274.844 0 680
0.873603241 1.39999998 0.0218366534 -0.360746622 493.293732 0 274.844 0 680
0.877904951 1.39999998 0.0222520981 -0.351653308 487.126709 0 274.844 0 680
0.882460472 1.39999998 0.0226692108 -0.342731982 480.817535 0 274.844 0 680
0.887280103 1.39999998 0.0230865775 -0.333958954 474.389465 0 274.844 0 680
0.892373788 1.39999998 0.0235028488 -0.325340182 467.901764 0 274.844 0 680
0.897750981 1.39999998 0.0239165132 -0.316892147 461.434814 0 274.844 0 680
0.903420493 1.39999998 0.0243260438 -0.308642387 455.052429 0 274.844 0 680
0.909390331 1.39999998 0.0247300376 -0.300649911 448.818146 0 274.844 0 680
0.915667521 1.39999998 0.0251267806 -0.292960525 442.741089 0 274.844 0 680
0.922257927 1.39999998 0.0255145317 -0.285609692 436.787048 0 274.844 0 680
0.92916606 1.39999998 0.0258914527 -0.278644681 430.953735 0 274.844 0 680
0.936394887 1.39999998 0.0262554007 -0.272096395 425.248474 0 274.844 0 680
0.943945639 1.39999998 0.026604136 -0.26599592 419.684021 0 274.844 0 680
0.951817626 1.39999998 0.0269348821 -0.26035139 414.26059 0 274.844 0 680
0.960008059 1.39999998 0.0272446126 -0.255150914 408.963989 0 274.844 0 680
0.968511893 1.39999998 0.0275297066 -0.250361294 403.775177 0 274.844 0 680
0.977321692 1.39999998 0.0277861853 -0.245922372 398.664612 0 274.844 0 680
0.986427518 1.39999998 0.0280095661 -0.241757125 393.596893 0 274.844 0 680
0.995816857 1.39999998 0.0281949055 -0.237759247 388.520325 0 274.844 0 680
1.00547459 1.39999998 0.0283368423 -0.233796552 383.392609 0 274.844 0 680
1.01538298 1.39999998 0.0284299182 -0.22972396 378.182281 0 274.844 0 680
1.02552177 1.39999998 0.0284687292 -0.225397527 372.857727 0 274.844 0 680
1.03586825 1.39999998 0.0284480766 -0.220669821 367.395477 0 274.844 0 680
1.04639746 1.39999998 0.0283631831 -0.215396717 361.789612 0 274.844 0 680
1.05708235 1.39999998 0.0282103146 -0.209463194 356.039978 0 274.844 0 680
1.06789408 1.39999998 0.0279870664 -0.202814355 350.140869 0 274.844 0 680
1.07880231 1.39999998 0.0276918902 -0.195407078 344.10202 0 274.844 0 680
1.08977553 1.39999998 0.0273249418 -0.187232167 337.94986 0 274.844 0 680
1.10078145 1.39999998 0.0268881867 -0.178354859 331.713531 0 274.844 0 680
1.11178736 1.39999998 0.026385152 -0.168875575 325.422943 0 274.844 0 680
1.12276058 1.39999998 0.0258207987 -0.158922747 319.111359 0 274.844 0 680
1.13366881 1.39999998 0.0252012651 -0.148642153 312.817474 0 274.844 0 680
1.14448054 1.39999998 0.0245337085 -0.138190657 306.599976 0 274.844 0 680
1.15516543 1.39999998 0.0238260383 -0.127733648 300.554932 0 274.844 0 680
1.16569464 1.39999998 0.0230863301 -0.117423259 294.763275 0 274.844 0 680
1.17604112 1.39999998 0.022322514 -0.10738194 289.259186 0 274.844 0 680
1.18617991 1.39999998 0.0215421461 -0.0977038667 284.063965 0 274.844 0 680
1.19608831 1.39999998 0.0207521929 -0.0884614587 279.165314 0 274.844 0 680
1.20574603 1.39999998 0.0199587491 -0.0796941444 274.588531 0 274.844 0 680
1.21513537 1.39999998 0.0191669901 -0.0714152753 270.38443 0 274.844 0 680
1.2242412 1.39999998 0.0183812025 -0.0636194944 266.512695 0 274.844 0 680
1.233051 1.39999998 0.0176048205 -0.0562731251 262.882111 0 274.844 0 680
1.24155483 1.39999998 0.0168404871 -0.0493270978 259.444977 0 274.844 0 680
1.24974527 1.39999998 0.0160901671 -0.0427227877 256.145996 0 274.844 0 680
1.25761725 1.39999998 0.0153553291 -0.0363998748 252.944946 0 274.844 0 680
1.265168 1.39999998 0.0146371243 -0.0303041544 249.847076 0 274.844 0 680
1.27239683 1.39999998 0.0139363831 -0.0243870057 246.827194 0 274.844 0 680
1.27930496 1.39999998 0.0132537844 -0.0186060015 243.880005 0 274.844 0 680
1.28589537 1.39999998 0.0125898527 -0.0129277389 241.001617 0 274.844 0 680
1.29217256 1.39999998 0.0119451271 -0.00732905231 238.186005 0 274.844 0 680
1.2981424 1.39999998 0.0113201595 -0.00179908006 235.440109 0 274.844 0 680
1.30381191 1.39999998 0.0107154633 0.00366383395 232.789505 0 274.844 0 680
1.3091891 1.39999998 0.0101315314 0.00905394927 230.249954 0 274.844 0 680
1.31428279 1.39999998 0.00956875567 0.0143617298 227.81926 0 274.844 0 680
1.31910242 1.39999998 0.00902754224 0.019572895 225.491653 0 274.844 0 680
1.32365794 1.39999998 0.00850820662 0.0246722139 223.231293 0 274.844 0 680
1.32795965 1.39999998 0.00801090826 0.0296473075 220.984268 0 274.844 0 680
1.33201808 1.39999998 0.00753580499 0.0344856977 218.709839 0 274.844 0 680
1.33584386 1.39999998 0.0070829025 0.0391763784 216.401962 0 274.844 0 680
1.33944768 1.39999998 0.00665204364 0.0437092893 214.108459 0 274.844 0 680
1.34284013 1.39999998 0.00624299548 0.0480720736 211.90802 0 274.844 0 680
1.34603168 1.39999998 0.0058553707 0.0522537641 209.835907 0 274.844 0 680
1.34903261 1.39999998 0.00548871267 0.0562478155 207.891129 0 274.844 0 680
1.35185294 1.39999998 0.00514253732 0.0600493662 206.081482 0 274.844 0 680
1.35450243 1.39999998 0.00481622997 0.0636562407 204.408463 0 274.844 0 680
1.35699049 1.39999998 0.00450902495 0.0670719594 202.856567 0 274.844 0 680
1.35932621 1.39999998 0.0042200644 0.0703047067 201.395432 0 274.844 0 680
1.36151832 1.39999998 0.00394850863 0.0733622313 200.008804 0 274.844 0 680
1.36357518 1.39999998 0.0036937756 0.0762450844 198.726898 0 274.844 0 680
1.36550476 1.39999998 0.00345530514 0.0789485648 197.594223 0 274.844 0 680
1.36731466 1.39999998 0.00323235141 0.0814730003 196.607986 0 274.844 0 680
1.36901211 1.39999998 0.00302380549 0.083830148 195.708496 0 274.844 0 680
1.37060396 1.39999998 0.00282857098 0.0860383511 194.843887 0 274.844 0 680
1.37209669 1.39999998 0.0026456648 0.0881140903 194.001312 0 274.844 0 680
1.37349643 1.39999998 0.00247420102 0.0900704265 193.17804 0 274.844 0 680
1.37480898 1.39999998 0.00231337732 0.0919180214 192.370544 0 274.844 0 680
1.37603977 1.39999998 0.0021624639 0.0936658233 191.578049 0 274.844 0 680
1.37719393 1.39999998 0.00202079418 0.0953213647 190.802002 0 274.844 0 680
1.3782763 1.39999998 0.00188775708 0.0968911499 190.041718 0 274.844 0 680
1.3792914 1.39999998 0.00176279059 0.0983809158 189.296661 0 274.844 0 680
1.38024347 1.39999998 0.00164537631 0.0997957736 188.566498 0 274.844 0 680
1.3811365 1.39999998 0.00153503495 0.10114032 187.850922 0 274.844 0 680
1.38197422 1.39999998 0.00143132239 0.102418743 187.149536 0 274.844 0 680
1.38276012 1.39999998 0.00133382637 0.103634857 186.461868 0 274.844 0 680
1.38349747 1.39999998 0.00124216368 0.10479217 185.787476 0 274.844 0 680
1.38418932 1.39999998 0.00115597763 0.105893932 185.125778 0 274.844 0 680
1.38483852 1.39999998 0.00107493591 0.106943198 184.476257 0 274.844 0 680
1.38544773 1.39999998 0.000998728693 0.107942767 183.838318 0 274.844 0 680
1.38601945 1.39999998 0.000927066921 0.108895361 183.211411 0 274.844 0 680
1.386556 1.39999998 0.000859680807 0.109803408 182.594864 0 274.844 0 680
1.38705953 1.39999998 0.000796318467 0.110669293 181.987839 0 274.844 0 680
1.38753206 1.39999998 0.000736744689 0.11149516 181.389496 0 274.844 0 680
1.38797548 1.39999998 0.000680739816 0.112283163 180.797729 0 274.844 0 680
1.38839154 1.39999998 0.00062809871 0.113035195 180.20932 0 274.844 0 680
1.38878187 1.39999998 0.00057862982 0.113753244 179.625809 0 274.844 0 680
1.38914798 1.39999998 0.000532154306 0.114438862 179.048935 0 274.844 0 680
1.3894913 1.39999998 0.00048850524 0.115093812 178.477051 0 274.844 0 680
1.38981313 1.39999998 0.000447526858 0.115719408 177.908798 0 274.844 0 680
1.3901147 1.39999998 0.000409073878 0.116317332 177.343262 0 274.844 0 680
1.39039715 1.39999998 0.000373011756 0.11688859 176.779541 0 274.844 0 680
1.39066153 1.39999998 0.000339217825 0.117434725 176.218903 0 274.844 0 680
1.39090882 1.39999998 0.000307577359 0.117956236 175.660889 0 274.844 0 680
1.39113994 1.39999998 0.000277982551 0.118454635 175.105621 0 274.844 0 680
1.39135571 1.39999998 0.000250332343 0.118930005 174.549896 0 274.844 0 680
1.39155693 1.39999998 0.00022453223 0.119384125 173.98877 0 274.844 0 680
1.39174432 1.39999998 0.000200494037 0.119816527 173.42131 0 274.844 0 680
1.39191855 1.39999998 0.000178135683 0.120229281 172.857162 0 274.844 0 680
1.39208022 1.39999998 0.000157380948 0.120620772 172.291779 0 274.844 0 680
1.39222991 1.39999998 0.000138159228 0.120993719 171.733765 0 274.844 0 680
1.39236814 1.39999998 0.0001204053 0.121344693 171.178009 0 274.844 0 680
1.39249538 1.39999998 0.000104059096 0.121677533 170.649231 0 274.844 0 680
1.39261208 1.39999998 8.90654788e-05 0.121985555 170.140244 0 274.844 0 680
1.39271864 1.39999998 7.53740356e-05 0.122274734 169.715805 0 274.844 0 680
1.3928154 1.39999998 6.29388822e-05 0.122531146 169.362732 0 274.844 0 680
1.39290271 1.39999998 5.17184793e-05 0.122767113 169.251022 0 274.844 0 680
1.39298086 1.39999998 4.16754642e-05 0.122953527 169.347488 0 274.844 0 680
1.3930501 1.39999998 3.27764961e-05 0.123115517 170.122345 0 274.844 0 680
1.39311066 1.39999998 2.49921167e-05 0.123198867 171.310562 0 274.844 0 680
1.39316276 1.39999998 1.82966255e-05 0.123249292 174.106705 0 274.844 0 680
1.39320655 1.39999998 1.26679699e-05 0.123171136 179.263397 0 274.844 0 680
1.39324218 1.39999998 8.08765014e-06 0.123007022 191.571823 0 274.844 0 680
1.39326978 1.39999998 4.54063884e-06 0.122646563 222.643768 0 274.844 0 680
1.39328943 1.39999998 2.01531594e-06 0.1217594 295.899048 0 274.844 0 680
1.39330119 1.39999998 5.03417604e-07 0.121102199 657.797424 0 274.844 0 680

ZONE T="SLICE_Y_0p10_BINS03_KS_1p0mm_CUTDATA"
1.02809322 0.100000001 0 0.129027799 1101.00537 0 274.844 0 680
1.02808673 0.100000001 -8.34969327e-07 0.129998401 499.240173 0 274.844 0 680
1.02806722 0.100000001 -3.34260658e-06 0.13018012 246.367538 0 274.844 0 680
1.02803463 0.100000001 -7.53111159e-06 0.130803242 203.13652 0 274.844 0 680
1.02798886 0.100000001 -1.34141908e-05 0.130905807 189.527954 0 274.844 0 680
1.02792975 0.100000001 -2.10111173e-05 0.130800158 185.347458 0 274.844 0 680
1.02785712 0.100000001 -3.03468154e-05 0.130647242 184.631805 0 274.844 0 680
1.02777072 0.100000001 -4.14519688e-05 0.130344406 184.488708 0 274.844 0 680
1.02767026 0.100000001 -5.43631542e-05 0.130048618 185.051331 0 274.844 0 680
1.02755542 0.100000001 -6.91229984e-05 0.129681841 185.596725 0 274.844 0 680
1.02742581 0.100000001 -8.5780361e-05 0.129307806 186.330719 0 274.844 0 680
1.027281 0.100000001 -0.000104390541 0.128883675 186.983154 0 274.844 0 680
1.0271205 0.100000001 -0.000125015508 0.128449187 187.668091 0 274.844 0 680
1.02694377 0.100000001 -0.00014772416 0.12797685 188.29837 0 274.844 0 680
1.02675021 0.100000001 -0.0001725926 0.12748757 188.932709 0 274.844 0 680
1.02653916 0.100000001 -0.000199704443 0.126966611 189.539429 0 274.844 0 680
1.0263099 0.100000001 -0.000229151139 0.126423568 190.141922 0 274.844 0 680
1.02606162 0.100000001 -0.000261032318 0.125850618 190.730255 0 274.844 0 680
1.02579347 0.100000001 -0.000295456158 0.125251845 191.315704 0 274.844 0 680
1.0255045 0.100000001 -0.000332539763 0.124622509 191.894455 0 274.844 0 680
1.0251937 0.100000001 -0.000372409553 0.123964198 192.470169 0 274.844 0 680
1.02485995 0.100000001 -0.000415201666 0.123273849 193.043976 0 274.844 0 680
1.02450207 0.100000001 -0.000461062349 0.122551851 193.621338 0 274.844 0 680
1.02411874 0.100000001 -0.00051014835 0.121795721 194.201508 0 274.844 0 680
1.02370858 0.100000001 -0.000562627283 0.121005148 194.786514 0 274.844 0 680
1.02327008 0.100000001 -0.000618677956 0.120178021 195.378128 0 274.844 0 680
1.02280161 0.100000001 -0.000678490655 0.119313695 195.977249 0 274.844 0 680
1.02230142 0.100000001 -0.000742268836 0.118410081 196.582382 0 274.844 0 680
1.02176763 0.100000001 -0.000810235652 0.117465675 197.193878 0 274.844 0 680
1.02119821 0.100000001 -0.000882632071 0.116478138 197.812866 0 274.844 0 680
1.02059097 0.100000001 -0.000959716441 0.115445636 198.440628 0 274.844 0 680
1.01994357 0.100000001 -0.00104176563 0.114365712 199.077957 0 274.844 0 680
1.0192535 0.100000001 -0.00112907626 0.113236204 199.725754 0 274.844 0 680
1.01851804 0.100000001 -0.00122196604 0.112054452 200.384903 0 274.844 0 680
1.01773429 0.100000001 -0.00132077521 0.110817969 201.055939 0 274.844 0 680
1.01689913 0.100000001 -0.0014258681 0.10952384 201.738556 0 274.844 0 680
1.01600922 0.100000001 -0.00153763483 0.108169191 202.433884 0 274.844 0 680
1.01506097 0.100000001 -0.00165649317 0.106750831 203.143372 0 274.844 0 680
1.01405052 0.100000001 -0.0017828906 0.105265446 203.867905 0 274.844 0 680
1.01297376 0.100000001 -0.00191730653 0.103709616 204.608139 0 274.844 0 680
1.01182626 0.100000001 -0.00206025487 0.102079548 205.364365 0 274.844 0 680
1.01060329 0.100000001 -0.00221228677 0.100371301 206.137238 0 274.844 0 680
1.00929979 0.100000001 -0.00237399384 0.0985807329 206.927017 0 274.844 0 680
1.00791035 0.100000001 -0.00254601168 0.0967030972 207.73407 0 274.844 0 680
1.00642917 0.100000001 -0.00272902406 0.0947336853 208.558884 0 274.844 0 680
1.00485006 0.100000001 -0.00292376758 0.0926669762 209.40152 0 274.844 0 680
1.00316642 0.100000001 -0.00313103723 0.0904972404 210.262131 0 274.844 0 680
1.0013712 0.100000001 -0.00335169279 0.08821778 211.141312 0 274.844 0 680
0.999456897 0.100000001 -0.00358666644 0.0858214721 212.039795 0 274.844 0 680
0.997415507 0.100000001 -0.0038369717 0.0832995847 212.957748 0 274.844 0 680
0.995238522 0.100000001 -0.00410371417 0.080642432 213.89534 0 274.844 0 680
0.992916902 0.100000001 -0.00438810431 0.0778380409 214.851593 0 274.844 0 680
0.990441055 0.100000001 -0.00469147282 0.074872151 215.826279 0 274.844 0 680
0.987800814 0.100000001 -0.00501528913 0.0717262402 216.823898 0 274.844 0 680
0.984985421 0.100000001 -0.00536118375 0.0683770999 217.849304 0 274.844 0 680
0.981983514 0.100000001 -0.00573097521 0.0647931248 218.953568 0 274.844 0 680
0.978783111 0.100000001 -0.00612650272 0.0609568283 220.191452 0 274.844 0 680
0.975371607 0.100000001 -0.00654900337 0.0568759367 221.563385 0 274.844 0 680
0.971735767 0.100000001 -0.00699940625 0.0525698327 223.032455 0 274.844 0 680
0.967861732 0.100000001 -0.00747867674 0.0480472259 224.579483 0 274.844 0 680
0.963735028 0.100000001 -0.00798820752 0.0433030352 226.229477 0 274.844 0 680
0.959340588 0.100000001 -0.00852942146 0.0383358598 227.876144 0 274.844 0 680
0.954662776 0.100000001 -0.00910358851 0.0331487767 229.365463 0 274.844 0 680
0.949685431 0.100000001 -0.00971172817 0.0277491361 230.618301 0 274.844 0 680
0.944391919 0.100000001 -0.0103546433 0.0221465193 231.743378 0 274.844 0 680
0.938765198 0.100000001 -0.0110330913 0.016358681 232.814026 0 274.844 0 680
0.932787903 0.100000001 -0.0117477146 0.0103976009 233.845291 0 274.844 0 680
0.926442445 0.100000001 -0.0124988995 0.00427066023 235.312057 0 274.844 0 680
0.919711133 0.100000001 -0.0132869066 -0.00200261432 238.040787 0 274.844 0 680
0.912576309 0.100000001 -0.0141117265 -0.00833919551 241.526962 0 274.844 0 680
0.905020513 0.100000001 -0.0149730975 -0.0146553023 244.262817 0 274.844 0 680
0.897026665 0.100000001 -0.015870755 -0.0209481716 246.313354 0 274.844 0 680
0.88857827 0.100000001 -0.0168041758 -0.0272113252 248.344589 0 274.844 0 680
0.879659649 0.100000001 -0.0177726863 -0.0334152468 250.403091 0 274.844 0 680
0.870256186 0.100000001 -0.0187756365 -0.0395335518 252.495514 0 274.844 0 680
0.860354602 0.100000001 -0.0198122088 -0.0455506146 254.604126 0 274.844 0 680
0.849943243 0.100000001 -0.0208815518 -0.0514611267 256.690399 0 274.844 0 680
0.839012385 0.100000001 -0.0219827501 -0.0572673157 258.744446 0 274.844 0 680
0.827554543 0.100000001 -0.0231149096 -0.0629903898 260.785187 0 274.844 0 680
0.815564798 0.100000001 -0.0242771602 -0.0686639249 262.82074 0 274.844 0 680
0.803041106 0.100000001 -0.025468376 -0.074330546 264.870117 0 274.844 0 680
0.789984616 0.100000001 -0.0266871795 -0.0800373256 266.958557 0 274.844 0 680
0.77639995 0.100000001 -0.0279316616 -0.0858327895 269.115021 0 274.844 0 680
0.762295475 0.100000001 -0.0291993863 -0.0917645022 271.380035 0 274.844 0 680
0.747683526 0.100000001 -0.0304870948 -0.0978692248 273.757324 0 274.844 0 680
0.732580587 0.100000001 -0.0317904036 -0.104167588 276.203247 0 274.844 0 680
0.717007413 0.100000001 -0.0331036165 -0.110663548 278.672241 0 274.844 0 680
0.700989088 0.100000001 -0.0344196238 -0.117344394 281.143707 0 274.844 0 680
0.684555011 0.100000001 -0.0357298415 -0.1241787 283.717072 0 274.844 0 680
0.667738796 0.100000001 -0.037024161 -0.131096497 286.601288 0 274.844 0 680
0.650578095 0.100000001 -0.0382910279 -0.13797991 289.915436 0 274.844 0 680
0.633114333 0.100000001 -0.0395179091 -0.144680485 293.655945 0 274.844 0 680
0.615392355 0.100000001 -0.0406916523 -0.151028976 297.734955 0 274.844 0 680
0.59746 0.100000001 -0.0417988628 -0.15684253 302.018677 0 274.844 0 680
0.579367595 0.100000001 -0.0428264223 -0.161931142 306.392761 0 274.844 0 680
0.561167393 0.100000001 -0.0437624597 -0.166150436 310.76712 0 274.844 0 680
0.542912961 0.100000001 -0.0445967938 -0.169357032 315.062286 0 274.844 0 680
0.52465853 0.100000001 -0.0453211967 -0.171457753 319.221588 0 274.844 0 680
0.506458328 0.100000001 -0.0459298179 -0.17237018 323.185944 0 274.844 0 680
0.488365923 0.100000001 -0.0464193978 -0.172073007 326.90506 0 274.844 0 680
0.470433568 0.100000001 -0.0467896775 -0.170676231 330.386627 0 274.844 0 680
0.45271159 0.100000001 -0.0470432255 -0.168258846 333.657257 0 274.844 0 680
0.435247828 0.100000001 -0.04718403 -0.164899677 336.706299 0 274.844 0 680
0.418087127 0.100000001 -0.0472182845 -0.160746902 339.541656 0 274.844 0 680
0.401270912 0.100000001 -0.0471539124 -0.155990481 342.218842 0 274.844 0 680
0.384836835 0.100000001 -0.0469995367 -0.15079999 344.794464 0 274.844 0 680
0.36881851 0.100000001 -0.04676412 -0.145330116 347.3255 0 274.844 0 680
0.353245336 0.100000001 -0.0464567158 -0.139728338 349.868347 0 274.844 0 680
0.338142397 0.100000001 -0.0460862159 -0.134123981 352.483093 0 274.844 0 680
0.323530448 0.100000001 -0.04566082 -0.128616482 355.219208 0 274.844 0 680
0.309425973 0.100000001 -0.0451879625 -0.123273209 358.117523 0 274.844 0 680
0.295841307 0.100000001 -0.0446742429 -0.118144967 361.228882 0 274.844 0 680
0.282784817 0.100000001 -0.0441256669 -0.11325065 364.591675 0 274.844 0 680
0.270261125 0.100000001 -0.043547254 -0.108589195 368.200073 0 274.844 0 680
0.25827138 0.100000001 -0.0429436092 -0.104145758 372.062378 0 274.844 0 680
0.246813538 0.100000001 -0.0423184473 -0.0998846143 376.198883 0 274.844 0 680
0.23588268 0.100000001 -0.0416753227 -0.0957750008 380.566925 0 274.844 0 680
0.225471321 0.100000001 -0.041017284 -0.091769971 385.103302 0 274.844 0 680
0.215569737 0.100000001 -0.0403472192 -0.0878425241 389.754974 0 274.844 0 680
0.206166274 0.100000001 -0.039667971 -0.0839625075 394.458191 0 274.844 0 680
0.197247653 0.100000001 -0.0389818665 -0.0800888091 399.175537 0 274.844 0 680
0.188799258 0.100000001 -0.0382914381 -0.0762115493 403.874969 0 274.844 0 680
0.180805409 0.100000001 -0.0375991931 -0.0723253936 408.521393 0 274.844 0 680
0.173249614 0.100000001 -0.0369073692 -0.0684310719 413.135498 0 274.844 0 680
0.16611479 0.100000001 -0.0362183119 -0.0645490363 417.759735 0 274.844 0 680
0.159383478 0.100000001 -0.0355342085 -0.060695421 422.384735 0 274.844 0 680
0.15303802 0.100000001 -0.0348569996 -0.0568947494 426.976624 0 274.844 0 680
0.147060725 0.100000001 -0.034188632 -0.0531876571 431.499817 0 274.844 0 680
0.141434004 0.100000001 -0.0335309596 -0.0496289842 435.91098 0 274.844 0 680
0.136140492 0.100000001 -0.0328856984 -0.046272859 440.13028 0 274.844 0 680
0.131163147 0.100000001 -0.0322544005 -0.0431669839 443.268036 0 274.844 0 680
0.126485335 0.100000001 -0.0316381332 -0.0406212881 444.563538 0.000205764853 274.765 0 680
0.122090895 0.100000001 -0.0310376885 -0.03894547 445.976501 0.000980065437 274.244 0.0448112451 680
0.117964191 0.100000001 -0.0304539194 -0.0380820744 451.04895 0.00174589467 273.15 0.828623712 680
0.114090156 0.100000001 -0.0298883247 -0.0380878896 458.58606 0.00246754242 273.15 0.411710382 680
0.110454316 0.100000001 -0.0293423559 -0.0394904055 464.635223 0.00315040629 273.15 0.269882143 680
0.107042811 0.100000001 -0.0288164955 -0.0428368151 469.724396 0.0038784421 273.15 0.198204622 680
0.103842409 0.100000001 -0.0283081861 -0.0480508655 475.789276 0.00473408774 273.15 0.15536736 680
0.100840502 0.100000001 -0.0278147348 -0.0550027452 482.852142 0.00574402232 273.15 0.126976967 680
0.0980251091 0.100000001 -0.0273332915 -0.063482143 490.609344 0.00704603549 273.15 0.106820479 680
0.0953848678 0.100000001 -0.0268572335 -0.0728016868 500.526184 0.0087568583 273.15 0.0920772105 680
0.0929090208 0.100000001 -0.0263811552 -0.0820692033 515.328796 0.0108410483 273.15 0.0812895074 680
0.0905874014 0.100000001 -0.025901342 -0.0906041861 533.877441 0.0179057028 273.15 0.0732097179 680
0.0884104164 0.100000001 -0.0254135514 -0.0975032449 554.344116 0.0320698507 273.15 0.0670559928 680
0.0863690256 0.100000001 -0.0249152486 -0.101841062 574.868347 0.0479757972 273.15 0.0621322617 680
0.0844547209 0.100000001 -0.0244053431 -0.103228465 594.604492 0.065340884 273.15 0.0580790602 680
0.0826595044 0.100000001 -0.0238827801 -0.100286804 618.600464 0.0838171244 273.15 0.0551067144 680
0.0809758653 0.100000001 -0.0233476727 -0.0925173908 644.831482 0.102993652 273.15 0.0527977869 680
0.0793967569 0.100000001 -0.0228009001 -0.0808403119 665.747253 0.122654185 273.15 0.0504618622 680
0.077915574 0.100000001 -0.0222429891 -0.0652377829 680.83075 0.145620093 273.15 0.0481767952 680
0.0765261295 0.100000001 -0.0216751515 -0.0457029268 692.949524 0.169819802 273.15 0.0461391322 680
0.0752226324 0.100000001 -0.0210990283 -0.0225574989 703.173828 0.193851635 273.15 0.044356063 680
0.073999666 0.100000001 -0.0205157782 0.00404183008 711.290527 0.217622519 273.15 0.0427845865 680
0.0728521664 0.100000001 -0.019926955 0.0335498564 717.1474 0.240705922 273.15 0.0413740724 680
0.0717754021 0.100000001 -0.0193344138 0.0653920472 721.118103 0.262983918 273.15 0.0401185974 680
0.0707649547 0.100000001 -0.0187396819 0.099080503 723.267578 0.284373373 273.15 0.0389962047 680
0.0698166998 0.100000001 -0.0181444761 0.133820117 723.841736 0.304725975 273.15 0.0379959568 680
0.0689267889 0.100000001 -0.0175504602 0.16924651 723.514771 0.32427603 273.15 0.0371413119 680
0.0680916328 0.100000001 -0.0169581763 0.205301672 722.157959 0.343204588 273.15 0.0364212617 680
0.067307885 0.100000001 -0.0163683259 0.241615355 719.488892 0.361305207 273.15 0.0358037911 680
0.0665724266 0.100000001 -0.0157819618 0.277858317 715.765869 0.378513336 273.15 0.0352845304 680
0.0658823521 0.100000001 -0.0151998872 0.313732415 711.016602 0.394806385 273.15 0.0348272435 680
0.0652349552 0.100000001 -0.014623111 0.348754376 705.494873 0.410111845 273.15 0.0344591364 680
0.0646277164 0.100000001 -0.0140526652 0.382763684 699.835632 0.424659312 273.15 0.0342150107 680
0.0640582912 0.100000001 -0.0134885374 0.415834129 693.895386 0.438623309 273.15 0.0340974033 680
0.0635244984 0.100000001 -0.0129309244 0.447752833 687.510864 0.451891065 273.15 0.0340902992 680
0.0630243098 0.100000001 -0.0123802663 0.478492647 681.066467 0.46456781 273.15 0.0342207663 680
0.0625558404 0.100000001 -0.0118362077 0.508102477 674.353149 0.476718724 273.15 0.0344916992 680
0.0621173391 0.100000001 -0.0112988276 0.536394596 667.297363 0.488210529 273.15 0.0348949768 680
0.0617071804 0.100000001 -0.0107684304 0.56334585 660.25293 0.499127179 273.15 0.0354666226 680
0.0613238561 0.100000001 -0.0102446362 0.588934362 653.045959 0.509482861 273.15 0.0362168625 680
0.0609659682 0.100000001 -0.00972770752 0.612999916 645.835266 0.519201577 273.15 0.0371632278 680
0.0606322218 0.100000001 -0.00921776159 0.635587513 638.889465 0.528410673 273.15 0.0383691564 680
0.0603214191 0.100000001 -0.00871425877 0.656633735 632.064575 0.537087739 273.15 0.039866861 680
0.0600324532 0.100000001 -0.00821752876 0.67611295 625.754089 0.545293808 273.15 0.0417563021 680
0.0597643025 0.100000001 -0.00772644281 0.694165289 619.879028 0.553198874 273.15 0.0441863239 680
0.0595160264 0.100000001 -0.00723963566 0.710731149 613.800354 0.56060046 273.15 0.0472118072 680
0.05928676 0.100000001 -0.00675753353 0.725667179 607.629333 0.567253351 273.15 0.0509107299 680
0.0590757099 0.100000001 -0.00628149485 0.738823771 601.988403 0.573098481 273.15 0.0554689243 680
0.0588821509 0.100000001 -0.0058136806 0.750219166 598.122681 0.578551173 273.15 0.061594151 680
0.0587054219 0.100000001 -0.0053500206 0.760160804 595.057251 0.584036589 273.15 0.0704502091 680
0.0585449229 0.100000001 -0.0048843606 0.768410683 590.891602 0.589041233 273.15 0.0828798339 680
0.0584001118 0.100000001 -0.00442090115 0.774825096 585.927002 0.592762709 273.15 0.0996281579 680
0.0582705024 0.100000001 -0.00397493136 0.779282749 583.983948 0.595337689 273.15 0.125482321 680
0.0581556614 0.100000001 -0.0035453241 0.782171845 584.493347 0.597729921 273.15 0.180346742 680
0.0580552066 0.100000001 -0.00308451856 0.78359127 580.538147 0.59986639 273.15 0.260549188 680
0.0579688048 0.100000001 -0.00259491044 0.782864153 577.982788 0.60270083 273.15 0.214657456 680
0.0578961707 0.100000001 -0.00218602649 0.78071326 586.672241 0.608643055 273.15 0.132167429 680
0.0578370651 0.100000001 -0.00182591131 0.77619499 594.404968 0.615855932 273.15 0.112877637 680
0.0577912936 0.100000001 -0.00125051032 0.769668818 594.524658 0.619636834 273.15 0.104812063 680
0.0577587064 0.100000001 -0.000596883407 0.760998785 603.282166 0.618227065 273.15 0.0781691 680
0.0577391965 0.100000001 -0.000151503969 0.751815975 624.19397 0.614094973 273.15 0.0414952897 680
0.0577327003 0.100000001 0 0.742479742 640.591064 0.606650591 273.15 0.0210678894 680
0.0577327003 0.100000001 0 0.742479742 640.591064 0.606650591 273.15 0.0210678894 680
0.0577391965 0.100000001 0.000151503969 0.735519588 617.418823 0.599384964 273.15 0.0360429212 680
0.0577587064 0.100000001 0.000596883407 0.724280179 625.397339 0.595889509 273.15 0.0564120226 680
0.0577912936 0.100000001 0.00125051032 0.706611037 655.370239 0.592990398 273.15 0.0572475418 680
0.0578370651 0.100000001 0.00182591131 0.683157146 677.010132 0.585398138 273.15 0.0419836119 680
0.0578961707 0.100000001 0.00218602649 0.660699546 660.234375 0.578273833 273.15 0.0322296135 680
0.0579688048 0.100000001 0.00259491044 0.645780325 668.01825 0.57788372 273.15 0.0352653451 680
0.0580552066 0.100000001 0.00308451856 0.623020887 696.221497 0.574732959 273.15 0.0360916369 680
0.0581556614 0.100000001 0.0035453241 0.595710993 707.244873 0.565864444 273.15 0.0326613747 680
0.0582705024 0.100000001 0.00397493136 0.571556091 705.914734 0.558242321 273.15 0.0306609776 680
0.0584001118 0.100000001 0.00442090115 0.547870874 715.488281 0.553402185 273.15 0.0307230148 680
0.0585449229 0.100000001 0.0048843606 0.520061374 731.015564 0.547158778 273.15 0.030627301 680
0.0587054219 0.100000001 0.0053500206 0.489878505 742.265869 0.5385741 273.15 0.0299307723 680
0.0588821509 0.100000001 0.0058136806 0.459491402 749.352356 0.529453397 273.15 0.0292807017 680
0.0590757099 0.100000001 0.00628149485 0.42896536 757.427185 0.520907879 273.15 0.0290417559 680
0.05928676 0.100000001 0.00675753353 0.396691084 767.932312 0.512079895 273.15 0.0290122163 680
0.0595160264 0.100000001 0.00723963566 0.362534821 778.189087 0.502198219 273.15 0.0289667211 680
0.0597643025 0.100000001 0.00772644281 0.327326149 787.001404 0.491410404 273.15 0.0289165005 680
0.0600324532 0.100000001 0.00821752876 0.291465104 794.51825 0.480144888 273.15 0.0289321132 680
0.0603214191 0.100000001 0.00871425877 0.255058706 801.962952 0.468724847 273.15 0.029083265 680
0.0606322218 0.100000001 0.00921776159 0.217527673 809.65094 0.456854939 273.15 0.0293398239 680
0.0609659682 0.100000001 0.00972770752 0.178928494 816.919922 0.444433361 273.15 0.0296694674 680
0.0613238561 0.100000001 0.0102446362 0.139412537 824.095947 0.431496084 273.15 0.0300904829 680
0.0617071804 0.100000001 0.0107684304 0.098834306 830.809937 0.417853177 273.15 0.0305804331 680
0.0621173391 0.100000001 0.0112988276 0.0575808473 836.829041 0.40362069 273.15 0.031147195 680
0.0625558404 0.100000001 0.0118362077 0.0156738758 842.533875 0.388780832 273.15 0.0318105519 680
0.0630243098 0.100000001 0.0123802663 -0.0268997718 847.486328 0.373218447 273.15 0.0325440839 680
0.0635244984 0.100000001 0.0129309244 -0.0697934106 851.826721 0.357116133 273.15 0.033377856 680
0.0640582912 0.100000001 0.0134885374 -0.113164172 855.9198 0.340387464 273.15 0.0343388803 680
0.0646277164 0.100000001 0.0140526652 -0.157016054 859.234375 0.322879612 273.15 0.0354151651 680
0.0652349552 0.100000001 0.014623111 -0.20097515 862.00116 0.304747701 273.15 0.0366413929 680
0.0658823521 0.100000001 0.0151998872 -0.245211095 864.460022 0.285755873 273.15 0.0380380191 680
0.0665724266 0.100000001 0.0157819618 -0.289457828 865.768616 0.265599817 273.15 0.0395847224 680
0.067307885 0.100000001 0.0163683259 -0.33288008 865.572815 0.244392753 273.15 0.0413021408 680
0.0680916328 0.100000001 0.0169581763 -0.374995559 863.796631 0.222155705 273.15 0.0432242602 680
0.0689267889 0.100000001 0.0175504602 -0.415250778 860.190002 0.199044898 273.15 0.0453874394 680
0.0698166998 0.100000001 0.0181444761 -0.453125805 855.258179 0.175287291 273.15 0.0478788726 680
0.0707649547 0.100000001 0.0187396819 -0.48868683 849.072937 0.151216149 273.15 0.0507768877 680
0.0717754021 0.100000001 0.0193344138 -0.52148062 840.649963 0.130037725 273.15 0.0541216359 680
0.0728521664 0.100000001 0.019926955 -0.550457358 829.513 0.108258478 273.15 0.0578976125 680
0.073999666 0.100000001 0.0205157782 -0.574923873 815.733643 0.085802339 273.15 0.0622744448 680
0.0752226324 0.100000001 0.0210990283 -0.5942384 799.355469 0.0629061982 273.15 0.067460075 680
0.0765261295 0.100000001 0.0216751515 -0.607875347 780.690674 0.0398282781 273.15 0.0737819299 680
0.077915574 0.100000001 0.0222429891 -0.615751266 759.719482 0.0183399804 273.15 0.0816660374 680
0.0793967569 0.100000001 0.0228009001 -0.617816985 734.761353 0.0112899067 273.15 0.0913784653 680
0.0809758653 0.100000001 0.0233476727 -0.614399195 703.712463 0.00700950529 273.15 0.102811791 680
0.0826595044 0.100000001 0.0238827801 -0.605573058 670.207581 0.00286190095 273.15 0.117109202 680
0.0844547209 0.100000001 0.0244053431 -0.590411842 641.641052 3.83023616e-05 273.15 0.137132987 680
0.0863690256 0.100000001 0.0249152486 -0.570302606 617.153259 0 273.15 0.166170493 680
0.0884104164 0.100000001 0.0254135514 -0.547514081 591.391724 0 273.15 0.209368184 680
0.0905874014 0.100000001 0.025901342 -0.522564888 565.912354 0 273.15 0.281578839 680
0.0929090208 0.100000001 0.0263811552 -0.496436864 543.072205 0 273.15 0.429007202 680
0.0953848678 0.100000001 0.0268572335 -0.470242858 524.668701 0 273.15 0.825513899 680
0.0980251091 0.100000001 0.0273332915 -0.444934845 512.043579 0 274.722 0.0339841805 680
0.100840502 0.100000001 0.0278147348 -0.421514839 502.163879 0 274.754 0.0420607477 680
0.103842409 0.100000001 0.0283081861 -0.400717348 493.222961 0 274.843 0 680
0.107042811 0.100000001 0.0288164955 -0.382715553 485.886292 0 274.844 0 680
0.110454316 0.100000001 0.0293423559 -0.367404431 480.223511 0 274.844 0 680
0.114090156 0.100000001 0.0298883247 -0.354712129 473.835114 0 274.844 0 680
0.117964191 0.100000001 0.0304539194 -0.34408173 466.091705 0 274.844 0 680
0.122090895 0.100000001 0.0310376885 -0.334981024 461.123016 0 274.844 0 680
0.126485335 0.100000001 0.0316381332 -0.327258855 460.157532 0 274.844 0 680
0.131163147 0.100000001 0.0322544005 -0.320890188 459.327728 0 274.844 0 680
0.136140492 0.100000001 0.0328856984 -0.31556949 456.52887 0 274.844 0 680
0.141434004 0.100000001 0.0335309596 -0.310937673 452.69577 0 274.844 0 680
0.147060725 0.100000001 0.034188632 -0.306879699 448.556305 0 274.844 0 680
0.15303802 0.100000001 0.0348569996 -0.303299993 444.2052 0 274.844 0 680
0.159383478 0.100000001 0.0355342085 -0.300101787 439.689453 0 274.844 0 680
0.16611479 0.100000001 0.0362183119 -0.29720372 435.042847 0 274.844 0 680
0.173249614 0.100000001 0.0369073692 -0.294558555 430.300232 0 274.844 0 680
0.180805409 0.100000001 0.0375991931 -0.292128772 425.478271 0 274.844 0 680
0.188799258 0.100000001 0.0382914381 -0.289869249 420.545502 0 274.844 0 680
0.197247653 0.100000001 0.0389818665 -0.287766546 415.492798 0 274.844 0 680
0.206166274 0.100000001 0.039667971 -0.285815656 410.364838 0 274.844 0 680
0.215569737 0.100000001 0.0403472192 -0.284014732 405.207336 0 274.844 0 680
0.225471321 0.100000001 0.041017284 -0.282402724 400.076202 0 274.844 0 680
0.23588268 0.100000001 0.0416753227 -0.2810058 395.045624 0 274.844 0 680
0.246813538 0.100000001 0.0423184473 -0.279842675 390.174286 0 274.844 0 680
0.25827138 0.100000001 0.0429436092 -0.278958648 385.529022 0 274.844 0 680
0.270261125 0.100000001 0.043547254 -0.278379053 381.146088 0 274.844 0 680
0.282784817 0.100000001 0.0441256669 -0.278133005 377.009583 0 274.844 0 680
0.295841307 0.100000001 0.0446742429 -0.278226167 373.119995 0 274.844 0 680
0.309425973 0.100000001 0.0451879625 -0.278647602 369.476685 0 274.844 0 680
0.323530448 0.100000001 0.04566082 -0.279364258 366.040375 0 274.844 0 680
0.338142397 0.100000001 0.0460862159 -0.28031832 362.759125 0 274.844 0 680
0.353245336 0.100000001 0.0464567158 -0.281432927 359.594788 0 274.844 0 680
0.36881851 0.100000001 0.04676412 -0.282589138 356.494476 0 274.844 0 680
0.384836835 0.100000001 0.0469995367 -0.283650994 353.398285 0 274.844 0 680
0.401270912 0.100000001 0.0471539124 -0.284480691 350.254211 0 274.844 0 680
0.418087127 0.100000001 0.0472182845 -0.284885675 347.013641 0 274.844 0 680
0.435247828 0.100000001 0.04718403 -0.284655303 343.604034 0 274.844 0 680
0.45271159 0.100000001 0.0470432255 -0.283638388 339.979828 0 274.844 0 680
0.470433568 0.100000001 0.0467896775 -0.281665355 336.139374 0 274.844 0 680
0.488365923 0.100000001 0.0464193978 -0.27863282 332.064667 0 274.844 0 680
0.506458328 0.100000001 0.0459298179 -0.274491668 327.743011 0 274.844 0 680
0.52465853 0.100000001 0.0453211967 -0.269187987 323.18869 0 274.844 0 680
0.542912961 0.100000001 0.0445967938 -0.262753695 318.45459 0 274.844 0 680
0.561167393 0.100000001 0.0437624597 -0.255275577 313.601898 0 274.844 0 680
0.579367595 0.100000001 0.0428264223 -0.246867806 308.695801 0 274.844 0 680
0.59746 0.100000001 0.0417988628 -0.237677842 303.81601 0 274.844 0 680
0.615392355 0.100000001 0.0406916523 -0.227876008 299.057587 0 274.844 0 680
0.633114333 0.100000001 0.0395179091 -0.217654064 294.534271 0 274.844 0 680
0.650578095 0.100000001 0.0382910279 -0.207202137 290.377594 0 274.844 0 680
0.667738796 0.100000001 0.037024161 -0.19669053 286.672455 0 274.844 0 680
0.684555011 0.100000001 0.0357298415 -0.186267033 283.408447 0 274.844 0 680
0.700989088 0.100000001 0.0344196238 -0.176043764 280.447235 0 274.844 0 680
0.717007413 0.100000001 0.0331036165 -0.166089207 277.584991 0 274.844 0 680
0.732580587 0.100000001 0.0317904036 -0.156436801 274.738159 0 274.844 0 680
0.747683526 0.100000001 0.0304870948 -0.147096381 271.925446 0 274.844 0 680
0.762295475 0.100000001 0.0291993863 -0.138056666 269.188324 0 274.844 0 680
0.77639995 0.100000001 0.0279316616 -0.129289195 266.567352 0 274.844 0 680
0.789984616 0.100000001 0.0266871795 -0.120751716 264.057037 0 274.844 0 680
0.803041106 0.100000001 0.025468376 -0.112394877 261.617615 0 274.844 0 680
0.815564798 0.100000001 0.0242771602 -0.104170449 259.221405 0 274.844 0 680
0.827554543 0.100000001 0.0231149096 -0.09603443 256.843872 0 274.844 0 680
0.839012385 0.100000001 0.0219827501 -0.0879467204 254.466217 0 274.844 0 680
0.849943243 0.100000001 0.0208815518 -0.0798758566 252.07988 0 274.844 0 680
0.860354602 0.100000001 0.0198122088 -0.0718035251 249.664917 0 274.844 0 680
0.870256186 0.100000001 0.0187756365 -0.0637261719 247.234024 0 274.844 0 680
0.879659649 0.100000001 0.0177726863 -0.0556540303 244.828705 0 274.844 0 680
0.88857827 0.100000001 0.0168041758 -0.0476072133 242.465179 0 274.844 0 680
0.897026665 0.100000001 0.015870755 -0.0396117531 240.139984 0 274.844 0 680
0.905020513 0.100000001 0.0149730975 -0.0316989869 237.816574 0 274.844 0 680
0.912576309 0.100000001 0.0141117265 -0.0238803197 234.867676 0 274.844 0 680
0.919711133 0.100000001 0.0132869066 -0.0161619782 231.216904 0 274.844 0 680
0.926442445 0.100000001 0.0124988995 -0.008611992 228.272537 0 274.844 0 680
0.932787903 0.100000001 0.0117477146 -0.00130088557 226.522552 0 274.844 0 680
0.938765198 0.100000001 0.0110330913 0.00575171737 225.212448 0 274.844 0 680
0.944391919 0.100000001 0.0103546433 0.0125394007 223.899155 0 274.844 0 680
0.949685431 0.100000001 0.00971172817 0.019055469 222.561005 0 274.844 0 680
0.954662776 0.100000001 0.00910358851 0.02529075 221.106644 0 274.844 0 680
0.959340588 0.100000001 0.00852942146 0.0312420186 219.42453 0 274.844 0 680
0.963735028 0.100000001 0.00798820752 0.0369075164 217.624695 0 274.844 0 680
0.967861732 0.100000001 0.00747867674 0.0422883742 215.859543 0 274.844 0 680
0.971735767 0.100000001 0.00699940625 0.0473903976 214.208954 0 274.844 0 680
0.975371607 0.100000001 0.00654900337 0.0522231013 212.643677 0 274.844 0 680
0.978783111 0.100000001 0.00612650272 0.0567860939 211.181366 0 274.844 0 680
0.981983514 0.100000001 0.00573097521 0.0610707253 209.853683 0 274.844 0 680
0.984985421 0.100000001 0.00536118375 0.0650766641 208.65831 0 274.844 0 680
0.987800814 0.100000001 0.00501528913 0.0688219965 207.542847 0 274.844 0 680
0.990441055 0.100000001 0.00469147282 0.0723357722 206.459869 0 274.844 0 680
0.992916902 0.100000001 0.00438810431 0.075640507 205.405365 0 274.844 0 680
0.995238522 0.100000001 0.00410371417 0.0787550956 204.374954 0 274.844 0 680
0.997415507 0.100000001 0.0038369717 0.0816946179 203.368698 0 274.844 0 680
0.999456897 0.100000001 0.00358666644 0.084472239 202.387009 0 274.844 0 680
1.0013712 0.100000001 0.00335169279 0.0870989785 201.430756 0 274.844 0 680
1.00316642 0.100000001 0.00313103723 0.0895851925 200.500854 0 274.844 0 680
1.00485006 0.100000001 0.00292376758 0.0919395983 199.594742 0 274.844 0 680
1.00642917 0.100000001 0.00272902406 0.0941703022 198.70903 0 274.844 0 680
1.00791035 0.100000001 0.00254601168 0.0962845907 197.842484 0 274.844 0 680
1.00929979 0.100000001 0.00237399384 0.0982895195 196.995407 0 274.844 0 680
1.01060329 0.100000001 0.00221228677 0.100191101 196.167145 0 274.844 0 680
1.01182626 0.100000001 0.00206025487 0.10199558 195.357239 0 274.844 0 680
1.01297376 0.100000001 0.00191730653 0.103708245 194.565079 0 274.844 0 680
1.01405052 0.100000001 0.0017828906 0.105334371 193.78862 0 274.844 0 680
1.01506097 0.100000001 0.00165649317 0.106878832 193.027649 0 274.844 0 680
1.01600922 0.100000001 0.00153763483 0.108346105 192.282272 0 274.844 0 680
1.01689913 0.100000001 0.0014258681 0.109740444 191.55127 0 274.844 0 680
1.01773429 0.100000001 0.00132077521 0.111065961 190.833954 0 274.844 0 680
1.01851804 0.100000001 0.00122196604 0.112326249 190.12825 0 274.844 0 680
1.0192535 0.100000001 0.00112907626 0.113525063 189.43335 0 274.844 0 680
1.01994357 0.100000001 0.00104176563 0.114665523 188.749115 0 274.844 0 680
1.02059097 0.100000001 0.000959716441 0.115750983 188.07402 0 274.844 0 680
1.02119821 0.100000001 0.000882632071 0.116784126 187.40683 0 274.844 0 680
1.02176763 0.100000001 0.000810235652 0.117767982 186.746552 0 274.844 0 680
1.02230142 0.100000001 0.000742268836 0.118704818 186.091766 0 274.844 0 680
1.02280161 0.100000001 0.000678490655 0.119597435 185.441147 0 274.844 0 680
1.02327008 0.100000001 0.000618677956 0.120447651 184.793884 0 274.844 0 680
1.02370858 0.100000001 0.000562627283 0.121258073 184.148697 0 274.844 0 680
1.02411874 0.100000001 0.00051014835 0.122029729 183.504456 0 274.844 0 680
1.02450207 0.100000001 0.000461062349 0.122765221 182.862534 0 274.844 0 680
1.02485995 0.100000001 0.000415201666 0.123464979 182.22023 0 274.844 0 680
1.0251937 0.100000001 0.000372409553 0.124131925 181.576569 0 274.844 0 680
1.0255045 0.100000001 0.000332539763 0.124765679 180.925476 0 274.844 0 680
1.02579347 0.100000001 0.000295456158 0.125369817 180.266724 0 274.844 0 680
1.02606162 0.100000001 0.000261032318 0.125942588 179.597046 0 274.844 0 680
1.0263099 0.100000001 0.000229151139 0.126488417 178.91777 0 274.844 0 680
1.02653916 0.100000001 0.000199704443 0.127003923 178.215103 0 274.844 0 680
1.02675021 0.100000001 0.0001725926 0.127496138 177.497208 0 274.844 0 680
1.02694377 0.100000001 0.00014772416 0.127957597 176.745651 0 274.844 0 680
1.0271205 0.100000001 0.000125015508 0.128399149 175.989517 0 274.844 0 680
1.027281 0.100000001 0.000104390541 0.12880677 175.18187 0 274.844 0 680
1.02742581 0.100000001 8.5780361e-05 0.129197165 174.397568 0 274.844 0 680
1.02755542 0.100000001 6.91229984e-05 0.129546583 173.578903 0 274.844 0 680
1.02767026 0.100000001 5.43631542e-05 0.129878536 172.935516 0 274.844 0 680
1.02777072 0.100000001 4.14519688e-05 0.13015157 172.44313 0 274.844 0 680
1.02785712 0.100000001 3.03468154e-05 0.130413666 172.809387 0 274.844 0 680
1.02792975 0.100000001 2.10111173e-05 0.130561158 174.264618 0 274.844 0 680
1.02798886 0.100000001 1.34141908e-05 0.13065362 179.941055 0 274.844 0 680
1.02803463 0.100000001 7.53111159e-06 0.130565763 196.544495 0 274.844 0 680
1.02806722 0.100000001 3.34260658e-06 0.130021855 244.393784 0 274.844 0 680
1.02808673 0.100000001 8.34969327e-07 0.129717946 501.64856 0 274.844 0 680

ZONE T="SLICE_Y_0p75_BINS03_KS_1p0mm_CUTDATA"
1.21069917 0.75 0 0.128211185 1290.16016 0 274.844 0 680
1.21069396 0.75 -6.69193463e-07 0.129341349 577.529785 0 274.844 0 680
1.21067833 0.75 -2.67896125e-06 0.129777312 276.951965 0 274.844 0 680
1.21065221 0.75 -6.03587519e-06 0.130604714 222.401764 0 274.844 0 680
1.21061552 0.75 -1.07509204e-05 0.130895093 203.093719 0 274.844 0 680
1.21056815 0.75 -1.68395436e-05 0.130893365 196.189972 0 274.844 0 680
1.21050994 0.75 -2.43217203e-05 0.130861744 194.084259 0 274.844 0 680
1.21044069 0.75 -3.32220426e-05 0.130657807 193.081085 0 274.844 0 680
1.21036018 0.75 -4.35698249e-05 0.13044928 193.069595 0 274.844 0 680
1.21026814 0.75 -5.53992311e-05 0.130175486 193.213608 0 274.844 0 680
1.21016427 0.75 -6.87494199e-05 0.129880458 193.683777 0 274.844 0 680
1.21004821 0.75 -8.36647112e-05 0.129538223 194.145386 0 274.844 0 680
1.20991957 0.75 -0.000100194771 0.129179925 194.70813 0 274.844 0 680
1.20977793 0.75 -0.000118394819 0.128786027 195.248215 0 274.844 0 680
1.2096228 0.75 -0.000138325848 0.128374308 195.81636 0 274.844 0 680
1.20945365 0.75 -0.000160054871 0.127933085 196.370529 0 274.844 0 680
1.20926991 0.75 -0.000183655182 0.127471164 196.924393 0 274.844 0 680
1.20907092 0.75 -0.000209206632 0.126981676 197.467331 0 274.844 0 680
1.20885601 0.75 -0.000236795919 0.126468882 198.01358 0 274.844 0 680
1.20862442 0.75 -0.000266516898 0.125928566 198.557648 0 274.844 0 680
1.20837532 0.75 -0.000298470891 0.125362605 199.105438 0 274.844 0 680
1.20810784 0.75 -0.000332767003 0.124768123 199.655151 0 274.844 0 680
1.20782101 0.75 -0.000369522448 0.124145694 200.210236 0 274.844 0 680
1.20751379 0.75 -0.000408862853 0.123493157 200.770447 0 274.844 0 680
1.20718506 0.75 -0.000450922552 0.122810356 201.337952 0 274.844 0 680
1.20683362 0.75 -0.000495844854 0.12209554 201.912903 0 274.844 0 680
1.20645816 0.75 -0.000543782264 0.12134815 202.495865 0 274.844 0 680
1.20605728 0.75 -0.000594897845 0.120566495 203.085205 0 274.844 0 680
1.20562947 0.75 -0.000649370443 0.119749218 203.681183 0 274.844 0 680
1.2051731 0.75 -0.000707393186 0.11889445 204.284851 0 274.844 0 680
1.20468642 0.75 -0.000769173127 0.118000515 204.897308 0 274.844 0 680
1.20416756 0.75 -0.000834932166 0.117065452 205.519867 0 274.844 0 680
1.20361449 0.75 -0.000904908033 0.116087355 206.15274 0 274.844 0 680
1.20302505 0.75 -0.000979355361 0.115064077 206.796143 0 274.844 0 680
1.20239691 0.75 -0.00105854684 0.113993369 207.453262 0 274.844 0 680
1.20172757 0.75 -0.00114277445 0.112872958 208.121124 0 274.844 0 680
1.20101434 0.75 -0.00123235087 0.111700028 208.79747 0 274.844 0 680
1.20025435 0.75 -0.00132761093 0.110472128 209.489532 0 274.844 0 680
1.19944452 0.75 -0.00142891325 0.109186463 210.200119 0 274.844 0 680
1.19858154 0.75 -0.00153664207 0.107839979 210.92749 0 274.844 0 680
1.19766187 0.75 -0.00165120927 0.106429316 211.667236 0 274.844 0 680
1.19668171 0.75 -0.00177305656 0.104951128 212.423279 0 274.844 0 680
1.19563701 0.75 -0.0019026581 0.10340216 213.199448 0 274.844 0 680
1.19452343 0.75 -0.00204052331 0.10177777 213.99028 0 274.844 0 680
1.19333632 0.75 -0.00218720017 0.100074068 214.797653 0 274.844 0 680
1.19207073 0.75 -0.00234327907 0.0982862487 215.623871 0 274.844 0 680
1.19072136 0.75 -0.00250939714 0.0964089781 216.467621 0 274.844 0 680
1.18928257 0.75 -0.00268624347 0.0944362506 217.328674 0 274.844 0 680
1.18774834 0.75 -0.00287456516 0.0923611671 218.207581 0 274.844 0 680
1.18611224 0.75 -0.00307517449 0.0901756957 219.116364 0 274.844 0 680
1.18436748 0.75 -0.00328895758 0.0878702775 220.067078 0 274.844 0 680
1.1825068 0.75 -0.00351688454 0.0854340494 221.08316 0 274.844 0 680
1.18052251 0.75 -0.00376002188 0.082855016 222.155746 0 274.844 0 680
1.17840647 0.75 -0.00401954729 0.0801164135 223.283432 0 274.844 0 680
1.17615004 0.75 -0.00429676756 0.0771986321 224.426849 0 274.844 0 680
1.17374414 0.75 -0.00459314015 0.0740743279 225.587158 0 274.844 0 680
1.17117915 0.75 -0.00491013914 0.0707281977 226.847504 0 274.844 0 680
1.16844497 0.75 -0.00524875598 0.0671670288 228.108017 0 274.844 0 680
1.16553099 0.75 -0.0056097353 0.063397944 229.366028 0 274.844 0 680
1.16242611 0.75 -0.00599385082 0.0594213642 230.755371 0 274.844 0 680
1.15911873 0.75 -0.00640221872 0.0552322119 232.290527 0 274.844 0 680
1.15559677 0.75 -0.00683597936 0.0508214943 233.981888 0 274.844 0 680
1.15184769 0.75 -0.00729615056 0.0461838916 235.956863 0 274.844 0 680
1.14785856 0.75 -0.0077835494 0.0413295403 238.293686 0 274.844 0 680
1.14361603 0.75 -0.00829881936 0.0362853855 240.749756 0 274.844 0 680
1.13910644 0.75 -0.00884256744 0.0310762208 243.068344 0 274.844 0 680
1.13431589 0.75 -0.00941530849 0.0257157404 245.204041 0 274.844 0 680
1.12923026 0.75 -0.0100173522 0.0202129707 247.135239 0 274.844 0 680
1.1238354 0.75 -0.0106489074 0.0145758856 248.942566 0 274.844 0 680
1.11811713 0.75 -0.0113099665 0.00882327557 250.771439 0 274.844 0 680
1.11206147 0.75 -0.0120003198 0.00298321992 252.700623 0 274.844 0 680
1.10565473 0.75 -0.0127197553 -0.00291476166 254.747375 0 274.844 0 680
1.09888369 0.75 -0.0134678535 -0.00884004775 256.869843 0 274.844 0 680
1.09173578 0.75 -0.0142440748 -0.0147684691 259.044128 0 274.844 0 680
1.0841993 0.75 -0.0150478979 -0.0206830651 261.269287 0 274.844 0 680
1.07626358 0.75 -0.0158786679 -0.0265708584 263.523712 0 274.844 0 680
1.06791931 0.75 -0.0167357022 -0.0324278809 265.791748 0 274.844 0 680
1.05915868 0.75 -0.0176182672 -0.0382601246 268.075623 0 274.844 0 680
1.04997569 0.75 -0.0185256462 -0.0440873541 270.379883 0 274.844 0 680
1.0403664 0.75 -0.0194571422 -0.0499412157 272.70163 0 274.844 0 680
1.03032918 0.75 -0.0204118525 -0.0558616295 275.044128 0 274.844 0 680
1.01986494 0.75 -0.0213886732 -0.0618937276 277.418732 0 274.844 0 680
1.0089774 0.75 -0.0223860743 -0.0680840835 279.832703 0 274.844 0 680
0.997673241 0.75 -0.0234021032 -0.0744818226 282.285919 0 274.844 0 680
0.985962367 0.75 -0.0244341486 -0.0811319724 284.791687 0 274.844 0 680
0.973857984 0.75 -0.0254786967 -0.0880656689 287.386505 0 274.844 0 680
0.961376728 0.75 -0.0265311827 -0.0952964872 290.095001 0 274.844 0 680
0.948538702 0.75 -0.0275859082 -0.102818094 292.968048 0 274.844 0 680
0.935367467 0.75 -0.0286359936 -0.110600017 296.113678 0 274.844 0 680
0.921889964 0.75 -0.0296733374 -0.118575424 299.621063 0 274.844 0 680
0.908136371 0.75 -0.0306886788 -0.126638263 303.530243 0 274.844 0 680
0.894139886 0.75 -0.0316719735 -0.134655416 307.81778 0 274.844 0 680
0.879936452 0.75 -0.0326126802 -0.1424703 312.423737 0 274.844 0 680
0.865564409 0.75 -0.0335000638 -0.14990449 317.263245 0 274.844 0 680
0.851064093 0.75 -0.0343236104 -0.15676631 322.229645 0 274.844 0 680
0.836477383 0.75 -0.0350738057 -0.162895784 327.229584 0 274.844 0 680
0.821847209 0.75 -0.0357424901 -0.168128207 332.178131 0 274.844 0 680
0.807217035 0.75 -0.0363230691 -0.172372013 337.010162 0 274.844 0 680
0.792630324 0.75 -0.0368108538 -0.175474182 341.64856 0 274.844 0 680
0.778130008 0.75 -0.0372032319 -0.177472219 346.065277 0 274.844 0 680
0.763757965 0.75 -0.0374999959 -0.1783849 350.22049 0 274.844 0 680
0.749554531 0.75 -0.0377032041 -0.178119287 354.11557 0 274.844 0 680
0.735558047 0.75 -0.0378160531 -0.17693013 357.788116 0 274.844 0 680
0.721804453 0.75 -0.0378435067 -0.174934268 361.23587 0 274.844 0 680
0.708326951 0.75 -0.0377919151 -0.172232106 364.513153 0 274.844 0 680
0.695155716 0.75 -0.0376681893 -0.169005364 367.674255 0 274.844 0 680
0.682317689 0.75 -0.0374795126 -0.165379032 370.775055 0 274.844 0 680
0.669836433 0.75 -0.0372331408 -0.161507592 373.876282 0 274.844 0 680
0.65773205 0.75 -0.0369362004 -0.157511473 377.040924 0 274.844 0 680
0.646021176 0.75 -0.0365952631 -0.153493375 380.32019 0 274.844 0 680
0.634717022 0.75 -0.0362162874 -0.149515674 383.749359 0 274.844 0 680
0.623829473 0.75 -0.0358045623 -0.145629153 387.349915 0 274.844 0 680
0.613365234 0.75 -0.0353649013 -0.141859904 391.128174 0 274.844 0 680
0.603328012 0.75 -0.0349013272 -0.138214394 395.098663 0 274.844 0 680
0.593718726 0.75 -0.0344175308 -0.134682894 399.261261 0 274.844 0 680
0.584535739 0.75 -0.0339164894 -0.131234735 403.606659 0 274.844 0 680
0.575775107 0.75 -0.0334010515 -0.127843305 408.127777 0 274.844 0 680
0.567430832 0.75 -0.0328736606 -0.124467589 412.825775 0 274.844 0 680
0.559495122 0.75 -0.0323366314 -0.121084161 417.739716 0 274.844 0 680
0.551958634 0.75 -0.031792242 -0.11766202 422.881378 0 274.844 0 680
0.544810727 0.75 -0.0312423576 -0.114153363 428.215454 0 274.844 0 680
0.538039687 0.75 -0.0306890076 -0.110540539 433.67691 0 274.844 0 680
0.531632947 0.75 -0.0301342018 -0.106810421 439.139191 0 274.844 0 680
0.525577289 0.75 -0.0295797336 -0.102959663 444.505707 0 274.844 0 680
0.519859022 0.75 -0.0290274825 -0.0990108252 449.733795 0.000524986652 274.646 0 680
0.514464153 0.75 -0.0284792019 -0.0949873477 454.799072 0.00140874705 274.319 0 680
0.509378531 0.75 -0.0279364469 -0.0909219384 459.744904 0.00231522298 273.991 0 680
0.504587975 0.75 -0.0274007778 -0.0868697241 464.598206 0.00323411939 273.665 0 680
0.50007839 0.75 -0.0268736805 -0.0829086602 469.328156 0.00415076409 273.347 0 680
0.495835859 0.75 -0.0263565303 -0.0791320056 473.945251 0.00505823595 273.15 0.0521444567 680
0.491846722 0.75 -0.0258505711 -0.0756516531 478.522644 0.00595418504 273.15 0.171363324 680
0.488097649 0.75 -0.0253566583 -0.0725287646 483.125122 0.00684209215 273.15 0.815763652 680
0.484575686 0.75 -0.0248754267 -0.0698928833 487.736664 0.00771619612 273.15 0.600423336 680
0.481268304 0.75 -0.0244075598 -0.0678904578 492.317566 0.00855410006 273.15 0.348818988 680
0.478163424 0.75 -0.0239542589 -0.0668566823 497.052246 0.00933251809 273.15 0.242414773 680
0.475249448 0.75 -0.0235166875 -0.0674199909 502.424194 0.0114979306 273.15 0.183926672 680
0.472515268 0.75 -0.0230952321 -0.0697373226 508.76416 0.0149809066 273.15 0.147355974 680
0.469950278 0.75 -0.0226878431 -0.0737130642 516.39032 0.019149974 273.15 0.122582339 680
0.467544373 0.75 -0.0222923622 -0.0794034526 526.44751 0.0241345428 273.15 0.105009116 680
0.465287952 0.75 -0.0219065053 -0.0864528716 539.451782 0.0306091085 273.15 0.0921281576 680
0.463171908 0.75 -0.0215249645 -0.0939378813 554.933289 0.0391543694 273.15 0.0824036151 680
0.461187618 0.75 -0.0211434073 -0.101067364 572.822815 0.0495931134 273.15 0.0749288276 680
0.459326936 0.75 -0.0207588569 -0.107076354 592.614807 0.061959099 273.15 0.0690645054 680
0.457582173 0.75 -0.0203679128 -0.111095488 613.563965 0.0762166455 273.15 0.0643577278 680
0.455946082 0.75 -0.0199685437 -0.112358883 634.809387 0.0919405892 273.15 0.0604653843 680
0.454411846 0.75 -0.0195598755 -0.110135667 655.991333 0.109066814 273.15 0.057180047 680
0.452973054 0.75 -0.0191410628 -0.104173645 676.730774 0.130477846 273.15 0.0544559844 680
0.451623687 0.75 -0.0187121963 -0.0942868441 696.103271 0.153011277 273.15 0.0521197133 680
0.450358096 0.75 -0.0182739806 -0.0802698657 714.060791 0.176148012 273.15 0.0501036383 680
0.449170989 0.75 -0.017826838 -0.0620662123 730.482727 0.199699357 273.15 0.0483563878 680
0.448057407 0.75 -0.0173717396 -0.0398957245 745.032166 0.223205879 273.15 0.0468150154 680
0.447012708 0.75 -0.0169100006 -0.0140019264 758.505493 0.246530607 273.15 0.0454959013 680
0.446032551 0.75 -0.0164425497 0.0156024843 769.767151 0.269535005 273.15 0.0443147831 680
0.445112877 0.75 -0.0159706322 0.0474473014 771.957764 0.291886419 273.15 0.0429214574 680
0.444249895 0.75 -0.0154957348 0.0804232433 763.50647 0.313451648 273.15 0.041275017 680
0.443440063 0.75 -0.0150190818 0.114968576 756.535461 0.334153891 273.15 0.0399576835 680
0.442680076 0.75 -0.0145420489 0.150870085 757.175659 0.35386771 273.15 0.0391975492 680
0.441966849 0.75 -0.0140659697 0.187475488 760.645325 0.372812659 273.15 0.0387363322 680
0.441297506 0.75 -0.0135912786 0.224516317 763.859009 0.39115271 273.15 0.0384254232 680
0.440669364 0.75 -0.0131185378 0.261697143 764.947144 0.4086968 273.15 0.038149599 680
0.440079925 0.75 -0.0126485912 0.298612267 764.020813 0.425375164 273.15 0.0378922373 680
0.439526859 0.75 -0.0121820824 0.334935755 761.115723 0.44116497 273.15 0.0376904905 680
0.439007997 0.75 -0.0117198201 0.370057583 755.912781 0.455998778 273.15 0.0375256352 680
0.43852132 0.75 -0.0112626313 0.403890729 749.805664 0.470088124 273.15 0.0374715552 680
0.438064949 0.75 -0.0108105062 0.436566263 743.413818 0.483597547 273.15 0.0375681594 680
0.437637136 0.75 -0.0103636023 0.467882514 736.644531 0.496420741 273.15 0.0378071889 680
0.437236256 0.75 -0.00992227259 0.497811496 729.917419 0.508655608 273.15 0.0382249579 680
0.436860797 0.75 -0.00948623205 0.526384115 723.002563 0.520363808 273.15 0.0388325229 680
0.436509356 0.75 -0.00905554412 0.553435802 715.820312 0.53142041 273.15 0.0396309607 680
0.436180631 0.75 -0.00863045264 0.578940451 708.748779 0.541903973 273.15 0.0406734906 680
0.435873412 0.75 -0.00821065317 0.60287571 701.631104 0.551827669 273.15 0.0419901349 680
0.43558658 0.75 -0.00779635619 0.625104368 694.66626 0.561121345 273.15 0.0436254516 680
0.435319096 0.75 -0.00738765557 0.645670414 688.119873 0.569903433 273.15 0.045683194 680
0.43507 0.75 -0.00698411884 0.664505422 681.92926 0.578153431 273.15 0.0482518114 680
0.434838406 0.75 -0.00658601022 0.681621075 676.400513 0.585924268 273.15 0.0515104681 680
0.434623494 0.75 -0.0061924251 0.697069049 671.606873 0.593367875 273.15 0.0557528436 680
0.434424511 0.75 -0.00580226926 0.710863709 666.78302 0.600300074 273.15 0.061210379 680
0.434240764 0.75 -0.00541588429 0.722793043 662.378113 0.606503367 273.15 0.0682801753 680
0.434071616 0.75 -0.00503435893 0.732913792 658.544067 0.611926973 273.15 0.0776289701 680
0.433916486 0.75 -0.00465942511 0.741039276 656.422729 0.616918862 273.15 0.0910671428 680
0.433774845 0.75 -0.00428782075 0.747500539 653.691101 0.621834338 273.15 0.112026922 680
0.433646212 0.75 -0.00391461348 0.751932621 647.771912 0.62628752 273.15 0.146701351 680
0.433646212 0.75 -0.00391461348 0.751932621 647.771912 0.62628752 273.15 0.146701351 680
0.433530152 0.75 -0.00354316986 0.754311979 639.072021 0.629751205 273.15 0.212689713 680
0.433426275 0.75 -0.00318574347 0.755287886 635.658752 0.632301092 273.15 0.259553403 680
0.433334235 0.75 -0.00284143098 0.753901124 645.483459 0.633929491 273.15 0.193111017 680
0.433253724 0.75 -0.00247211435 0.751135409 653.474304 0.633351564 273.15 0.139094234 680
0.433184477 0.75 -0.00207971364 0.746585429 660.338745 0.631979883 273.15 0.103265025 680
0.433126264 0.75 -0.00175201003 0.740036964 677.735046 0.634417236 273.15 0.076982446 680
0.433078893 0.75 -0.00146339257 0.730104923 688.173584 0.640702724 273.15 0.0769954622 680
0.433042209 0.75 -0.00100223243 0.717994213 688.182617 0.647447884 273.15 0.0805452988 680
0.433016092 0.75 -0.000478377422 0.703866541 699.220215 0.651417673 273.15 0.0638909787 680
0.433000455 0.75 -0.000121424179 0.689952016 726.854248 0.651552558 273.15 0.0347974412 680
0.432995249 0.75 0 0.675996244 751.402466 0.645356536 273.15 0.0179554913 680
0.433000455 0.75 0.000121424179 0.666082561 719.380249 0.638523698 273.15 0.0312490501 680
0.433016092 0.75 0.000478377422 0.65082407 728.101196 0.635758877 273.15 0.0505061373 680
0.433042209 0.75 0.00100223243 0.626932025 766.601624 0.631854177 273.15 0.0528604537 680
0.433078893 0.75 0.00146339257 0.595426977 795.324646 0.621580839 273.15 0.0395700447 680
0.433126264 0.75 0.00175201003 0.566481471 773.657776 0.612201989 273.15 0.0306779929 680
0.433184477 0.75 0.00207971364 0.548467934 780.628723 0.61075139 273.15 0.0339276157 680
0.433253724 0.75 0.00247211435 0.520056844 814.945435 0.606225133 273.15 0.0352325104 680
0.433334235 0.75 0.00284143098 0.486092597 829.253296 0.595572352 273.15 0.0322910734 680
0.433426275 0.75 0.00318574347 0.456846654 826.806274 0.586589277 273.15 0.0305820517 680
0.433530152 0.75 0.00354316986 0.428515166 837.013916 0.580803037 273.15 0.0309038628 680
0.433646212 0.75 0.00391461348 0.395288825 854.945618 0.573566914 273.15 0.0310887601 680
0.433774845 0.75 0.00428782075 0.359409273 867.868103 0.563912034 273.15 0.0306427404 680
0.433916486 0.75 0.00465942511 0.323582381 875.495972 0.553824961 273.15 0.0302043855 680
0.434071616 0.75 0.00503435893 0.287908733 883.972229 0.544480741 273.15 0.0301643517 680
0.434240764 0.75 0.00541588429 0.250390768 895.342285 0.534930825 273.15 0.0303372685 680
0.434424511 0.75 0.00580226926 0.210858434 906.479858 0.524338007 273.15 0.0304899048 680
0.434623494 0.75 0.0061924251 0.170299307 915.863892 0.512856841 273.15 0.0306289457 680
0.434838406 0.75 0.00658601022 0.129199922 923.615601 0.500940621 273.15 0.0308279749 680
0.43507 0.75 0.00698411884 0.0876930431 931.17572 0.488924712 273.15 0.0311646778 680
0.435319096 0.75 0.00738765557 0.0450887345 939.001099 0.47649765 273.15 0.0316137746 680
0.43558658 0.75 0.00779635619 0.00143818348 946.319885 0.463547051 273.15 0.0321422741 680
0.435873412 0.75 0.00821065317 -0.0430838019 953.513916 0.450106204 273.15 0.0327722952 680
0.436180631 0.75 0.00863045264 -0.0886574537 960.182556 0.43597734 273.15 0.0334823616 680
0.436509356 0.75 0.00905554412 -0.13484399 966.039734 0.421274751 273.15 0.0342766531 680
0.436860797 0.75 0.00948623205 -0.181627318 971.505005 0.405982792 273.15 0.035157226 680
0.437236256 0.75 0.00992227259 -0.229004338 976.045776 0.389978141 273.15 0.0361336693 680
0.437637136 0.75 0.0103636023 -0.276565045 979.828674 0.373450667 273.15 0.0372382328 680
0.438064949 0.75 0.0108105062 -0.324459136 983.323364 0.356310964 273.15 0.0384968854 680
0.43852132 0.75 0.0112626313 -0.372700244 985.860779 0.338403642 273.15 0.0398978293 680
0.439007997 0.75 0.0117198201 -0.420847893 987.623474 0.319888294 273.15 0.0414791591 680
0.439526859 0.75 0.0121820824 -0.469328761 987.932861 0.300524294 273.15 0.0432297438 680
0.440079925 0.75 0.0126485912 -0.517973363 984.287354 0.280012727 273.15 0.0450573415 680
0.440669364 0.75 0.0131185378 -0.565312922 976.133911 0.258463889 273.15 0.0469552837 680
0.441297506 0.75 0.0135912786 -0.610635221 965.2323 0.235924974 273.15 0.0490214303 680
0.441966849 0.75 0.0140659697 -0.653233469 952.737915 0.212489158 273.15 0.0513513386 680
0.442680076 0.75 0.0145420489 -0.692737937 940.281494 0.188493222 273.15 0.0541068949 680
0.443440063 0.75 0.0150190818 -0.728913903 932.457581 0.163664222 273.15 0.0576506481 680
0.444249895 0.75 0.0154957348 -0.760889232 933.978699 0.139000699 273.15 0.0625190437 680
0.445112877 0.75 0.0159706322 -0.788551033 936.97699 0.117033243 273.15 0.068582736 680
0.446032551 0.75 0.0164425497 -0.812948525 926.015503 0.0944365636 273.15 0.0749593452 680
0.447012708 0.75 0.0169100006 -0.832128584 901.349243 0.0712638125 273.15 0.0817586109 680
0.448057407 0.75 0.0173717396 -0.843808293 873.049927 0.0481999889 273.15 0.0900590271 680
0.449170989 0.75 0.017826838 -0.848583102 844.343079 0.0253376551 273.15 0.100843623 680
0.450358096 0.75 0.0182739806 -0.846267223 813.906067 0.0121507412 273.15 0.115039274 680
0.451623687 0.75 0.0187121963 -0.836978316 782.041443 0.00784260314 273.15 0.133873001 680
0.452973054 0.75 0.0191410628 -0.821767688 749.830872 0.00365127181 273.15 0.159950927 680
0.454411846 0.75 0.0195598755 -0.8011024 717.692139 4.79330265e-05 273.15 0.19874236 680
0.455946082 0.75 0.0199685437 -0.775654614 686.193359 0 273.15 0.26196152 680
0.457582173 0.75 0.0203679128 -0.746722281 655.852966 0 273.15 0.382743031 680
0.459326936 0.75 0.0207588569 -0.715318322 627.295471 0 273.15 0.705018222 680
0.461187618 0.75 0.0211434073 -0.682568252 601.317871 0 273.15 0.750618935 680
0.463171908 0.75 0.0215249645 -0.649858594 578.719727 0 274.844 0 680
0.465287952 0.75 0.0219065053 -0.618148744 559.88385 0 274.844 0 680
0.467544373 0.75 0.0222923622 -0.588289082 544.764954 0 274.844 0 680
0.469950278 0.75 0.0226878431 -0.561176836 533.417725 0 274.844 0 680
0.472515268 0.75 0.0230952321 -0.537033558 524.974304 0 274.844 0 680
0.475249448 0.75 0.0235166875 -0.515768945 518.329407 0 274.844 0 680
0.478163424 0.75 0.0239542589 -0.497350276 513.249084 0 274.844 0 680
0.481268304 0.75 0.0244075598 -0.481441289 509.150421 0 274.844 0 680
0.484575686 0.75 0.0248754267 -0.467504621 505.308777 0 274.844 0 680
0.488097649 0.75 0.0253566583 -0.45507583 501.45047 0 274.844 0 680
0.491846722 0.75 0.0258505711 -0.44386223 497.520142 0 274.844 0 680
0.495835859 0.75 0.0263565303 -0.433695704 493.516907 0 274.844 0 680
0.50007839 0.75 0.0268736805 -0.424427837 489.377563 0 274.844 0 680
0.504587975 0.75 0.0274007778 -0.415897369 485.021576 0 274.844 0 680
0.509378531 0.75 0.0279364469 -0.407949924 480.408234 0 274.844 0 680
0.514464153 0.75 0.0284792019 -0.400461614 475.550415 0 274.844 0 680
0.519859022 0.75 0.0290274825 -0.393333554 470.414368 0 274.844 0 680
0.525577289 0.75 0.0295797336 -0.386497498 464.963623 0 274.844 0 680
0.531632947 0.75 0.0301342018 -0.379900575 459.241272 0 274.844 0 680
0.538039687 0.75 0.0306890076 -0.373500347 453.324829 0 274.844 0 680
0.544810727 0.75 0.0312423576 -0.367287427 447.340637 0 274.844 0 680
0.551958634 0.75 0.031792242 -0.36126253 441.417847 0 274.844 0 680
0.559495122 0.75 0.0323366314 -0.355431974 435.637207 0 274.844 0 680
0.567430832 0.75 0.0328736606 -0.349837273 430.034515 0 274.844 0 680
0.575775107 0.75 0.0334010515 -0.344503522 424.602631 0 274.844 0 680
0.584535739 0.75 0.0339164894 -0.339447349 419.333557 0 274.844 0 680
0.593718726 0.75 0.0344175308 -0.334704429 414.229431 0 274.844 0 680
0.603328012 0.75 0.0349013272 -0.330291599 409.294464 0 274.844 0 680
0.613365234 0.75 0.0353649013 -0.32623145 404.547089 0 274.844 0 680
0.623829473 0.75 0.0358045623 -0.322524399 399.99765 0 274.844 0 680
0.634717022 0.75 0.0362162874 -0.319151074 395.630981 0 274.844 0 680
0.646021176 0.75 0.0365952631 -0.316071749 391.429443 0 274.844 0 680
0.65773205 0.75 0.0369362004 -0.313221037 387.378754 0 274.844 0 680
0.669836433 0.75 0.0372331408 -0.310518235 383.436005 0 274.844 0 680
0.682317689 0.75 0.0374795126 -0.307848543 379.548401 0 274.844 0 680
0.695155716 0.75 0.0376681893 -0.305069387 375.648621 0 274.844 0 680
0.708326951 0.75 0.0377919151 -0.302024662 371.675507 0 274.844 0 680
0.721804453 0.75 0.0378435067 -0.298559248 367.573181 0 274.844 0 680
0.735558047 0.75 0.0378160531 -0.294511646 363.278687 0 274.844 0 680
0.749554531 0.75 0.0377032041 -0.289721996 358.753082 0 274.844 0 680
0.763757965 0.75 0.0374999959 -0.284061432 353.977997 0 274.844 0 680
0.778130008 0.75 0.0372032319 -0.277466893 348.953888 0 274.844 0 680
0.792630324 0.75 0.0368108538 -0.269884199 343.678314 0 274.844 0 680
0.807217035 0.75 0.0363230691 -0.261292428 338.173248 0 274.844 0 680
0.821847209 0.75 0.0357424901 -0.251755595 332.499603 0 274.844 0 680
0.836477383 0.75 0.0350738057 -0.24138014 326.734802 0 274.844 0 680
0.851064093 0.75 0.0343236104 -0.230304986 320.945831 0 274.844 0 680
0.865564409 0.75 0.0335000638 -0.218690038 315.222443 0 274.844 0 680
0.879936452 0.75 0.0326126802 -0.206711501 309.66452 0 274.844 0 680
0.894139886 0.75 0.0316719735 -0.194559097 304.373779 0 274.844 0 680
0.908136371 0.75 0.0306886788 -0.182410002 299.434265 0 274.844 0 680
0.921889964 0.75 0.0296733374 -0.170413062 294.89859 0 274.844 0 680
0.935367467 0.75 0.0286359936 -0.158691823 290.786438 0 274.844 0 680
0.948538702 0.75 0.0275859082 -0.147339374 287.049286 0 274.844 0 680
0.961376728 0.75 0.0265311827 -0.136410072 283.592133 0 274.844 0 680
0.973857984 0.75 0.0254786967 -0.125923142 280.310974 0 274.844 0 680
0.985962367 0.75 0.0244341486 -0.115874968 277.153839 0 274.844 0 680
0.997673241 0.75 0.0234021032 -0.106243625 274.094116 0 274.844 0 680
1.0089774 0.75 0.0223860743 -0.0969917476 271.097107 0 274.844 0 680
1.01986494 0.75 0.0213886732 -0.0880715922 268.148682 0 274.844 0 680
1.03032918 0.75 0.0204118525 -0.0794333741 265.24704 0 274.844 0 680
1.0403664 0.75 0.0194571422 -0.0710311607 262.385925 0 274.844 0 680
1.04997569 0.75 0.0185256462 -0.0628227592 259.555817 0 274.844 0 680
1.05915868 0.75 0.0176182672 -0.0547722094 256.754608 0 274.844 0 680
1.06791931 0.75 0.0167357022 -0.0468526371 253.987274 0 274.844 0 680
1.07626358 0.75 0.0158786679 -0.0390484296 251.253769 0 274.844 0 680
1.0841993 0.75 0.0150478979 -0.0313564241 248.554291 0 274.844 0 680
1.09173578 0.75 0.0142440748 -0.0237815846 245.896347 0 274.844 0 680
1.09888369 0.75 0.0134678535 -0.0163357668 243.299286 0 274.844 0 680
1.10565473 0.75 0.0127197553 -0.00903479476 240.773254 0 274.844 0 680
1.11206147 0.75 0.0120003198 -0.00189922401 238.343079 0 274.844 0 680
1.11811713 0.75 0.0113099665 0.00504619349 236.051453 0 274.844 0 680
1.1238354 0.75 0.0106489074 0.0117789824 233.879196 0 274.844 0 680
1.12923026 0.75 0.0100173522 0.0182800721 231.738403 0 274.844 0 680
1.13431589 0.75 0.00941530849 0.0245387815 229.497284 0 274.844 0 680
1.13910644 0.75 0.00884256744 0.0305522196 227.105011 0 274.844 0 680
1.14361603 0.75 0.00829881936 0.0363166258 224.602585 0 274.844 0 680
1.14785856 0.75 0.0077835494 0.0418263413 222.030243 0 274.844 0 680
1.15184769 0.75 0.00729615056 0.047070004 219.595917 0 274.844 0 680
1.15559677 0.75 0.00683597936 0.0520357601 217.500778 0 274.844 0 680
1.15911873 0.75 0.00640221872 0.0567232557 215.676193 0 274.844 0 680
1.16242611 0.75 0.00599385082 0.0611429885 214.009232 0 274.844 0 680
1.16553099 0.75 0.0056097353 0.0653081164 212.493561 0 274.844 0 680
1.16844497 0.75 0.00524875598 0.0692287534 211.126892 0 274.844 0 680
1.17117915 0.75 0.00491013914 0.0729113519 209.787857 0 274.844 0 680
1.17374414 0.75 0.00459314015 0.0763586089 208.460983 0 274.844 0 680
1.17615004 0.75 0.00429676756 0.0795732588 207.225388 0 274.844 0 680
1.17840647 0.75 0.00401954729 0.0825718865 206.009521 0 274.844 0 680
1.18052251 0.75 0.00376002188 0.085378319 204.82338 0 274.844 0 680
1.1825068 0.75 0.00351688454 0.0880105197 203.704575 0 274.844 0 680
1.18436748 0.75 0.00328895758 0.0904846489 202.645798 0 274.844 0 680
1.18611224 0.75 0.00307517449 0.092813313 201.653503 0 274.844 0 680
1.18774834 0.75 0.00287456516 0.0950080529 200.704727 0 274.844 0 680
1.18928257 0.75 0.00268624347 0.0970791951 199.788559 0 274.844 0 680
1.19072136 0.75 0.00250939714 0.0990357399 198.894974 0 274.844 0 680
1.19207073 0.75 0.00234327907 0.100885637 198.022812 0 274.844 0 680
1.19333632 0.75 0.00218720017 0.102636039 197.171478 0 274.844 0 680
1.19452343 0.75 0.00204052331 0.104293391 196.341309 0 274.844 0 680
1.19563701 0.75 0.0019026581 0.105863601 195.529861 0 274.844 0 680
1.19668171 0.75 0.00177305656 0.10735175 194.735245 0 274.844 0 680
1.19766187 0.75 0.00165120927 0.108763225 193.961121 0 274.844 0 680
1.19858154 0.75 0.00153664207 0.110102341 193.203766 0 274.844 0 680
1.19944452 0.75 0.00142891325 0.111373313 192.459702 0 274.844 0 680
1.20025435 0.75 0.00132761093 0.112580165 191.731491 0 274.844 0 680
1.20101434 0.75 0.00123235087 0.113726661 191.018173 0 274.844 0 680
1.20172757 0.75 0.00114277445 0.114816211 190.31752 0 274.844 0 680
1.20239691 0.75 0.00105854684 0.115851946 189.625732 0 274.844 0 680
1.20302505 0.75 0.000979355361 0.116837025 188.944305 0 274.844 0 680
1.20361449 0.75 0.000904908033 0.117774114 188.275879 0 274.844 0 680
1.20416756 0.75 0.000834932166 0.118665807 187.617722 0 274.844 0 680
1.20468642 0.75 0.000769173127 0.119514585 186.968033 0 274.844 0 680
1.2051731 0.75 0.000707393186 0.120322645 186.325546 0 274.844 0 680
1.20562947 0.75 0.000649370443 0.121092223 185.689148 0 274.844 0 680
1.20605728 0.75 0.000594897845 0.121825181 185.057632 0 274.844 0 680
1.20645816 0.75 0.000543782264 0.122523546 184.429779 0 274.844 0 680
1.20683362 0.75 0.000495844854 0.123188838 183.805145 0 274.844 0 680
1.20718506 0.75 0.000450922552 0.123822883 183.184753 0 274.844 0 680
1.20751379 0.75 0.000408862853 0.124426529 182.567917 0 274.844 0 680
1.20782101 0.75 0.000369522448 0.125001594 181.954239 0 274.844 0 680
1.20810784 0.75 0.000332767003 0.125548467 181.341339 0 274.844 0 680
1.20837532 0.75 0.000298470891 0.126069203 180.726379 0 274.844 0 680
1.20862442 0.75 0.000266516898 0.126563564 180.10556 0 274.844 0 680
1.20885601 0.75 0.000236795919 0.127034023 179.482895 0 274.844 0 680
1.20907092 0.75 0.000209206632 0.127479255 178.857132 0 274.844 0 680
1.20926991 0.75 0.000183655182 0.127902523 178.23143 0 274.844 0 680
1.20945365 0.75 0.000160054871 0.128300741 177.600296 0 274.844 0 680
1.2096228 0.75 0.000138325848 0.128678754 176.975327 0 274.844 0 680
1.20977793 0.75 0.000118394819 0.129030377 176.347244 0 274.844 0 680
1.20991957 0.75 0.000100194771 0.129363224 175.749084 0 274.844 0 680
1.21004821 0.75 8.36647112e-05 0.129665524 175.162903 0 274.844 0 680
1.21016427 0.75 6.87494199e-05 0.129949078 174.690491 0 274.844 0 680
1.21026814 0.75 5.53992311e-05 0.13019383 174.302551 0 274.844 0 680
1.21036018 0.75 4.35698249e-05 0.130413473 174.299561 0 274.844 0 680
1.21044069 0.75 3.32220426e-05 0.130580246 174.6931 0 274.844 0 680
1.21050994 0.75 2.43217203e-05 0.130731612 176.32193 0 274.844 0 680
1.21056815 0.75 1.68395436e-05 0.13075529 179.733841 0 274.844 0 680
1.21061552 0.75 1.07509204e-05 0.130734161 188.736008 0 274.844 0 680
1.21065221 0.75 6.03587519e-06 0.130477339 212.126999 0 274.844 0 680
1.21067833 0.75 2.67896125e-06 0.129758224 271.904083 0 274.844 0 680
1.21069396 0.75 6.69193463e-07 0.129248992 577.123108 0 274.844 0 680

ZONE T="SLICE_Y_1p40_BINS03_KS_1p0mm_CUTDATA"
1.39330511 1.39999998 0 0.119953111 1511.41455 0 274.844 0 680
1.39330119 1.39999998 -5.03417604e-07 0.120543063 674.579468 0 274.844 0 680
1.39328943 1.39999998 -2.01531594e-06 0.121313818 319.289215 0 274.844 0 680
1.39326978 1.39999998 -4.54063884e-06 0.122236513 251.063461 0 274.844 0 680
1.39324218 1.39999998 -8.08765014e-06 0.122554719 224.444473 0 274.844 0 680
1.39320655 1.39999998 -1.26679699e-05 0.122663133 214.621719 0 274.844 0 680
1.39316276 1.39999998 -1.82966255e-05 0.122696549 210.901947 0 274.844 0 680
1.39311066 1.39999998 -2.49921167e-05 0.122590482 208.920044 0 274.844 0 680
1.3930501 1.39999998 -3.27764961e-05 0.122457534 208.192947 0 274.844 0 680
1.39298086 1.39999998 -4.16754642e-05 0.12223696 207.777939 0 274.844 0 680
1.39290271 1.39999998 -5.17184793e-05 0.121992558 207.914917 0 274.844 0 680
1.3928154 1.39999998 -6.29388822e-05 0.121692494 208.205658 0 274.844 0 680
1.39271864 1.39999998 -7.53740356e-05 0.121370047 208.672592 0 274.844 0 680
1.39261208 1.39999998 -8.90654788e-05 0.121010944 209.180481 0 274.844 0 680
1.39249538 1.39999998 -0.000104059096 0.120630257 209.751755 0 274.844 0 680
1.39236814 1.39999998 -0.0001204053 0.120220095 210.333145 0 274.844 0 680
1.39222991 1.39999998 -0.000138159228 0.119788326 210.936111 0 274.844 0 680
1.39208022 1.39999998 -0.000157380948 0.119329967 211.540329 0 274.844 0 680
1.39191855 1.39999998 -0.000178135683 0.118848957 212.152618 0 274.844 0 680
1.39174432 1.39999998 -0.000200494037 0.118341923 212.765335 0 274.844 0 680
1.39155693 1.39999998 -0.00022453223 0.117810674 213.383041 0 274.844 0 680
1.39135571 1.39999998 -0.000250332343 0.117252745 214.003815 0 274.844 0 680
1.39113994 1.39999998 -0.000277982551 0.116668738 214.629486 0 274.844 0 680
1.39090882 1.39999998 -0.000307577359 0.116056688 215.255859 0 274.844 0 680
1.39066153 1.39999998 -0.000339217825 0.115416415 215.885574 0 274.844 0 680
1.39039715 1.39999998 -0.000373011756 0.11474625 216.521927 0 274.844 0 680
1.3901147 1.39999998 -0.000409073878 0.114045657 217.165405 0 274.844 0 680
1.38981313 1.39999998 -0.000447526858 0.113312975 217.814423 0 274.844 0 680
1.3894913 1.39999998 -0.00048850524 0.112547025 218.469803 0 274.844 0 680
1.38914798 1.39999998 -0.000532154306 0.111745946 219.132706 0 274.844 0 680
1.38878187 1.39999998 -0.00057862982 0.110908262 219.804413 0 274.844 0 680
1.38839154 1.39999998 -0.00062809871 0.110032022 220.485779 0 274.844 0 680
1.38797548 1.39999998 -0.000680739816 0.109115481 221.17778 0 274.844 0 680
1.38753206 1.39999998 -0.000736744689 0.108156554 221.881226 0 274.844 0 680
1.38705953 1.39999998 -0.000796318467 0.107153222 222.596985 0 274.844 0 680
1.386556 1.39999998 -0.000859680807 0.106103219 223.32576 0 274.844 0 680
1.38601945 1.39999998 -0.000927066921 0.105004266 224.068329 0 274.844 0 680
1.38544773 1.39999998 -0.000998728693 0.103853866 224.825317 0 274.844 0 680
1.38483852 1.39999998 -0.00107493591 0.10264945 225.597366 0 274.844 0 680
1.38418932 1.39999998 -0.00115597763 0.101388261 226.384949 0 274.844 0 680
1.38349747 1.39999998 -0.00124216368 0.100067399 227.188492 0 274.844 0 680
1.38276012 1.39999998 -0.00133382637 0.0986837596 228.008347 0 274.844 0 680
1.38197422 1.39999998 -0.00143132239 0.0972340703 228.844757 0 274.844 0 680
1.3811365 1.39999998 -0.00153503495 0.0957147628 229.697845 0 274.844 0 680
1.38024347 1.39999998 -0.00164537631 0.0941220224 230.567596 0 274.844 0 680
1.3792914 1.39999998 -0.00176279059 0.0924516395 231.453873 0 274.844 0 680
1.3792914 1.39999998 -0.00176279059 0.0924516395 231.453873 0 274.844 0 680
1.3782763 1.39999998 -0.00188775708 0.0906989798 232.35643 0 274.844 0 680
1.37719393 1.39999998 -0.00202079418 0.0888588578 233.274902 0 274.844 0 680
1.37603977 1.39999998 -0.0021624639 0.0869253501 234.208984 0 274.844 0 680
1.37480898 1.39999998 -0.00231337732 0.0848916247 235.158096 0 274.844 0 680
1.37349643 1.39999998 -0.00247420102 0.0827495977 236.12056 0 274.844 0 680
1.37209669 1.39999998 -0.0026456648 0.0804894492 237.096375 0 274.844 0 680
1.37060396 1.39999998 -0.00282857098 0.0780990794 238.087585 0 274.844 0 680
1.36901211 1.39999998 -0.00302380549 0.0755631924 239.096725 0 274.844 0 680
1.36731466 1.39999998 -0.00323235141 0.0728617981 240.14032 0 274.844 0 680
1.36550476 1.39999998 -0.00345530514 0.0699726269 241.284851 0 274.844 0 680
1.36357518 1.39999998 -0.0036937756 0.0668836087 242.605316 0 274.844 0 680
1.36151832 1.39999998 -0.00394850863 0.0636000857 244.101227 0 274.844 0 680
1.35932621 1.39999998 -0.0042200644 0.0601349473 245.7043 0 274.844 0 680
1.35699049 1.39999998 -0.00450902495 0.056493178 247.371155 0 274.844 0 680
1.35450243 1.39999998 -0.00481622997 0.0526695587 249.122238 0 274.844 0 680
1.35185294 1.39999998 -0.00514253732 0.0486585014 250.990631 0 274.844 0 680
1.34903261 1.39999998 -0.00548871267 0.0444611721 252.993927 0 274.844 0 680
1.34603168 1.39999998 -0.0058553707 0.0400871933 255.12674 0 274.844 0 680
1.34284013 1.39999998 -0.00624299548 0.0355500914 257.370636 0 274.844 0 680
1.33944768 1.39999998 -0.00665204364 0.0308658443 259.711731 0 274.844 0 680
1.33584386 1.39999998 -0.0070829025 0.0260561407 262.086487 0 274.844 0 680
1.33201808 1.39999998 -0.00753580499 0.0211435556 264.378571 0 274.844 0 680
1.32795965 1.39999998 -0.00801090826 0.0161444787 266.529694 0 274.844 0 680
1.32365794 1.39999998 -0.00850820662 0.0110753663 268.594025 0 274.844 0 680
1.31910242 1.39999998 -0.00902754224 0.00595758716 270.654449 0 274.844 0 680
1.31428279 1.39999998 -0.00956875567 0.00081455952 272.749023 0 274.844 0 680
1.3091891 1.39999998 -0.0101315314 -0.00432957662 274.878204 0 274.844 0 680
1.30381191 1.39999998 -0.0107154633 -0.00945415907 277.058899 0 274.844 0 680
1.2981424 1.39999998 -0.0113201595 -0.0145432604 279.274719 0 274.844 0 680
1.29217256 1.39999998 -0.0119451271 -0.0195879024 281.484741 0 274.844 0 680
1.28589537 1.39999998 -0.0125898527 -0.0245894529 283.681854 0 274.844 0 680
1.27930496 1.39999998 -0.0132537844 -0.0295589678 285.884003 0 274.844 0 680
1.27239683 1.39999998 -0.0139363831 -0.0345204286 288.104248 0 274.844 0 680
1.265168 1.39999998 -0.0146371243 -0.0395093784 290.331085 0 274.844 0 680
1.25761725 1.39999998 -0.0153553291 -0.0445712134 292.57309 0 274.844 0 680
1.24974527 1.39999998 -0.0160901671 -0.0497568548 294.865173 0 274.844 0 680
1.24155483 1.39999998 -0.0168404871 -0.0551202334 297.224335 0 274.844 0 680
1.233051 1.39999998 -0.0176048205 -0.0607184432 299.679718 0 274.844 0 680
1.2242412 1.39999998 -0.0183812025 -0.0666045845 302.288116 0 274.844 0 680
1.21513537 1.39999998 -0.0191669901 -0.0728184134 305.114899 0 274.844 0 680
1.20574603 1.39999998 -0.0199587491 -0.0793804452 308.240601 0 274.844 0 680
1.19608831 1.39999998 -0.0207521929 -0.0862829611 311.693146 0 274.844 0 680
1.18617991 1.39999998 -0.0215421461 -0.0935017616 315.427734 0 274.844 0 680
1.17604112 1.39999998 -0.022322514 -0.100985467 319.429504 0 274.844 0 680
1.16569464 1.39999998 -0.0230863301 -0.108647794 323.715607 0 274.844 0 680
1.15516543 1.39999998 -0.0238260383 -0.11638163 328.266693 0 274.844 0 680
1.14448054 1.39999998 -0.0245337085 -0.124054462 333.039368 0 274.844 0 680
1.13366881 1.39999998 -0.0252012651 -0.131510794 337.947052 0 274.844 0 680
1.12276058 1.39999998 -0.0258207987 -0.138591394 342.893707 0 274.844 0 680
1.11178736 1.39999998 -0.026385152 -0.14515318 347.834625 0 274.844 0 680
1.10078145 1.39999998 -0.0268881867 -0.151065841 352.740692 0 274.844 0 680
1.08977553 1.39999998 -0.0273249418 -0.15621686 357.583527 0 274.844 0 680
1.07880231 1.39999998 -0.0276918902 -0.160519928 362.349518 0 274.844 0 680
1.06789408 1.39999998 -0.0279870664 -0.163928181 367.023376 0 274.844 0 680
1.05708235 1.39999998 -0.0282103146 -0.166460752 371.586853 0 274.844 0 680
1.04639746 1.39999998 -0.0283631831 -0.168172762 376.040863 0 274.844 0 680
1.03586825 1.39999998 -0.0284480766 -0.16911374 380.388153 0 274.844 0 680
1.02552177 1.39999998 -0.0284687292 -0.169380069 384.631653 0 274.844 0 680
1.01538298 1.39999998 -0.0284299182 -0.169117883 388.783875 0 274.844 0 680
1.00547459 1.39999998 -0.0283368423 -0.168458283 392.860077 0 274.844 0 680
0.995816857 1.39999998 -0.0281949055 -0.16752024 396.889954 0 274.844 0 680
0.986427518 1.39999998 -0.0280095661 -0.166419894 400.903351 0 274.844 0 680
0.977321692 1.39999998 -0.0277861853 -0.165256739 404.938416 0 274.844 0 680
0.968511893 1.39999998 -0.0275297066 -0.16410777 409.043732 0 274.844 0 680
0.960008059 1.39999998 -0.0272446126 -0.163018942 413.250275 0 274.844 0 680
0.951817626 1.39999998 -0.0269348821 -0.162021622 417.584412 0 274.844 0 680
0.943945639 1.39999998 -0.026604136 -0.161121979 422.062164 0 274.844 0 680
0.936394887 1.39999998 -0.0262554007 -0.160307854 426.696045 0 274.844 0 680
0.92916606 1.39999998 -0.0258914527 -0.159550235 431.48584 0 274.844 0 680
0.922257927 1.39999998 -0.0255145317 -0.158801153 436.420685 0 274.844 0 680
0.915667521 1.39999998 -0.0251267806 -0.158017635 441.497711 0 274.844 0 680
0.909390331 1.39999998 -0.0247300376 -0.157144144 446.721863 0 274.844 0 680
0.903420493 1.39999998 -0.0243260438 -0.156141981 452.13736 0 274.844 0 680
0.897750981 1.39999998 -0.0239165132 -0.154964745 457.75296 0.000460560317 274.673 0 680
0.892373788 1.39999998 -0.0235028488 -0.153555393 463.51651 0.00128746708 274.373 0 680
0.887280103 1.39999998 -0.0230865775 -0.151890188 469.3797 0.0021541859 274.067 0 680
0.882460472 1.39999998 -0.0226692108 -0.149957925 475.285797 0.00305561046 273.755 0 680
0.877904951 1.39999998 -0.0222520981 -0.147753552 481.197052 0.0039797104 273.444 0 680
0.873603241 1.39999998 -0.0218366534 -0.145301655 487.102722 0.0049193562 273.15 0.00456856191 680
0.869544815 1.39999998 -0.0214241955 -0.142631084 492.969177 0.00586835854 273.15 0.138630092 680
0.865719028 1.39999998 -0.0210158945 -0.139775351 498.760254 0.00682107313 273.15 0.235707745 680
0.862115212 1.39999998 -0.0206129239 -0.136805594 504.456665 0.00776854809 273.15 0.308677763 680
0.858722763 1.39999998 -0.0202164017 -0.133804113 510.046356 0.0116556343 273.15 0.497963339 680
0.855531212 1.39999998 -0.0198273625 -0.13088125 515.550232 0.0158890635 273.15 0.599087596 680
0.852530284 1.39999998 -0.019446742 -0.128153533 521.011902 0.0201360602 273.15 0.847580612 680
0.84970995 1.39999998 -0.0190751836 -0.125719398 526.465698 0.0244081989 273.15 0.485953748 680
0.847060465 1.39999998 -0.018713165 -0.123681381 531.8797 0.0286615472 273.15 0.314442724 680
0.844572403 1.39999998 -0.0183612004 -0.122265652 537.239441 0.0327775627 273.15 0.230790913 680
0.842236679 1.39999998 -0.0180201935 -0.121829517 542.679382 0.0366285667 273.15 0.181182519 680
0.840044568 1.39999998 -0.0176910194 -0.122808911 548.711548 0.0402578712 273.15 0.148487285 680
0.837987712 1.39999998 -0.0173739689 -0.12547946 555.802856 0.044087667 273.15 0.125545815 680
0.836058133 1.39999998 -0.0170675003 -0.129753068 564.217468 0.0485281684 273.15 0.108763181 680
0.834248231 1.39999998 -0.0167699899 -0.135620967 575.001831 0.0537126027 273.15 0.0962614194 680
0.832550782 1.39999998 -0.0164797193 -0.142787695 588.839294 0.0603176169 273.15 0.0868828595 680
0.830958934 1.39999998 -0.0161926956 -0.150367901 605.533081 0.068915613 273.15 0.0797155499 680
0.829466203 1.39999998 -0.0159056597 -0.157576114 624.973999 0.0793396011 273.15 0.0729770809 680
0.828066458 1.39999998 -0.0156163719 -0.163693786 646.586243 0.0916306153 273.15 0.0674647316 680
0.826753915 1.39999998 -0.0153222744 -0.167779028 669.45929 0.108090378 273.15 0.0630348846 680
0.825523125 1.39999998 -0.015021839 -0.169104114 693.015686 0.126802817 273.15 0.0594545156 680
0.824368957 1.39999998 -0.014714408 -0.167121589 716.773987 0.147068337 273.15 0.0565260425 680
0.82328659 1.39999998 -0.0143993456 -0.16128765 740.252808 0.168637827 273.15 0.0541132651 680
0.822271494 1.39999998 -0.01407672 -0.151455149 763.173157 0.190989837 273.15 0.0521041118 680
0.821319422 1.39999998 -0.0137470613 -0.137501433 784.864868 0.21394074 273.15 0.0503988899 680
0.820426391 1.39999998 -0.013410687 -0.119310752 803.985413 0.237278864 273.15 0.0488842949 680
0.819588671 1.39999998 -0.0130683278 -0.0971818268 820.07666 0.260593623 273.15 0.0475090817 680
0.81880277 1.39999998 -0.012720973 -0.0714106783 833.549011 0.283746541 273.15 0.0462763533 680
0.818065422 1.39999998 -0.0123693213 -0.0422553271 844.278076 0.306607544 273.15 0.0451698042 680
0.817373574 1.39999998 -0.0120143095 -0.0102918753 852.361938 0.328854829 273.15 0.0441746227 680
0.816724374 1.39999998 -0.0116570561 0.023856163 858.025085 0.35035947 273.15 0.0432840437 680
0.816115158 1.39999998 -0.0112984818 0.0596504509 861.448669 0.371035457 273.15 0.0424936675 680
0.815543439 1.39999998 -0.0109396218 0.0963919014 863.298096 0.390747815 273.15 0.0418139994 680
0.815006896 1.39999998 -0.0105814793 0.133645758 863.875977 0.409703553 273.15 0.0412549525 680
0.814503365 1.39999998 -0.010224381 0.171285376 863.088806 0.42806533 273.15 0.0408016667 680
0.81403083 1.39999998 -0.00986874982 0.209004387 860.883118 0.445642322 273.15 0.0401269309 680
0.81358741 1.39999998 -0.00951522067 0.246455953 857.303345 0.462359577 273.15 0.0395547673 680
0.813171351 1.39999998 -0.0091642777 0.283316076 852.570923 0.478196621 273.15 0.0390855446 680
0.812781025 1.39999998 -0.00881652927 0.319191068 847.220032 0.493083179 273.15 0.0387291387 680
0.81241491 1.39999998 -0.00847259752 0.353885263 841.646362 0.50723362 273.15 0.0385125615 680
0.812071593 1.39999998 -0.00813247502 0.387406439 835.670044 0.520814478 273.15 0.0384395905 680
0.81174976 1.39999998 -0.00779628038 0.419633448 829.411377 0.533715844 273.15 0.0385060683 680
0.811448188 1.39999998 -0.00746427898 0.450496376 822.924438 0.546037495 273.15 0.0387288816 680
0.811165739 1.39999998 -0.00713625653 0.479999781 816.120544 0.557840943 273.15 0.039119523 680
0.810901359 1.39999998 -0.0068122607 0.508033633 809.039734 0.56899786 273.15 0.0396772251 680
0.810654067 1.39999998 -0.00649247495 0.534532905 801.774292 0.579587936 273.15 0.0404327922 680
0.810422955 1.39999998 -0.00617667025 0.559464931 794.491699 0.58962363 273.15 0.0414176807 680
0.810207178 1.39999998 -0.00586500493 0.582741141 787.291077 0.599031925 273.15 0.0426553637 680
0.810005956 1.39999998 -0.00555754961 0.604347944 780.279114 0.607935011 273.15 0.0442155339 680
0.809818568 1.39999998 -0.00525397896 0.624260902 773.805847 0.616311431 273.15 0.0461702123 680
0.809644345 1.39999998 -0.00495449175 0.642477334 767.828491 0.624217927 273.15 0.0486251451 680
0.809482672 1.39999998 -0.00465840745 0.65904814 761.696838 0.631815195 273.15 0.0517394692 680
0.809332982 1.39999998 -0.00436490291 0.673935056 755.256592 0.638907969 273.15 0.0556427725 680
0.809194754 1.39999998 -0.0040742351 0.687026381 749.253906 0.64525938 273.15 0.0605254099 680
0.809067508 1.39999998 -0.00378722306 0.698241889 744.87262 0.650811374 273.15 0.0667423084 680
0.808950808 1.39999998 -0.00350516967 0.707606018 741.977844 0.655955195 273.15 0.0751433522 680
0.808844255 1.39999998 -0.00322562095 0.715221643 738.508484 0.661102951 273.15 0.0872102678 680
0.808747487 1.39999998 -0.0029448664 0.720997453 733.861877 0.665815294 273.15 0.104744337 680
0.808660178 1.39999998 -0.00266543859 0.724847317 730.905029 0.669384897 273.15 0.131205857 680
0.808582034 1.39999998 -0.00239655561 0.726909935 732.671448 0.671835065 273.15 0.178576201 680
0.808512795 1.39999998 -0.00213753788 0.727163196 739.564026 0.673596859 273.15 0.187649116 680
0.808452229 1.39999998 -0.00185971017 0.725444734 742.031189 0.673823535 273.15 0.139689803 680
0.808400135 1.39999998 -0.00156451687 0.722025573 740.877808 0.673374712 273.15 0.105862662 680
0.808356343 1.39999998 -0.00131799359 0.717024207 752.51239 0.675825179 273.15 0.0813158378 680
0.808320707 1.39999998 -0.00110087385 0.708583295 772.59259 0.681218326 273.15 0.0799314827 680
0.808293111 1.39999998 -0.000753954537 0.697663426 776.672913 0.686505914 273.15 0.0811286345 680
0.808273463 1.39999998 -0.000359871441 0.684798181 780.707581 0.689222097 273.15 0.0652325302 680
0.808261701 1.39999998 -9.13443914e-05 0.672553241 798.078552 0.689033926 273.15 0.0371111967 680
0.808257784 1.39999998 0 0.660983324 830.653748 0.68376869 273.15 0.0198508389 680
0.808261701 1.39999998 9.13443914e-05 0.651031196 807.359497 0.67832315 273.15 0.0339347124 680
0.808273463 1.39999998 0.000359871441 0.635924697 810.346191 0.676752269 273.15 0.0523664393 680
0.808293111 1.39999998 0.000753954537 0.613347411 842.055969 0.674156487 273.15 0.0539624579 680
0.808320707 1.39999998 0.00110087385 0.585320652 878.427551 0.665339589 273.15 0.0413691141 680
0.808356343 1.39999998 0.00131799359 0.559173465 871.06366 0.656996608 273.15 0.032951016 680
0.808400135 1.39999998 0.00156451687 0.539272964 864.400574 0.655767262 273.15 0.035750147 680
0.808452229 1.39999998 0.00185971017 0.512718499 896.558533 0.651601076 273.15 0.0368693024 680
0.808512795 1.39999998 0.00213753788 0.482182056 926.063782 0.641631365 273.15 0.0343351364 680
0.808582034 1.39999998 0.00239655561 0.453183532 928.973816 0.633119822 273.15 0.0327486806 680
0.808660178 1.39999998 0.00266543859 0.424779654 929.930725 0.627543151 273.15 0.0327818245 680
0.808747487 1.39999998 0.0029448664 0.393039495 943.330872 0.620561302 273.15 0.0327946953 680
0.808844255 1.39999998 0.00322562095 0.359186053 958.570801 0.611257851 273.15 0.0323765799 680
0.808950808 1.39999998 0.00350516967 0.324678272 968.817566 0.6015082 273.15 0.0319890305 680
0.809067508 1.39999998 0.00378722306 0.289758325 976.070801 0.592434227 273.15 0.0319042318 680
0.809194754 1.39999998 0.0040742351 0.253280133 985.150696 0.583145678 273.15 0.0320041776 680
0.809332982 1.39999998 0.00436490291 0.215166777 995.837646 0.572849274 273.15 0.032135617 680
0.809482672 1.39999998 0.00465840745 0.175947413 1005.78955 0.561691761 273.15 0.0322868563 680
0.809644345 1.39999998 0.00495449175 0.136072919 1013.85114 0.550104976 273.15 0.0324978381 680
0.809818568 1.39999998 0.00525397896 0.0955523103 1020.69836 0.538411915 273.15 0.0328246057 680
0.810005956 1.39999998 0.00555754961 0.0540528037 1027.48022 0.526319683 273.15 0.0332575142 680
0.810207178 1.39999998 0.00586500493 0.0115798153 1034.22266 0.513721526 273.15 0.0337865837 680
0.810422955 1.39999998 0.00617667025 -0.0318417102 1040.88782 0.500654578 273.15 0.0344225056 680
0.810654067 1.39999998 0.00649247495 -0.0762058273 1047.0033 0.486927122 273.15 0.0351406559 680
0.810901359 1.39999998 0.0068122607 -0.121244766 1052.26465 0.472653389 273.15 0.0359508246 680
0.811165739 1.39999998 0.00713625653 -0.166917622 1056.97412 0.457818806 273.15 0.0367940851 680
0.811448188 1.39999998 0.00746427898 -0.213101417 1060.849 0.442305833 273.15 0.0376016274 680
0.81174976 1.39999998 0.00779628038 -0.259554029 1063.77979 0.426302552 273.15 0.0385177881 680
0.812071593 1.39999998 0.00813247502 -0.306347609 1066.13074 0.409720004 273.15 0.0395584442 680
0.81241491 1.39999998 0.00847259752 -0.353379846 1067.77356 0.392419368 273.15 0.0407245606 680
0.812781025 1.39999998 0.00881652927 -0.400415957 1068.49341 0.374552518 273.15 0.0420360938 680
0.813171351 1.39999998 0.0091642777 -0.447505027 1068.69482 0.355895489 273.15 0.04351357 680
0.81358741 1.39999998 0.00951522067 -0.494278371 1067.82776 0.336165279 273.15 0.0451482758 680
0.81403083 1.39999998 0.00986874982 -0.539972782 1064.90161 0.315464467 273.15 0.046938546 680
0.814503365 1.39999998 0.010224381 -0.584028244 1059.91003 0.293833345 273.15 0.048915714 680
0.815006896 1.39999998 0.0105814793 -0.625846267 1052.73755 0.271370947 273.15 0.051117111 680
0.815543439 1.39999998 0.0109396218 -0.66498059 1043.45093 0.24832873 273.15 0.0535999238 680
0.816115158 1.39999998 0.0112984818 -0.701330483 1032.42468 0.224504322 273.15 0.0564273149 680
0.816724374 1.39999998 0.0116570561 -0.734326482 1019.19049 0.199631706 273.15 0.0596472584 680
0.817373574 1.39999998 0.0120143095 -0.762916684 1003.10669 0.173959345 273.15 0.0633343309 680
0.818065422 1.39999998 0.0123693213 -0.786480725 983.684753 0.1475375 273.15 0.0675897822 680
0.81880277 1.39999998 0.012720973 -0.804048359 959.634338 0.121513054 273.15 0.0725022703 680
0.819588671 1.39999998 0.0130683278 -0.815113842 930.886353 0.0991581902 273.15 0.0782702118 680
0.820426391 1.39999998 0.013410687 -0.819828868 899.840454 0.0767964348 273.15 0.0852555931 680
0.821319422 1.39999998 0.0137470613 -0.817695439 867.263977 0.0546831936 273.15 0.0940608978 680
0.822271494 1.39999998 0.01407672 -0.809052467 833.335022 0.0330487899 273.15 0.10562107 680
0.82328659 1.39999998 0.0143993456 -0.794766366 798.917603 0.0134257991 273.15 0.121498652 680
0.824368957 1.39999998 0.014714408 -0.775232852 764.330627 0.00825009402 273.15 0.143761083 680
0.825523125 1.39999998 0.015021839 -0.751116812 730.355286 0.00461224327 273.15 0.176219195 680
0.826753915 1.39999998 0.0153222744 -0.723572075 697.717529 0.00131249009 273.15 0.227782458 680
0.828066458 1.39999998 0.0156163719 -0.693609059 667.071045 0 273.15 0.320954323 680
0.829466203 1.39999998 0.0159056597 -0.662285209 639.172485 0 273.15 0.534316063 680
0.830958934 1.39999998 0.0161926956 -0.630888164 614.88501 0 273.15 0.834384203 680
0.832550782 1.39999998 0.0164797193 -0.600298822 594.631714 0 274.844 0 680
0.834248231 1.39999998 0.0167699899 -0.571310103 578.368347 0 274.844 0 680
0.836058133 1.39999998 0.0170675003 -0.544721186 566.079468 0 274.844 0 680
0.837987712 1.39999998 0.0173739689 -0.520745814 556.878296 0 274.844 0 680
0.840044568 1.39999998 0.0176910194 -0.499317676 549.649231 0 274.844 0 680
0.842236679 1.39999998 0.0180201935 -0.480391622 543.965576 0 274.844 0 680
0.844572403 1.39999998 0.0183612004 -0.463670284 539.160645 0 274.844 0 680
0.847060465 1.39999998 0.018713165 -0.448695213 534.596924 0 274.844 0 680
0.84970995 1.39999998 0.0190751836 -0.435052663 530.032959 0 274.844 0 680
0.852530284 1.39999998 0.019446742 -0.422469884 525.386719 0 274.844 0 680
0.855531212 1.39999998 0.0198273625 -0.410781175 520.631226 0 274.844 0 680
0.858722763 1.39999998 0.0202164017 -0.399841636 515.699341 0 274.844 0 680
0.862115212 1.39999998 0.0206129239 -0.389496386 510.50528 0 274.844 0 680
0.865719028 1.39999998 0.0210158945 -0.379602224 505.017426 0 274.844 0 680
0.869544815 1.39999998 0.0214241955 -0.370046824 499.271515 0 274.844 0 680
0.873603241 1.39999998 0.0218366534 -0.360746622 493.293732 0 274.844 0 680
0.877904951 1.39999998 0.0222520981 -0.351653308 487.126709 0 274.844 0 680
0.882460472 1.39999998 0.0226692108 -0.342731982 480.817535 0 274.844 0 680
0.887280103 1.39999998 0.0230865775 -0.333958954 474.389465 0 274.844 0 680
0.892373788 1.39999998 0.0235028488 -0.325340182 467.901764 0 274.844 0 680
0.897750981 1.39999998 0.0239165132 -0.316892147 461.434814 0 274.844 0 680
0.903420493 1.39999998 0.0243260438 -0.308642387 455.052429 0 274.844 0 680
0.909390331 1.39999998 0.0247300376 -0.300649911 448.818146 0 274.844 0 680
0.915667521 1.39999998 0.0251267806 -0.292960525 442.741089 0 274.844 0 680
0.922257927 1.39999998 0.0255145317 -0.285609692 436.787048 0 274.844 0 680
0.92916606 1.39999998 0.0258914527 -0.278644681 430.953735 0 274.844 0 680
0.936394887 1.39999998 0.0262554007 -0.272096395 425.248474 0 274.844 0 680
0.943945639 1.39999998 0.026604136 -0.26599592 419.684021 0 274.844 0 680
0.951817626 1.39999998 0.0269348821 -0.26035139 414.26059 0 274.844 0 680
0.960008059 1.39999998 0.0272446126 -0.255150914 408.963989 0 274.844 0 680
0.968511893 1.39999998 0.0275297066 -0.250361294 403.775177 0 274.844 0 680
0.977321692 1.39999998 0.0277861853 -0.245922372 398.664612 0 274.844 0 680
0.986427518 1.39999998 0.0280095661 -0.241757125 393.596893 0 274.844 0 680
0.995816857 1.39999998 0.0281949055 -0.237759247 388.520325 0 274.844 0 680
1.00547459 1.39999998 0.0283368423 -0.233796552 383.392609 0 274.844 0 680
1.01538298 1.39999998 0.0284299182 -0.22972396 378.182281 0 274.844 0 680
1.02552177 1.39999998 0.0284687292 -0.225397527 372.857727 0 274.844 0 680
1.03586825 1.39999998 0.0284480766 -0.220669821 367.395477 0 274.844 0 680
1.04639746 1.39999998 0.0283631831 -0.215396717 361.789612 0 274.844 0 680
1.05708235 1.39999998 0.0282103146 -0.209463194 356.039978 0 274.844 0 680
1.06789408 1.39999998 0.0279870664 -0.202814355 350.140869 0 274.844 0 680
1.07880231 1.39999998 0.0276918902 -0.195407078 344.10202 0 274.844 0 680
1.08977553 1.39999998 0.0273249418 -0.187232167 337.94986 0 274.844 0 680
1.10078145 1.39999998 0.0268881867 -0.178354859 331.713531 0 274.844 0 680
1.11178736 1.39999998 0.026385152 -0.168875575 325.422943 0 274.844 0 680
1.12276058 1.39999998 0.0258207987 -0.158922747 319.111359 0 274.844 0 680
1.13366881 1.39999998 0.0252012651 -0.148642153 312.817474 0 274.844 0 680
1.14448054 1.39999998 0.0245337085 -0.138190657 306.599976 0 274.844 0 680
1.15516543 1.39999998 0.0238260383 -0.127733648 300.554932 0 274.844 0 680
1.16569464 1.39999998 0.0230863301 -0.117423259 294.763275 0 274.844 0 680
1.17604112 1.39999998 0.022322514 -0.10738194 289.259186 0 274.844 0 680
1.18617991 1.39999998 0.0215421461 -0.0977038667 284.063965 0 274.844 0 680
1.19608831 1.39999998 0.0207521929 -0.0884614587 279.165314 0 274.844 0 680
1.20574603 1.39999998 0.0199587491 -0.0796941444 274.588531 0 274.844 0 680
1.21513537 1.39999998 0.0191669901 -0.0714152753 270.38443 0 274.844 0 680
1.2242412 1.39999998 0.0183812025 -0.0636194944 266.512695 0 274.844 0 680
1.233051 1.39999998 0.0176048205 -0.0562731251 262.882111 0 274.844 0 680
1.24155483 1.39999998 0.0168404871 -0.0493270978 259.444977 0 274.844 0 680
1.24974527 1.39999998 0.0160901671 -0.0427227877 256.145996 0 274.844 0 680
1.25761725 1.39999998 0.0153553291 -0.0363998748 252.944946 0 274.844 0 680
1.265168 1.39999998 0.0146371243 -0.0303041544 249.847076 0 274.844 0 680
1.27239683 1.39999998 0.0139363831 -0.0243870057 246.827194 0 274.844 0 680
1.27930496 1.39999998 0.0132537844 -0.0186060015 243.880005 0 274.844 0 680
1.28589537 1.39999998 0.0125898527 -0.0129277389 241.001617 0 274.844 0 680
1.29217256 1.39999998 0.0119451271 -0.00732905231 238.186005 0 274.844 0 680
1.2981424 1.39999998 0.0113201595 -0.00179908006 235.440109 0 274.844 0 680
1.30381191 1.39999998 0.0107154633 0.00366383395 232.789505 0 274.844 0 680
1.3091891 1.39999998 0.0101315314 0.00905394927 230.249954 0 274.844 0 680
1.31428279 1.39999998 0.00956875567 0.0143617298 227.81926 0 274.844 0 680
1.31910242 1.39999998 0.00902754224 0.019572895 225.491653 0 274.844 0 680
1.32365794 1.39999998 0.00850820662 0.0246722139 223.231293 0 274.844 0 680
1.32795965 1.39999998 0.00801090826 0.0296473075 220.984268 0 274.844 0 680
1.33201808 1.39999998 0.00753580499 0.0344856977 218.709839 0 274.844 0 680
1.33584386 1.39999998 0.0070829025 0.0391763784 216.401962 0 274.844 0 680
1.33944768 1.39999998 0.00665204364 0.0437092893 214.108459 0 274.844 0 680
1.34284013 1.39999998 0.00624299548 0.0480720736 211.90802 0 274.844 0 680
1.34603168 1.39999998 0.0058553707 0.0522537641 209.835907 0 274.844 0 680
1.34903261 1.39999998 0.00548871267 0.0562478155 207.891129 0 274.844 0 680
1.35185294 1.39999998 0.00514253732 0.0600493662 206.081482 0 274.844 0 680
1.35450243 1.39999998 0.00481622997 0.0636562407 204.408463 0 274.844 0 680
1.35699049 1.39999998 0.00450902495 0.0670719594 202.856567 0 274.844 0 680
1.35932621 1.39999998 0.0042200644 0.0703047067 201.395432 0 274.844 0 680
1.36151832 1.39999998 0.00394850863 0.0733622313 200.008804 0 274.844 0 680
1.36357518 1.39999998 0.0036937756 0.0762450844 198.726898 0 274.844 0 680
1.36550476 1.39999998 0.00345530514 0.0789485648 197.594223 0 274.844 0 680
1.36731466 1.39999998 0.00323235141 0.0814730003 196.607986 0 274.844 0 680
1.36901211 1.39999998 0.00302380549 0.083830148 195.708496 0 274.844 0 680
1.37060396 1.39999998 0.00282857098 0.0860383511 194.843887 0 274.844 0 680
1.37209669 1.39999998 0.0026456648 0.0881140903 194.001312 0 274.844 0 680
1.37349643 1.39999998 0.00247420102 0.0900704265 193.17804 0 274.844 0 680
1.37480898 1.39999998 0.00231337732 0.0919180214 192.370544 0 274.844 0 680
1.37603977 1.39999998 0.0021624639 0.0936658233 191.578049 0 274.844 0 680
1.37719393 1.39999998 0.00202079418 0.0953213647 190.802002 0 274.844 0 680
1.3782763 1.39999998 0.00188775708 0.0968911499 190.041718 0 274.844 0 680
1.3792914 1.39999998 0.00176279059 0.0983809158 189.296661 0 274.844 0 680
1.38024347 1.39999998 0.00164537631 0.0997957736 188.566498 0 274.844 0 680
1.3811365 1.39999998 0.00153503495 0.10114032 187.850922 0 274.844 0 680
1.38197422 1.39999998 0.00143132239 0.102418743 187.149536 0 274.844 0 680
1.38276012 1.39999998 0.00133382637 0.103634857 186.461868 0 274.844 0 680
1.38349747 1.39999998 0.00124216368 0.10479217 185.787476 0 274.844 0 680
1.38418932 1.39999998 0.00115597763 0.105893932 185.125778 0 274.844 0 680
1.38483852 1.39999998 0.00107493591 0.106943198 184.476257 0 274.844 0 680
1.38544773 1.39999998 0.000998728693 0.107942767 183.838318 0 274.844 0 680
1.38601945 1.39999998 0.000927066921 0.108895361 183.211411 0 274.844 0 680
1.386556 1.39999998 0.000859680807 0.109803408 182.594864 0 274.844 0 680
1.38705953 1.39999998 0.000796318467 0.110669293 181.987839 0 274.844 0 680
1.38753206 1.39999998 0.000736744689 0.11149516 181.389496 0 274.844 0 680
1.38797548 1.39999998 0.000680739816 0.112283163 180.797729 0 274.844 0 680
1.38839154 1.39999998 0.00062809871 0.113035195 180.20932 0 274.844 0 680
1.38878187 1.39999998 0.00057862982 0.113753244 179.625809 0 274.844 0 680
1.38914798 1.39999998 0.000532154306 0.114438862 179.048935 0 274.844 0 680
1.3894913 1.39999998 0.00048850524 0.115093812 178.477051 0 274.844 0 680
1.38981313 1.39999998 0.000447526858 0.115719408 177.908798 0 274.844 0 680
1.3901147 1.39999998 0.000409073878 0.116317332 177.343262 0 274.844 0 680
1.39039715 1.39999998 0.000373011756 0.11688859 176.779541 0 274.844 0 680
1.39066153 1.39999998 0.000339217825 0.117434725 176.218903 0 274.844 0 680
1.39090882 1.39999998 0.000307577359 0.117956236 175.660889 0 274.844 0 680
1.39113994 1.39999998 0.000277982551 0.118454635 175.105621 0 274.844 0 680
1.39135571 1.39999998 0.000250332343 0.118930005 174.549896 0 274.844 0 680
1.39155693 1.39999998 0.00022453223 0.119384125 173.98877 0 274.844 0 680
1.39174432 1.39999998 0.000200494037 0.119816527 173.42131 0 274.844 0 680
1.39191855 1.39999998 0.000178135683 0.120229281 172.857162 0 274.844 0 680
1.39208022 1.39999998 0.000157380948 0.120620772 172.291779 0 274.844 0 680
1.39222991 1.39999998 0.000138159228 0.120993719 171.733765 0 274.844 0 680
1.39236814 1.39999998 0.0001204053 0.121344693 171.178009 0 274.844 0 680
1.39249538 1.39999998 0.000104059096 0.121677533 170.649231 0 274.844 0 680
1.39261208 1.39999998 8.90654788e-05 0.121985555 170.140244 0 274.844 0 680
1.39271864 1.39999998 7.53740356e-05 0.122274734 169.715805 0 274.844 0 680
1.3928154 1.39999998 6.29388822e-05 0.122531146 169.362732 0 274.844 0 680
1.39290271 1.39999998 5.17184793e-05 0.122767113 169.251022 0 274.844 0 680
1.39298086 1.39999998 4.16754642e-05 0.122953527 169.347488 0 274.844 0 680
1.3930501 1.39999998 3.27764961e-05 0.123115517 170.122345 0 274.844 0 680
1.39311066 1.39999998 2.49921167e-05 0.123198867 171.310562 0 274.844 0 680
1.39316276 1.39999998 1.82966255e-05 0.123249292 174.106705 0 274.844 0 680
1.39320655 1.39999998 1.26679699e-05 0.123171136 179.263397 0 274.844 0 680
1.39324218 1.39999998 8.08765014e-06 0.123007022 191.571823 0 274.844 0 680
1.39326978 1.39999998 4.54063884e-06 0.122646563 222.643768 0 274.844 0 680
1.39328943 1.39999998 2.01531594e-06 0.1217594 295.899048 0 274.844 0 680
1.39330119 1.39999998 5.03417604e-07 0.121102199 657.797424 0 274.844 0 680

ZONE T="SLICE_Y_0p10_BINS07_KS_1p0mm_CUTDATA"
1.02809322 0.100000001 0 0.129027799 1101.00537 0 274.844 0 680
1.02808673 0.100000001 -8.34969327e-07 0.129998401 499.240173 0 274.844 0 680
1.02806722 0.100000001 -3.34260658e-06 0.13018012 246.367538 0 274.844 0 680
1.02803463 0.100000001 -7.53111159e-06 0.130803242 203.13652 0 274.844 0 680
1.02798886 0.100000001 -1.34141908e-05 0.130905807 189.527954 0 274.844 0 680
1.02792975 0.100000001 -2.10111173e-05 0.130800158 185.347458 0 274.844 0 680
1.02785712 0.100000001 -3.03468154e-05 0.130647242 184.631805 0 274.844 0 680
1.02777072 0.100000001 -4.14519688e-05 0.130344406 184.488708 0 274.844 0 680
1.02767026 0.100000001 -5.43631542e-05 0.130048618 185.051331 0 274.844 0 680
1.02755542 0.100000001 -6.91229984e-05 0.129681841 185.596725 0 274.844 0 680
1.02742581 0.100000001 -8.5780361e-05 0.129307806 186.330719 0 274.844 0 680
1.027281 0.100000001 -0.000104390541 0.128883675 186.983154 0 274.844 0 680
1.0271205 0.100000001 -0.000125015508 0.128449187 187.668091 0 274.844 0 680
1.02694377 0.100000001 -0.00014772416 0.12797685 188.29837 0 274.844 0 680
1.02675021 0.100000001 -0.0001725926 0.12748757 188.932709 0 274.844 0 680
1.02653916 0.100000001 -0.000199704443 0.126966611 189.539429 0 274.844 0 680
1.0263099 0.100000001 -0.000229151139 0.126423568 190.141922 0 274.844 0 680
1.02606162 0.100000001 -0.000261032318 0.125850618 190.730255 0 274.844 0 680
1.02579347 0.100000001 -0.000295456158 0.125251845 191.315704 0 274.844 0 680
1.0255045 0.100000001 -0.000332539763 0.124622509 191.894455 0 274.844 0 680
1.0251937 0.100000001 -0.000372409553 0.123964198 192.470169 0 274.844 0 680
1.02485995 0.100000001 -0.000415201666 0.123273849 193.043976 0 274.844 0 680
1.02450207 0.100000001 -0.000461062349 0.122551851 193.621338 0 274.844 0 680
1.02411874 0.100000001 -0.00051014835 0.121795721 194.201508 0 274.844 0 680
1.02370858 0.100000001 -0.000562627283 0.121005148 194.786514 0 274.844 0 680
1.02327008 0.100000001 -0.000618677956 0.120178021 195.378128 0 274.844 0 680
1.02280161 0.100000001 -0.000678490655 0.119313695 195.977249 0 274.844 0 680
1.02230142 0.100000001 -0.000742268836 0.118410081 196.582382 0 274.844 0 680
1.02176763 0.100000001 -0.000810235652 0.117465675 197.193878 0 274.844 0 680
1.02119821 0.100000001 -0.000882632071 0.116478138 197.812866 0 274.844 0 680
1.02059097 0.100000001 -0.000959716441 0.115445636 198.440628 0 274.844 0 680
1.01994357 0.100000001 -0.00104176563 0.114365712 199.077957 0 274.844 0 680
1.0192535 0.100000001 -0.00112907626 0.113236204 199.725754 0 274.844 0 680
1.01851804 0.100000001 -0.00122196604 0.112054452 200.384903 0 274.844 0 680
1.01773429 0.100000001 -0.00132077521 0.110817969 201.055939 0 274.844 0 680
1.01689913 0.100000001 -0.0014258681 0.10952384 201.738556 0 274.844 0 680
1.01600922 0.100000001 -0.00153763483 0.108169191 202.433884 0 274.844 0 680
1.01506097 0.100000001 -0.00165649317 0.106750831 203.143372 0 274.844 0 680
1.01405052 0.100000001 -0.0017828906 0.105265446 203.867905 0 274.844 0 680
1.01297376 0.100000001 -0.00191730653 0.103709616 204.608139 0 274.844 0 680
1.01182626 0.100000001 -0.00206025487 0.102079548 205.364365 0 274.844 0 680
1.01060329 0.100000001 -0.00221228677 0.100371301 206.137238 0 274.844 0 680
1.00929979 0.100000001 -0.00237399384 0.0985807329 206.927017 0 274.844 0 680
1.00791035 0.100000001 -0.00254601168 0.0967030972 207.73407 0 274.844 0 680
1.00642917 0.100000001 -0.00272902406 0.0947336853 208.558884 0 274.844 0 680
1.00485006 0.100000001 -0.00292376758 0.0926669762 209.40152 0 274.844 0 680
1.00316642 0.100000001 -0.00313103723 0.0904972404 210.262131 0 274.844 0 680
1.0013712 0.100000001 -0.00335169279 0.08821778 211.141312 0 274.844 0 680
0.999456897 0.100000001 -0.00358666644 0.0858214721 212.039795 0 274.844 0 680
0.997415507 0.100000001 -0.0038369717 0.0832995847 212.957748 0 274.844 0 680
0.995238522 0.100000001 -0.00410371417 0.080642432 213.89534 0 274.844 0 680
0.992916902 0.100000001 -0.00438810431 0.0778380409 214.851593 0 274.844 0 680
0.990441055 0.100000001 -0.00469147282 0.074872151 215.826279 0 274.844 0 680
0.987800814 0.100000001 -0.00501528913 0.0717262402 216.823898 0 274.844 0 680
0.984985421 0.100000001 -0.00536118375 0.0683770999 217.849304 0 274.844 0 680
0.981983514 0.100000001 -0.00573097521 0.0647931248 218.953568 0 274.844 0 680
0.978783111 0.100000001 -0.00612650272 0.0609568283 220.191452 0 274.844 0 680
0.975371607 0.100000001 -0.00654900337 0.0568759367 221.563385 0 274.844 0 680
0.971735767 0.100000001 -0.00699940625 0.0525698327 223.032455 0 274.844 0 680
0.967861732 0.100000001 -0.00747867674 0.0480472259 224.579483 0 274.844 0 680
0.963735028 0.100000001 -0.00798820752 0.0433030352 226.229477 0 274.844 0 680
0.959340588 0.100000001 -0.00852942146 0.0383358598 227.876144 0 274.844 0 680
0.954662776 0.100000001 -0.00910358851 0.0331487767 229.365463 0 274.844 0 680
0.949685431 0.100000001 -0.00971172817 0.0277491361 230.618301 0 274.844 0 680
0.944391919 0.100000001 -0.0103546433 0.0221465193 231.743378 0 274.844 0 680
0.938765198 0.100000001 -0.0110330913 0.016358681 232.814026 0 274.844 0 680
0.932787903 0.100000001 -0.0117477146 0.0103976009 233.845291 0 274.844 0 680
0.926442445 0.100000001 -0.0124988995 0.00427066023 235.312057 0 274.844 0 680
0.919711133 0.100000001 -0.0132869066 -0.00200261432 238.040787 0 274.844 0 680
0.912576309 0.100000001 -0.0141117265 -0.00833919551 241.526962 0 274.844 0 680
0.905020513 0.100000001 -0.0149730975 -0.0146553023 244.262817 0 274.844 0 680
0.897026665 0.100000001 -0.015870755 -0.0209481716 246.313354 0 274.844 0 680
0.88857827 0.100000001 -0.0168041758 -0.0272113252 248.344589 0 274.844 0 680
0.879659649 0.100000001 -0.0177726863 -0.0334152468 250.403091 0 274.844 0 680
0.870256186 0.100000001 -0.0187756365 -0.0395335518 252.495514 0 274.844 0 680
0.860354602 0.100000001 -0.0198122088 -0.0455506146 254.604126 0 274.844 0 680
0.849943243 0.100000001 -0.0208815518 -0.0514611267 256.690399 0 274.844 0 680
0.839012385 0.100000001 -0.0219827501 -0.0572673157 258.744446 0 274.844 0 680
0.827554543 0.100000001 -0.0231149096 -0.0629903898 260.785187 0 274.844 0 680
0.815564798 0.100000001 -0.0242771602 -0.0686639249 262.82074 0 274.844 0 680
0.803041106 0.100000001 -0.025468376 -0.074330546 264.870117 0 274.844 0 680
0.789984616 0.100000001 -0.0266871795 -0.0800373256 266.958557 0 274.844 0 680
0.77639995 0.100000001 -0.0279316616 -0.0858327895 269.115021 0 274.844 0 680
0.762295475 0.100000001 -0.0291993863 -0.0917645022 271.380035 0 274.844 0 680
0.747683526 0.100000001 -0.0304870948 -0.0978692248 273.757324 0 274.844 0 680
0.732580587 0.100000001 -0.0317904036 -0.104167588 276.203247 0 274.844 0 680
0.717007413 0.100000001 -0.0331036165 -0.110663548 278.672241 0 274.844 0 680
0.700989088 0.100000001 -0.0344196238 -0.117344394 281.143707 0 274.844 0 680
0.684555011 0.100000001 -0.0357298415 -0.1241787 283.717072 0 274.844 0 680
0.667738796 0.100000001 -0.037024161 -0.131096497 286.601288 0 274.844 0 680
0.650578095 0.100000001 -0.0382910279 -0.13797991 289.915436 0 274.844 0 680
0.633114333 0.100000001 -0.0395179091 -0.144680485 293.655945 0 274.844 0 680
0.615392355 0.100000001 -0.0406916523 -0.151028976 297.734955 0 274.844 0 680
0.59746 0.100000001 -0.0417988628 -0.15684253 302.018677 0 274.844 0 680
0.579367595 0.100000001 -0.0428264223 -0.161931142 306.392761 0 274.844 0 680
0.561167393 0.100000001 -0.0437624597 -0.166150436 310.76712 0 274.844 0 680
0.542912961 0.100000001 -0.0445967938 -0.169357032 315.062286 0 274.844 0 680
0.52465853 0.100000001 -0.0453211967 -0.171457753 319.221588 0 274.844 0 680
0.506458328 0.100000001 -0.0459298179 -0.17237018 323.185944 0 274.844 0 680
0.488365923 0.100000001 -0.0464193978 -0.172073007 326.90506 0 274.844 0 680
0.470433568 0.100000001 -0.0467896775 -0.170676231 330.386627 0 274.844 0 680
0.45271159 0.100000001 -0.0470432255 -0.168258846 333.657257 0 274.844 0 680
0.435247828 0.100000001 -0.04718403 -0.164899677 336.706299 0 274.844 0 680
0.418087127 0.100000001 -0.0472182845 -0.160746902 339.541656 0 274.844 0 680
0.401270912 0.100000001 -0.0471539124 -0.155990481 342.218842 0 274.844 0 680
0.384836835 0.100000001 -0.0469995367 -0.15079999 344.794464 0 274.844 0 680
0.36881851 0.100000001 -0.04676412 -0.145330116 347.3255 0 274.844 0 680
0.353245336 0.100000001 -0.0464567158 -0.139728338 349.868347 0 274.844 0 680
0.338142397 0.100000001 -0.0460862159 -0.134123981 352.483093 0 274.844 0 680
0.323530448 0.100000001 -0.04566082 -0.128616482 355.219208 0 274.844 0 680
0.309425973 0.100000001 -0.0451879625 -0.123273209 358.117523 0 274.844 0 680
0.295841307 0.100000001 -0.0446742429 -0.118144967 361.228882 0 274.844 0 680
0.282784817 0.100000001 -0.0441256669 -0.11325065 364.591675 0 274.844 0 680
0.270261125 0.100000001 -0.043547254 -0.108589195 368.200073 0 274.844 0 680
0.25827138 0.100000001 -0.0429436092 -0.104145758 372.062378 0 274.844 0 680
0.246813538 0.100000001 -0.0423184473 -0.0998846143 376.198883 0 274.844 0 680
0.23588268 0.100000001 -0.0416753227 -0.0957750008 380.566925 0 274.844 0 680
0.225471321 0.100000001 -0.041017284 -0.091769971 385.103302 0 274.844 0 680
0.215569737 0.100000001 -0.0403472192 -0.0878425241 389.754974 0 274.844 0 680
0.206166274 0.100000001 -0.039667971 -0.0839625075 394.458191 0 274.844 0 680
0.197247653 0.100000001 -0.0389818665 -0.0800888091 399.175537 0 274.844 0 680
0.188799258 0.100000001 -0.0382914381 -0.0762115493 403.874969 0 274.844 0 680
0.180805409 0.100000001 -0.0375991931 -0.0723253936 408.521393 0 274.844 0 680
0.173249614 0.100000001 -0.0369073692 -0.0684310719 413.135498 0 274.844 0 680
0.16611479 0.100000001 -0.0362183119 -0.0645490363 417.759735 0 274.844 0 680
0.159383478 0.100000001 -0.0355342085 -0.060695421 422.384735 0 274.844 0 680
0.15303802 0.100000001 -0.0348569996 -0.0568947494 426.976624 4.50308762e-05 274.826 0 680
0.147060725 0.100000001 -0.034188632 -0.0531876571 431.499817 0.000193288652 274.768 0 680
0.141434004 0.100000001 -0.0335309596 -0.0496289842 435.91098 0.000344175322 274.71 0 680
0.136140492 0.100000001 -0.0328856984 -0.046272859 440.13028 0.000494628737 274.653 0 680
0.131163147 0.100000001 -0.0322544005 -0.0431669839 443.268036 0.000643984764 274.598 0 680
0.126485335 0.100000001 -0.0316381332 -0.0406212881 444.563538 0.000963958679 274.476 0 680
0.122090895 0.100000001 -0.0310376885 -0.03894547 445.976501 0.0015969692 274.186 0.0444372632 680
0.117964191 0.100000001 -0.0304539194 -0.0380820744 451.04895 0.00221660151 273.15 0.829609454 680
0.114090156 0.100000001 -0.0298883247 -0.0380878896 458.58606 0.00279861805 273.15 0.441474348 680
0.110454316 0.100000001 -0.0293423559 -0.0394904055 464.635223 0.00334753003 273.15 0.283207119 680
0.107042811 0.100000001 -0.0288164955 -0.0428368151 469.724396 0.0039312439 273.15 0.20572862 680
0.103842409 0.100000001 -0.0283081861 -0.0480508655 475.789276 0.00461936975 273.15 0.160174608 680
0.100840502 0.100000001 -0.0278147348 -0.0550027452 482.852142 0.00620041415 273.15 0.130333617 680
0.0980251091 0.100000001 -0.0273332915 -0.063482143 490.609344 0.00891539268 273.15 0.109410815 680
0.0953848678 0.100000001 -0.0268572335 -0.0728016868 500.526184 0.0125355897 273.15 0.0942929685 680
0.0929090208 0.100000001 -0.0263811552 -0.0820692033 515.328796 0.0169858187 273.15 0.0833659768 680
0.0905874014 0.100000001 -0.025901342 -0.0906041861 533.877441 0.0242436063 273.15 0.0752031729 680
0.0884104164 0.100000001 -0.0254135514 -0.0975032449 554.344116 0.0352509692 273.15 0.0688918605 680
0.0863690256 0.100000001 -0.0249152486 -0.101841062 574.868347 0.0475254245 273.15 0.0637329742 680
0.0844547209 0.100000001 -0.0244053431 -0.103228465 594.604492 0.0623274595 273.15 0.0594149232 680
0.0826595044 0.100000001 -0.0238827801 -0.100286804 618.600464 0.0814002082 273.15 0.0562686697 680
0.0809758653 0.100000001 -0.0233476727 -0.0925173908 644.831482 0.101382121 273.15 0.0538378321 680
0.0793967569 0.100000001 -0.0228009001 -0.0808403119 665.747253 0.121924937 273.15 0.0514239892 680
0.077915574 0.100000001 -0.0222429891 -0.0652377829 680.83075 0.144525141 273.15 0.0490620546 680
0.0765261295 0.100000001 -0.0216751515 -0.0457029268 692.949524 0.168028578 273.15 0.0469516367 680
0.0752226324 0.100000001 -0.0210990283 -0.0225574989 703.173828 0.191363335 273.15 0.0451051444 680
0.073999666 0.100000001 -0.0205157782 0.00404183008 711.290527 0.214418799 273.15 0.0434759967 680
0.0728521664 0.100000001 -0.019926955 0.0335498564 717.1474 0.23680906 273.15 0.0420100167 680
0.0717754021 0.100000001 -0.0193344138 0.0653920472 721.118103 0.258416504 273.15 0.0406958684 680
0.0707649547 0.100000001 -0.0187396819 0.099080503 723.267578 0.279775083 273.15 0.0395257547 680
0.0698166998 0.100000001 -0.0181444761 0.133820117 723.841736 0.300223738 273.15 0.0384855755 680
0.0689267889 0.100000001 -0.0175504602 0.16924651 723.514771 0.319870591 273.15 0.0375969224 680
0.0680916328 0.100000001 -0.0169581763 0.205301672 722.157959 0.33890143 273.15 0.036848601 680
0.067307885 0.100000001 -0.0163683259 0.241615355 719.488892 0.357094496 273.15 0.0362070687 680
0.0665724266 0.100000001 -0.0157819618 0.277858317 715.765869 0.374386281 273.15 0.0356673002 680
0.0658823521 0.100000001 -0.0151998872 0.313732415 711.016602 0.390752733 273.15 0.0351922698 680
0.0652349552 0.100000001 -0.014623111 0.348754376 705.494873 0.406121284 273.15 0.0348089561 680
0.0646277164 0.100000001 -0.0140526652 0.382763684 699.835632 0.420724183 273.15 0.0345521718 680
0.0640582912 0.100000001 -0.0134885374 0.415834129 693.895386 0.434737653 273.15 0.0344243981 680
0.0635244984 0.100000001 -0.0129309244 0.447752833 687.510864 0.448049158 273.15 0.0344089195 680
0.0630243098 0.100000001 -0.0123802663 0.478492647 681.066467 0.460764259 273.15 0.0345331281 680
0.0625558404 0.100000001 -0.0118362077 0.508102477 674.353149 0.472950071 273.15 0.0347995721 680
0.0621173391 0.100000001 -0.0112988276 0.536394596 667.297363 0.484472513 273.15 0.0352000557 680
0.0617071804 0.100000001 -0.0107684304 0.56334585 660.25293 0.495416611 273.15 0.0357707068 680
0.0613238561 0.100000001 -0.0102446362 0.588934362 653.045959 0.505796671 273.15 0.0365217403 680
0.0609659682 0.100000001 -0.00972770752 0.612999916 645.835266 0.515536606 273.15 0.0374707095 680
0.0606322218 0.100000001 -0.00921776159 0.635587513 638.889465 0.524764776 273.15 0.0386814736 680
0.0603214191 0.100000001 -0.00871425877 0.656633735 632.064575 0.533458769 273.15 0.0401863605 680
0.0600324532 0.100000001 -0.00821752876 0.67611295 625.754089 0.541679859 273.15 0.0420860201 680
0.0597643025 0.100000001 -0.00772644281 0.694165289 619.879028 0.549598694 273.15 0.0445302427 680
0.0595160264 0.100000001 -0.00723963566 0.710731149 613.800354 0.557011783 273.15 0.0475741252 680
0.05928676 0.100000001 -0.00675753353 0.725667179 607.629333 0.563673556 273.15 0.0512959845 680
0.0590757099 0.100000001 -0.00628149485 0.738823771 601.988403 0.569525957 273.15 0.0558828004 680
0.0588821509 0.100000001 -0.0058136806 0.750219166 598.122681 0.574985564 273.15 0.0620469563 680
0.0587054219 0.100000001 -0.0053500206 0.760160804 595.057251 0.580478132 273.15 0.07095927 680
0.0585449229 0.100000001 -0.0048843606 0.768410683 590.891602 0.585488796 273.15 0.0834663659 680
0.0584001118 0.100000001 -0.00442090115 0.774825096 585.927002 0.589214623 273.15 0.100315847 680
0.0582705024 0.100000001 -0.00397493136 0.779282749 583.983948 0.59178865 273.15 0.126319036 680
0.0581556614 0.100000001 -0.0035453241 0.782171845 584.493347 0.594152212 273.15 0.181463227 680
0.0580552066 0.100000001 -0.00308451856 0.78359127 580.538147 0.596185386 273.15 0.261984318 680
0.0579688048 0.100000001 -0.00259491044 0.782864153 577.982788 0.598841548 273.15 0.215961099 680
0.0578961707 0.100000001 -0.00218602649 0.78071326 586.672241 0.604644716 273.15 0.13308461 680
0.0578370651 0.100000001 -0.00182591131 0.77619499 594.404968 0.611892819 273.15 0.113685511 680
0.0577912936 0.100000001 -0.00125051032 0.769668818 594.524658 0.615906358 273.15 0.105562687 680
0.0577587064 0.100000001 -0.000596883407 0.760998785 603.282166 0.614782214 273.15 0.0787421912 680
0.0577391965 0.100000001 -0.000151503969 0.751815975 624.19397 0.610829771 273.15 0.0418125615 680
0.0577327003 0.100000001 0 0.742479742 640.591064 0.603414118 273.15 0.0212324895 680
0.0577327003 0.100000001 0 0.742479742 640.591064 0.603414118 273.15 0.0212324895 680
0.0577391965 0.100000001 0.000151503969 0.735519588 617.418823 0.596131444 273.15 0.0363163874 680
0.0577587064 0.100000001 0.000596883407 0.724280179 625.397339 0.592633009 273.15 0.0568259507 680
0.0577912936 0.100000001 0.00125051032 0.706611037 655.370239 0.589683294 273.15 0.0576668605 680
0.0578370651 0.100000001 0.00182591131 0.683157146 677.010132 0.581977487 273.15 0.042297747 680
0.0578961707 0.100000001 0.00218602649 0.660699546 660.234375 0.574755251 273.15 0.0324737504 680
0.0579688048 0.100000001 0.00259491044 0.645780325 668.01825 0.57433182 273.15 0.0355336107 680
0.0580552066 0.100000001 0.00308451856 0.623020887 696.221497 0.571138322 273.15 0.0363691822 680
0.0581556614 0.100000001 0.0035453241 0.595710993 707.244873 0.562199116 273.15 0.0329161584 680
0.0582705024 0.100000001 0.00397493136 0.571556091 705.914734 0.554523706 273.15 0.0309032537 680
0.0584001118 0.100000001 0.00442090115 0.547870874 715.488281 0.549652994 273.15 0.0309691131 680
0.0585449229 0.100000001 0.0048843606 0.520061374 731.015564 0.543372214 273.15 0.0308764353 680
0.0587054219 0.100000001 0.0053500206 0.489878505 742.265869 0.534737706 273.15 0.0301782414 680
0.0588821509 0.100000001 0.0058136806 0.459491402 749.352356 0.525567353 273.15 0.0295269471 680
0.0590757099 0.100000001 0.00628149485 0.42896536 757.427185 0.516979694 273.15 0.0292904284 680
0.05928676 0.100000001 0.00675753353 0.396691084 767.932312 0.508110285 273.15 0.0292654708 680
0.0595160264 0.100000001 0.00723963566 0.362534821 778.189087 0.498181552 273.15 0.0292247552 680
0.0597643025 0.100000001 0.00772644281 0.327326149 787.001404 0.487341702 273.15 0.0291796736 680
0.0600324532 0.100000001 0.00821752876 0.291465104 794.51825 0.476020634 273.15 0.0292014498 680
0.0603214191 0.100000001 0.00871425877 0.255058706 801.962952 0.464543015 273.15 0.0293605663 680
0.0606322218 0.100000001 0.00921776159 0.217527673 809.65094 0.452611297 273.15 0.0296267774 680
0.0609659682 0.100000001 0.00972770752 0.178928494 816.919922 0.440120876 273.15 0.0299675968 680
0.0613238561 0.100000001 0.0102446362 0.139412537 824.095947 0.427109092 273.15 0.0304016583 680
0.0617071804 0.100000001 0.0107684304 0.098834306 830.809937 0.413381517 273.15 0.0309064724 680
0.0621173391 0.100000001 0.0112988276 0.0575808473 836.829041 0.399056792 273.15 0.031490393 680
0.0625558404 0.100000001 0.0118362077 0.0156738758 842.533875 0.384115458 273.15 0.0321735106 680
0.0630243098 0.100000001 0.0123802663 -0.0268997718 847.486328 0.368440926 273.15 0.0329298489 680
0.0635244984 0.100000001 0.0129309244 -0.0697934106 851.826721 0.352220625 273.15 0.0337897502 680
0.0640582912 0.100000001 0.0134885374 -0.113164172 855.9198 0.335369289 273.15 0.0347820781 680
0.0646277164 0.100000001 0.0140526652 -0.157016054 859.234375 0.31774047 273.15 0.03589404 680
0.0652349552 0.100000001 0.014623111 -0.20097515 862.00116 0.299544573 273.15 0.0371626504 680
0.0658823521 0.100000001 0.0151998872 -0.245211095 864.460022 0.281075627 273.15 0.0386130549 680
0.0665724266 0.100000001 0.0157819618 -0.289457828 865.768616 0.261554182 273.15 0.0402134024 680
0.067307885 0.100000001 0.0163683259 -0.33288008 865.572815 0.241011664 273.15 0.0419864021 680
0.0680916328 0.100000001 0.0169581763 -0.374995559 863.796631 0.219472885 273.15 0.0439701118 680
0.0689267889 0.100000001 0.0175504602 -0.415250778 860.190002 0.197072193 273.15 0.0462033153 680
0.0698166998 0.100000001 0.0181444761 -0.453125805 855.258179 0.174039617 273.15 0.0487747081 680
0.0707649547 0.100000001 0.0187396819 -0.48868683 849.072937 0.150619745 273.15 0.0517656878 680
0.0717754021 0.100000001 0.0193344138 -0.52148062 840.649963 0.1285474 273.15 0.0552075207 680
0.0728521664 0.100000001 0.019926955 -0.550457358 829.513 0.10579484 273.15 0.0591371208 680
0.073999666 0.100000001 0.0205157782 -0.574923873 815.733643 0.0824266225 273.15 0.0637172386 680
0.0752226324 0.100000001 0.0210990283 -0.5942384 799.355469 0.0615281984 273.15 0.06920477 680
0.0765261295 0.100000001 0.0216751515 -0.607875347 780.690674 0.0438490622 273.15 0.0758352429 680
0.077915574 0.100000001 0.0222429891 -0.615751266 759.719482 0.0268991198 273.15 0.0839413777 680
0.0793967569 0.100000001 0.0228009001 -0.617816985 734.761353 0.0162309613 273.15 0.0938663185 680
0.0809758653 0.100000001 0.0233476727 -0.614399195 703.712463 0.0074155503 273.15 0.10578391 680
0.0826595044 0.100000001 0.0238827801 -0.605573058 670.207581 0.00338044576 273.15 0.120958515 680
0.0844547209 0.100000001 0.0244053431 -0.590411842 641.641052 0.000875825121 273.15 0.142315492 680
0.0863690256 0.100000001 0.0249152486 -0.570302606 617.153259 0.000227739278 273.15 0.173647895 680
0.0884104164 0.100000001 0.0254135514 -0.547514081 591.391724 0 273.15 0.221216723 680
0.0905874014 0.100000001 0.025901342 -0.522564888 565.912354 0 273.15 0.303200811 680
0.0929090208 0.100000001 0.0263811552 -0.496436864 543.072205 0 273.15 0.480602413 680
0.0953848678 0.100000001 0.0268572335 -0.470242858 524.668701 0 273.15 0.819229066 680
0.0980251091 0.100000001 0.0273332915 -0.444934845 512.043579 0 274.744 0.040775761 680
0.100840502 0.100000001 0.0278147348 -0.421514839 502.163879 0 274.754 0.0328187384 680
0.103842409 0.100000001 0.0283081861 -0.400717348 493.222961 0 274.844 0 680
0.107042811 0.100000001 0.0288164955 -0.382715553 485.886292 0 274.844 0 680
0.110454316 0.100000001 0.0293423559 -0.367404431 480.223511 0 274.844 0 680
0.114090156 0.100000001 0.0298883247 -0.354712129 473.835114 0 274.844 0 680
0.117964191 0.100000001 0.0304539194 -0.34408173 466.091705 0 274.844 0 680
0.122090895 0.100000001 0.0310376885 -0.334981024 461.123016 0 274.844 0 680
0.126485335 0.100000001 0.0316381332 -0.327258855 460.157532 0 274.844 0 680
0.131163147 0.100000001 0.0322544005 -0.320890188 459.327728 0 274.844 0 680
0.136140492 0.100000001 0.0328856984 -0.31556949 456.52887 0 274.844 0 680
0.141434004 0.100000001 0.0335309596 -0.310937673 452.69577 0 274.844 0 680
0.147060725 0.100000001 0.034188632 -0.306879699 448.556305 0 274.844 0 680
0.15303802 0.100000001 0.0348569996 -0.303299993 444.2052 0 274.844 0 680
0.159383478 0.100000001 0.0355342085 -0.300101787 439.689453 0 274.844 0 680
0.16611479 0.100000001 0.0362183119 -0.29720372 435.042847 0 274.844 0 680
0.173249614 0.100000001 0.0369073692 -0.294558555 430.300232 0 274.844 0 680
0.180805409 0.100000001 0.0375991931 -0.292128772 425.478271 0 274.844 0 680
0.188799258 0.100000001 0.0382914381 -0.289869249 420.545502 0 274.844 0 680
0.197247653 0.100000001 0.0389818665 -0.287766546 415.492798 0 274.844 0 680
0.206166274 0.100000001 0.039667971 -0.285815656 410.364838 0 274.844 0 680
0.215569737 0.100000001 0.0403472192 -0.284014732 405.207336 0 274.844 0 680
0.225471321 0.100000001 0.041017284 -0.282402724 400.076202 0 274.844 0 680
0.23588268 0.100000001 0.0416753227 -0.2810058 395.045624 0 274.844 0 680
0.246813538 0.100000001 0.0423184473 -0.279842675 390.174286 0 274.844 0 680
0.25827138 0.100000001 0.0429436092 -0.278958648 385.529022 0 274.844 0 680
0.270261125 0.100000001 0.043547254 -0.278379053 381.146088 0 274.844 0 680
0.282784817 0.100000001 0.0441256669 -0.278133005 377.009583 0 274.844 0 680
0.295841307 0.100000001 0.0446742429 -0.278226167 373.119995 0 274.844 0 680
0.309425973 0.100000001 0.0451879625 -0.278647602 369.476685 0 274.844 0 680
0.323530448 0.100000001 0.04566082 -0.279364258 366.040375 0 274.844 0 680
0.338142397 0.100000001 0.0460862159 -0.28031832 362.759125 0 274.844 0 680
0.353245336 0.100000001 0.0464567158 -0.281432927 359.594788 0 274.844 0 680
0.36881851 0.100000001 0.04676412 -0.282589138 356.494476 0 274.844 0 680
0.384836835 0.100000001 0.0469995367 -0.283650994 353.398285 0 274.844 0 680
0.401270912 0.100000001 0.0471539124 -0.284480691 350.254211 0 274.844 0 680
0.418087127 0.100000001 0.0472182845 -0.284885675 347.013641 0 274.844 0 680
0.435247828 0.100000001 0.04718403 -0.284655303 343.604034 0 274.844 0 680
0.45271159 0.100000001 0.0470432255 -0.283638388 339.979828 0 274.844 0 680
0.470433568 0.100000001 0.0467896775 -0.281665355 336.139374 0 274.844 0 680
0.488365923 0.100000001 0.0464193978 -0.27863282 332.064667 0 274.844 0 680
0.506458328 0.100000001 0.0459298179 -0.274491668 327.743011 0 274.844 0 680
0.52465853 0.100000001 0.0453211967 -0.269187987 323.18869 0 274.844 0 680
0.542912961 0.100000001 0.0445967938 -0.262753695 318.45459 0 274.844 0 680
0.561167393 0.100000001 0.0437624597 -0.255275577 313.601898 0 274.844 0 680
0.579367595 0.100000001 0.0428264223 -0.246867806 308.695801 0 274.844 0 680
0.59746 0.100000001 0.0417988628 -0.237677842 303.81601 0 274.844 0 680
0.615392355 0.100000001 0.0406916523 -0.227876008 299.057587 0 274.844 0 680
0.633114333 0.100000001 0.0395179091 -0.217654064 294.534271 0 274.844 0 680
0.650578095 0.100000001 0.0382910279 -0.207202137 290.377594 0 274.844 0 680
0.667738796 0.100000001 0.037024161 -0.19669053 286.672455 0 274.844 0 680
0.684555011 0.100000001 0.0357298415 -0.186267033 283.408447 0 274.844 0 680
0.700989088 0.100000001 0.0344196238 -0.176043764 280.447235 0 274.844 0 680
0.717007413 0.100000001 0.0331036165 -0.166089207 277.584991 0 274.844 0 680
0.732580587 0.100000001 0.0317904036 -0.156436801 274.738159 0 274.844 0 680
0.747683526 0.100000001 0.0304870948 -0.147096381 271.925446 0 274.844 0 680
0.762295475 0.100000001 0.0291993863 -0.138056666 269.188324 0 274.844 0 680
0.77639995 0.100000001 0.0279316616 -0.129289195 266.567352 0 274.844 0 680
0.789984616 0.100000001 0.0266871795 -0.120751716 264.057037 0 274.844 0 680
0.803041106 0.100000001 0.025468376 -0.112394877 261.617615 0 274.844 0 680
0.815564798 0.100000001 0.0242771602 -0.104170449 259.221405 0 274.844 0 680
0.827554543 0.100000001 0.0231149096 -0.09603443 256.843872 0 274.844 0 680
0.839012385 0.100000001 0.0219827501 -0.0879467204 254.466217 0 274.844 0 680
0.849943243 0.100000001 0.0208815518 -0.0798758566 252.07988 0 274.844 0 680
0.860354602 0.100000001 0.0198122088 -0.0718035251 249.664917 0 274.844 0 680
0.870256186 0.100000001 0.0187756365 -0.0637261719 247.234024 0 274.844 0 680
0.879659649 0.100000001 0.0177726863 -0.0556540303 244.828705 0 274.844 0 680
0.88857827 0.100000001 0.0168041758 -0.0476072133 242.465179 0 274.844 0 680
0.897026665 0.100000001 0.015870755 -0.0396117531 240.139984 0 274.844 0 680
0.905020513 0.100000001 0.0149730975 -0.0316989869 237.816574 0 274.844 0 680
0.912576309 0.100000001 0.0141117265 -0.0238803197 234.867676 0 274.844 0 680
0.919711133 0.100000001 0.0132869066 -0.0161619782 231.216904 0 274.844 0 680
0.926442445 0.100000001 0.0124988995 -0.008611992 228.272537 0 274.844 0 680
0.932787903 0.100000001 0.0117477146 -0.00130088557 226.522552 0 274.844 0 680
0.938765198 0.100000001 0.0110330913 0.00575171737 225.212448 0 274.844 0 680
0.944391919 0.100000001 0.0103546433 0.0125394007 223.899155 0 274.844 0 680
0.949685431 0.100000001 0.00971172817 0.019055469 222.561005 0 274.844 0 680
0.954662776 0.100000001 0.00910358851 0.02529075 221.106644 0 274.844 0 680
0.959340588 0.100000001 0.00852942146 0.0312420186 219.42453 0 274.844 0 680
0.963735028 0.100000001 0.00798820752 0.0369075164 217.624695 0 274.844 0 680
0.967861732 0.100000001 0.00747867674 0.0422883742 215.859543 0 274.844 0 680
0.971735767 0.100000001 0.00699940625 0.0473903976 214.208954 0 274.844 0 680
0.975371607 0.100000001 0.00654900337 0.0522231013 212.643677 0 274.844 0 680
0.978783111 0.100000001 0.00612650272 0.0567860939 211.181366 0 274.844 0 680
0.981983514 0.100000001 0.00573097521 0.0610707253 209.853683 0 274.844 0 680
0.984985421 0.100000001 0.00536118375 0.0650766641 208.65831 0 274.844 0 680
0.987800814 0.100000001 0.00501528913 0.0688219965 207.542847 0 274.844 0 680
0.990441055 0.100000001 0.00469147282 0.0723357722 206.459869 0 274.844 0 680
0.992916902 0.100000001 0.00438810431 0.075640507 205.405365 0 274.844 0 680
0.995238522 0.100000001 0.00410371417 0.0787550956 204.374954 0 274.844 0 680
0.997415507 0.100000001 0.0038369717 0.0816946179 203.368698 0 274.844 0 680
0.999456897 0.100000001 0.00358666644 0.084472239 202.387009 0 274.844 0 680
1.0013712 0.100000001 0.00335169279 0.0870989785 201.430756 0 274.844 0 680
1.00316642 0.100000001 0.00313103723 0.0895851925 200.500854 0 274.844 0 680
1.00485006 0.100000001 0.00292376758 0.0919395983 199.594742 0 274.844 0 680
1.00642917 0.100000001 0.00272902406 0.0941703022 198.70903 0 274.844 0 680
1.00791035 0.100000001 0.00254601168 0.0962845907 197.842484 0 274.844 0 680
1.00929979 0.100000001 0.00237399384 0.0982895195 196.995407 0 274.844 0 680
1.01060329 0.100000001 0.00221228677 0.100191101 196.167145 0 274.844 0 680
1.01182626 0.100000001 0.00206025487 0.10199558 195.357239 0 274.844 0 680
1.01297376 0.100000001 0.00191730653 0.103708245 194.565079 0 274.844 0 680
1.01405052 0.100000001 0.0017828906 0.105334371 193.78862 0 274.844 0 680
1.01506097 0.100000001 0.00165649317 0.106878832 193.027649 0 274.844 0 680
1.01600922 0.100000001 0.00153763483 0.108346105 192.282272 0 274.844 0 680
1.01689913 0.100000001 0.0014258681 0.109740444 191.55127 0 274.844 0 680
1.01773429 0.100000001 0.00132077521 0.111065961 190.833954 0 274.844 0 680
1.01851804 0.100000001 0.00122196604 0.112326249 190.12825 0 274.844 0 680
1.0192535 0.100000001 0.00112907626 0.113525063 189.43335 0 274.844 0 680
1.01994357 0.100000001 0.00104176563 0.114665523 188.749115 0 274.844 0 680
1.02059097 0.100000001 0.000959716441 0.115750983 188.07402 0 274.844 0 680
1.02119821 0.100000001 0.000882632071 0.116784126 187.40683 0 274.844 0 680
1.02176763 0.100000001 0.000810235652 0.117767982 186.746552 0 274.844 0 680
1.02230142 0.100000001 0.000742268836 0.118704818 186.091766 0 274.844 0 680
1.02280161 0.100000001 0.000678490655 0.119597435 185.441147 0 274.844 0 680
1.02327008 0.100000001 0.000618677956 0.120447651 184.793884 0 274.844 0 680
1.02370858 0.100000001 0.000562627283 0.121258073 184.148697 0 274.844 0 680
1.02411874 0.100000001 0.00051014835 0.122029729 183.504456 0 274.844 0 680
1.02450207 0.100000001 0.000461062349 0.122765221 182.862534 0 274.844 0 680
1.02485995 0.100000001 0.000415201666 0.123464979 182.22023 0 274.844 0 680
1.0251937 0.100000001 0.000372409553 0.124131925 181.576569 0 274.844 0 680
1.0255045 0.100000001 0.000332539763 0.124765679 180.925476 0 274.844 0 680
1.02579347 0.100000001 0.000295456158 0.125369817 180.266724 0 274.844 0 680
1.02606162 0.100000001 0.000261032318 0.125942588 179.597046 0 274.844 0 680
1.0263099 0.100000001 0.000229151139 0.126488417 178.91777 0 274.844 0 680
1.02653916 0.100000001 0.000199704443 0.127003923 178.215103 0 274.844 0 680
1.02675021 0.100000001 0.0001725926 0.127496138 177.497208 0 274.844 0 680
1.02694377 0.100000001 0.00014772416 0.127957597 176.745651 0 274.844 0 680
1.0271205 0.100000001 0.000125015508 0.128399149 175.989517 0 274.844 0 680
1.027281 0.100000001 0.000104390541 0.12880677 175.18187 0 274.844 0 680
1.02742581 0.100000001 8.5780361e-05 0.129197165 174.397568 0 274.844 0 680
1.02755542 0.100000001 6.91229984e-05 0.129546583 173.578903 0 274.844 0 680
1.02767026 0.100000001 5.43631542e-05 0.129878536 172.935516 0 274.844 0 680
1.02777072 0.100000001 4.14519688e-05 0.13015157 172.44313 0 274.844 0 680
1.02785712 0.100000001 3.03468154e-05 0.130413666 172.809387 0 274.844 0 680
1.02792975 0.100000001 2.10111173e-05 0.130561158 174.264618 0 274.844 0 680
1.02798886 0.100000001 1.34141908e-05 0.13065362 179.941055 0 274.844 0 680
1.02803463 0.100000001 7.53111159e-06 0.130565763 196.544495 0 274.844 0 680
1.02806722 0.100000001 3.34260658e-06 0.130021855 244.393784 0 274.844 0 680
1.02808673 0.100000001 8.34969327e-07 0.129717946 501.64856 0 274.844 0 680

ZONE T="SLICE_Y_0p75_BINS07_KS_1p0mm_CUTDATA"
1.21069917 0.75 0 0.128211185 1290.16016 0 274.844 0 680
1.21069396 0.75 -6.69193463e-07 0.129341349 577.529785 0 274.844 0 680
1.21067833 0.75 -2.67896125e-06 0.129777312 276.951965 0 274.844 0 680
1.21065221 0.75 -6.03587519e-06 0.130604714 222.401764 0 274.844 0 680
1.21061552 0.75 -1.07509204e-05 0.130895093 203.093719 0 274.844 0 680
1.21056815 0.75 -1.68395436e-05 0.130893365 196.189972 0 274.844 0 680
1.21050994 0.75 -2.43217203e-05 0.130861744 194.084259 0 274.844 0 680
1.21044069 0.75 -3.32220426e-05 0.130657807 193.081085 0 274.844 0 680
1.21036018 0.75 -4.35698249e-05 0.13044928 193.069595 0 274.844 0 680
1.21026814 0.75 -5.53992311e-05 0.130175486 193.213608 0 274.844 0 680
1.21016427 0.75 -6.87494199e-05 0.129880458 193.683777 0 274.844 0 680
1.21004821 0.75 -8.36647112e-05 0.129538223 194.145386 0 274.844 0 680
1.20991957 0.75 -0.000100194771 0.129179925 194.70813 0 274.844 0 680
1.20977793 0.75 -0.000118394819 0.128786027 195.248215 0 274.844 0 680
1.2096228 0.75 -0.000138325848 0.128374308 195.81636 0 274.844 0 680
1.20945365 0.75 -0.000160054871 0.127933085 196.370529 0 274.844 0 680
1.20926991 0.75 -0.000183655182 0.127471164 196.924393 0 274.844 0 680
1.20907092 0.75 -0.000209206632 0.126981676 197.467331 0 274.844 0 680
1.20885601 0.75 -0.000236795919 0.126468882 198.01358 0 274.844 0 680
1.20862442 0.75 -0.000266516898 0.125928566 198.557648 0 274.844 0 680
1.20837532 0.75 -0.000298470891 0.125362605 199.105438 0 274.844 0 680
1.20810784 0.75 -0.000332767003 0.124768123 199.655151 0 274.844 0 680
1.20782101 0.75 -0.000369522448 0.124145694 200.210236 0 274.844 0 680
1.20751379 0.75 -0.000408862853 0.123493157 200.770447 0 274.844 0 680
1.20718506 0.75 -0.000450922552 0.122810356 201.337952 0 274.844 0 680
1.20683362 0.75 -0.000495844854 0.12209554 201.912903 0 274.844 0 680
1.20645816 0.75 -0.000543782264 0.12134815 202.495865 0 274.844 0 680
1.20605728 0.75 -0.000594897845 0.120566495 203.085205 0 274.844 0 680
1.20562947 0.75 -0.000649370443 0.119749218 203.681183 0 274.844 0 680
1.2051731 0.75 -0.000707393186 0.11889445 204.284851 0 274.844 0 680
1.20468642 0.75 -0.000769173127 0.118000515 204.897308 0 274.844 0 680
1.20416756 0.75 -0.000834932166 0.117065452 205.519867 0 274.844 0 680
1.20361449 0.75 -0.000904908033 0.116087355 206.15274 0 274.844 0 680
1.20302505 0.75 -0.000979355361 0.115064077 206.796143 0 274.844 0 680
1.20239691 0.75 -0.00105854684 0.113993369 207.453262 0 274.844 0 680
1.20172757 0.75 -0.00114277445 0.112872958 208.121124 0 274.844 0 680
1.20101434 0.75 -0.00123235087 0.111700028 208.79747 0 274.844 0 680
1.20025435 0.75 -0.00132761093 0.110472128 209.489532 0 274.844 0 680
1.19944452 0.75 -0.00142891325 0.109186463 210.200119 0 274.844 0 680
1.19858154 0.75 -0.00153664207 0.107839979 210.92749 0 274.844 0 680
1.19766187 0.75 -0.00165120927 0.106429316 211.667236 0 274.844 0 680
1.19668171 0.75 -0.00177305656 0.104951128 212.423279 0 274.844 0 680
1.19563701 0.75 -0.0019026581 0.10340216 213.199448 0 274.844 0 680
1.19452343 0.75 -0.00204052331 0.10177777 213.99028 0 274.844 0 680
1.19333632 0.75 -0.00218720017 0.100074068 214.797653 0 274.844 0 680
1.19207073 0.75 -0.00234327907 0.0982862487 215.623871 0 274.844 0 680
1.19072136 0.75 -0.00250939714 0.0964089781 216.467621 0 274.844 0 680
1.18928257 0.75 -0.00268624347 0.0944362506 217.328674 0 274.844 0 680
1.18774834 0.75 -0.00287456516 0.0923611671 218.207581 0 274.844 0 680
1.18611224 0.75 -0.00307517449 0.0901756957 219.116364 0 274.844 0 680
1.18436748 0.75 -0.00328895758 0.0878702775 220.067078 0 274.844 0 680
1.1825068 0.75 -0.00351688454 0.0854340494 221.08316 0 274.844 0 680
1.18052251 0.75 -0.00376002188 0.082855016 222.155746 0 274.844 0 680
1.17840647 0.75 -0.00401954729 0.0801164135 223.283432 0 274.844 0 680
1.17615004 0.75 -0.00429676756 0.0771986321 224.426849 0 274.844 0 680
1.17374414 0.75 -0.00459314015 0.0740743279 225.587158 0 274.844 0 680
1.17117915 0.75 -0.00491013914 0.0707281977 226.847504 0 274.844 0 680
1.16844497 0.75 -0.00524875598 0.0671670288 228.108017 0 274.844 0 680
1.16553099 0.75 -0.0056097353 0.063397944 229.366028 0 274.844 0 680
1.16242611 0.75 -0.00599385082 0.0594213642 230.755371 0 274.844 0 680
1.15911873 0.75 -0.00640221872 0.0552322119 232.290527 0 274.844 0 680
1.15559677 0.75 -0.00683597936 0.0508214943 233.981888 0 274.844 0 680
1.15184769 0.75 -0.00729615056 0.0461838916 235.956863 0 274.844 0 680
1.14785856 0.75 -0.0077835494 0.0413295403 238.293686 0 274.844 0 680
1.14361603 0.75 -0.00829881936 0.0362853855 240.749756 0 274.844 0 680
1.13910644 0.75 -0.00884256744 0.0310762208 243.068344 0 274.844 0 680
1.13431589 0.75 -0.00941530849 0.0257157404 245.204041 0 274.844 0 680
1.12923026 0.75 -0.0100173522 0.0202129707 247.135239 0 274.844 0 680
1.1238354 0.75 -0.0106489074 0.0145758856 248.942566 0 274.844 0 680
1.11811713 0.75 -0.0113099665 0.00882327557 250.771439 0 274.844 0 680
1.11206147 0.75 -0.0120003198 0.00298321992 252.700623 0 274.844 0 680
1.10565473 0.75 -0.0127197553 -0.00291476166 254.747375 0 274.844 0 680
1.09888369 0.75 -0.0134678535 -0.00884004775 256.869843 0 274.844 0 680
1.09173578 0.75 -0.0142440748 -0.0147684691 259.044128 0 274.844 0 680
1.0841993 0.75 -0.0150478979 -0.0206830651 261.269287 0 274.844 0 680
1.07626358 0.75 -0.0158786679 -0.0265708584 263.523712 0 274.844 0 680
1.06791931 0.75 -0.0167357022 -0.0324278809 265.791748 0 274.844 0 680
1.05915868 0.75 -0.0176182672 -0.0382601246 268.075623 0 274.844 0 680
1.04997569 0.75 -0.0185256462 -0.0440873541 270.379883 0 274.844 0 680
1.0403664 0.75 -0.0194571422 -0.0499412157 272.70163 0 274.844 0 680
1.03032918 0.75 -0.0204118525 -0.0558616295 275.044128 0 274.844 0 680
1.01986494 0.75 -0.0213886732 -0.0618937276 277.418732 0 274.844 0 680
1.0089774 0.75 -0.0223860743 -0.0680840835 279.832703 0 274.844 0 680
0.997673241 0.75 -0.0234021032 -0.0744818226 282.285919 0 274.844 0 680
0.985962367 0.75 -0.0244341486 -0.0811319724 284.791687 0 274.844 0 680
0.973857984 0.75 -0.0254786967 -0.0880656689 287.386505 0 274.844 0 680
0.961376728 0.75 -0.0265311827 -0.0952964872 290.095001 0 274.844 0 680
0.948538702 0.75 -0.0275859082 -0.102818094 292.968048 0 274.844 0 680
0.935367467 0.75 -0.0286359936 -0.110600017 296.113678 0 274.844 0 680
0.921889964 0.75 -0.0296733374 -0.118575424 299.621063 0 274.844 0 680
0.908136371 0.75 -0.0306886788 -0.126638263 303.530243 0 274.844 0 680
0.894139886 0.75 -0.0316719735 -0.134655416 307.81778 0 274.844 0 680
0.879936452 0.75 -0.0326126802 -0.1424703 312.423737 0 274.844 0 680
0.865564409 0.75 -0.0335000638 -0.14990449 317.263245 0 274.844 0 680
0.851064093 0.75 -0.0343236104 -0.15676631 322.229645 0 274.844 0 680
0.836477383 0.75 -0.0350738057 -0.162895784 327.229584 0 274.844 0 680
0.821847209 0.75 -0.0357424901 -0.168128207 332.178131 0 274.844 0 680
0.807217035 0.75 -0.0363230691 -0.172372013 337.010162 0 274.844 0 680
0.792630324 0.75 -0.0368108538 -0.175474182 341.64856 0 274.844 0 680
0.778130008 0.75 -0.0372032319 -0.177472219 346.065277 0 274.844 0 680
0.763757965 0.75 -0.0374999959 -0.1783849 350.22049 0 274.844 0 680
0.749554531 0.75 -0.0377032041 -0.178119287 354.11557 0 274.844 0 680
0.735558047 0.75 -0.0378160531 -0.17693013 357.788116 0 274.844 0 680
0.721804453 0.75 -0.0378435067 -0.174934268 361.23587 0 274.844 0 680
0.708326951 0.75 -0.0377919151 -0.172232106 364.513153 0 274.844 0 680
0.695155716 0.75 -0.0376681893 -0.169005364 367.674255 0 274.844 0 680
0.682317689 0.75 -0.0374795126 -0.165379032 370.775055 0 274.844 0 680
0.669836433 0.75 -0.0372331408 -0.161507592 373.876282 0 274.844 0 680
0.65773205 0.75 -0.0369362004 -0.157511473 377.040924 0 274.844 0 680
0.646021176 0.75 -0.0365952631 -0.153493375 380.32019 0 274.844 0 680
0.634717022 0.75 -0.0362162874 -0.149515674 383.749359 0 274.844 0 680
0.623829473 0.75 -0.0358045623 -0.145629153 387.349915 0 274.844 0 680
0.613365234 0.75 -0.0353649013 -0.141859904 391.128174 0 274.844 0 680
0.603328012 0.75 -0.0349013272 -0.138214394 395.098663 0 274.844 0 680
0.593718726 0.75 -0.0344175308 -0.134682894 399.261261 0 274.844 0 680
0.584535739 0.75 -0.0339164894 -0.131234735 403.606659 0 274.844 0 680
0.575775107 0.75 -0.0334010515 -0.127843305 408.127777 0 274.844 0 680
0.567430832 0.75 -0.0328736606 -0.124467589 412.825775 0 274.844 0 680
0.559495122 0.75 -0.0323366314 -0.121084161 417.739716 0 274.844 0 680
0.551958634 0.75 -0.031792242 -0.11766202 422.881378 0 274.844 0 680
0.544810727 0.75 -0.0312423576 -0.114153363 428.215454 5.96377467e-05 274.82 0 680
0.538039687 0.75 -0.0306890076 -0.110540539 433.67691 0.000206736193 274.763 0 680
0.531632947 0.75 -0.0301342018 -0.106810421 439.139191 0.000361225277 274.704 0 680
0.525577289 0.75 -0.0295797336 -0.102959663 444.505707 0.000520944479 274.645 0 680
0.519859022 0.75 -0.0290274825 -0.0990108252 449.733795 0.00104814791 274.449 0 680
0.514464153 0.75 -0.0284792019 -0.0949873477 454.799072 0.00176605838 274.186 0 680
0.509378531 0.75 -0.0279364469 -0.0909219384 459.744904 0.00249856664 273.924 0 680
0.504587975 0.75 -0.0274007778 -0.0868697241 464.598206 0.00323798019 273.664 0 680
0.50007839 0.75 -0.0268736805 -0.0829086602 469.328156 0.00424645981 273.314 0 680
0.495835859 0.75 -0.0263565303 -0.0791320056 473.945251 0.00606294535 273.15 0.190218985 680
0.491846722 0.75 -0.0258505711 -0.0756516531 478.522644 0.00789660774 273.15 0.347615331 680
0.488097649 0.75 -0.0253566583 -0.0725287646 483.125122 0.00973582081 273.15 0.813124061 680
0.484575686 0.75 -0.0248754267 -0.0698928833 487.736664 0.0115642408 273.15 0.618757308 680
0.481268304 0.75 -0.0244075598 -0.0678904578 492.317566 0.0133286742 273.15 0.359549135 680
0.478163424 0.75 -0.0239542589 -0.0668566823 497.052246 0.0149756167 273.15 0.250402659 680
0.475249448 0.75 -0.0235166875 -0.0674199909 502.424194 0.0171438102 273.15 0.190415367 680
0.472515268 0.75 -0.0230952321 -0.0697373226 508.76416 0.0199483577 273.15 0.152731583 680
0.469950278 0.75 -0.0226878431 -0.0737130642 516.39032 0.0232573729 273.15 0.127060235 680
0.467544373 0.75 -0.0222923622 -0.0794034526 526.44751 0.0271722618 273.15 0.10875836 680
0.465287952 0.75 -0.0219065053 -0.0864528716 539.451782 0.0322158895 273.15 0.0952691212 680
0.463171908 0.75 -0.0215249645 -0.0939378813 554.933289 0.0388340913 273.15 0.0850037932 680
0.461187618 0.75 -0.0211434073 -0.101067364 572.822815 0.0470025837 273.15 0.0770356208 680
0.459326936 0.75 -0.0207588569 -0.107076354 592.614807 0.0595611446 273.15 0.0708039477 680
0.457582173 0.75 -0.0203679128 -0.111095488 613.563965 0.0743372515 273.15 0.0658376813 680
0.455946082 0.75 -0.0199685437 -0.112358883 634.809387 0.090677835 273.15 0.0617638938 680
0.454411846 0.75 -0.0195598755 -0.110135667 655.991333 0.10838192 273.15 0.0583572239 680
0.452973054 0.75 -0.0191410628 -0.104173645 676.730774 0.129216969 273.15 0.055523701 680
0.451623687 0.75 -0.0187121963 -0.0942868441 696.103271 0.15110898 273.15 0.0530930348 680
0.450358096 0.75 -0.0182739806 -0.0802698657 714.060791 0.173578352 273.15 0.050993029 680
0.449170989 0.75 -0.017826838 -0.0620662123 730.482727 0.196438134 273.15 0.0491703413 680
0.448057407 0.75 -0.0173717396 -0.0398957245 745.032166 0.219251648 273.15 0.0475522391 680
0.447012708 0.75 -0.0169100006 -0.0140019264 758.505493 0.242185727 273.15 0.0461639725 680
0.446032551 0.75 -0.0164425497 0.0156024843 769.767151 0.265233666 273.15 0.0449276082 680
0.445112877 0.75 -0.0159706322 0.0474473014 771.957764 0.287656069 273.15 0.0434811674 680
0.444249895 0.75 -0.0154957348 0.0804232433 763.50647 0.30930075 273.15 0.0417856313 680
0.443440063 0.75 -0.0150190818 0.114968576 756.535461 0.330077142 273.15 0.0404288247 680
0.442680076 0.75 -0.0145420489 0.150870085 757.175659 0.349861503 273.15 0.0396401361 680
0.441966849 0.75 -0.0140659697 0.187475488 760.645325 0.36887008 273.15 0.0391566679 680
0.441297506 0.75 -0.0135912786 0.224516317 763.859009 0.387268275 273.15 0.0388273448 680
0.440669364 0.75 -0.0131185378 0.261697143 764.947144 0.404865146 273.15 0.0385351963 680
0.440079925 0.75 -0.0126485912 0.298612267 764.020813 0.42159006 273.15 0.038263239 680
0.439526859 0.75 -0.0121820824 0.334935755 761.115723 0.437420875 273.15 0.0380486995 680
0.439007997 0.75 -0.0117198201 0.370057583 755.912781 0.452290744 273.15 0.0378725007 680
0.43852132 0.75 -0.0112626313 0.403890729 749.805664 0.466411948 273.15 0.0378090516 680
0.438064949 0.75 -0.0108105062 0.436566263 743.413818 0.47995016 273.15 0.0378984176 680
0.437637136 0.75 -0.0103636023 0.467882514 736.644531 0.492799103 273.15 0.0381321013 680
0.437236256 0.75 -0.00992227259 0.497811496 729.917419 0.505057037 273.15 0.0385465398 680
0.436860797 0.75 -0.00948623205 0.526384115 723.002563 0.516786218 273.15 0.0391527452 680
0.436509356 0.75 -0.00905554412 0.553435802 715.820312 0.527861595 273.15 0.0399516597 680
0.436180631 0.75 -0.00863045264 0.578940451 708.748779 0.538362026 273.15 0.0409968086 680
0.435873412 0.75 -0.00821065317 0.60287571 701.631104 0.548300743 273.15 0.0423183031 680
0.43558658 0.75 -0.00779635619 0.625104368 694.66626 0.55760777 273.15 0.0439609177 680
0.435319096 0.75 -0.00738765557 0.645670414 688.119873 0.56640172 273.15 0.0460290387 680
0.43507 0.75 -0.00698411884 0.664505422 681.92926 0.574662209 273.15 0.0486115739 680
0.434838406 0.75 -0.00658601022 0.681621075 676.400513 0.582442224 273.15 0.0518887676 680
0.434623494 0.75 -0.0061924251 0.697069049 671.606873 0.589893758 273.15 0.0561560392 680
0.434424511 0.75 -0.00580226926 0.710863709 666.78302 0.596832514 273.15 0.0616459437 680
0.434240764 0.75 -0.00541588429 0.722793043 662.378113 0.603040934 273.15 0.068757616 680
0.434071616 0.75 -0.00503435893 0.732913792 658.544067 0.608468235 273.15 0.0781610981 680
0.433916486 0.75 -0.00465942511 0.741039276 656.422729 0.613461673 273.15 0.0916760638 680
0.433774845 0.75 -0.00428782075 0.747500539 653.691101 0.618375778 273.15 0.1127498 680
0.433646212 0.75 -0.00391461348 0.751932621 647.771912 0.622830212 273.15 0.147595704 680
0.433646212 0.75 -0.00391461348 0.751932621 647.771912 0.622830212 273.15 0.147595704 680
0.433530152 0.75 -0.00354316986 0.754311979 639.072021 0.626316965 273.15 0.213853166 680
0.433426275 0.75 -0.00318574347 0.755287886 635.658752 0.628934026 273.15 0.260847151 680
0.433334235 0.75 -0.00284143098 0.753901124 645.483459 0.630662382 273.15 0.194165096 680
0.433253724 0.75 -0.00247211435 0.751135409 653.474304 0.630132496 273.15 0.13990888 680
0.433184477 0.75 -0.00207971364 0.746585429 660.338745 0.628626227 273.15 0.103902042 680
0.433126264 0.75 -0.00175201003 0.740036964 677.735046 0.63072145 273.15 0.077481702 680
0.433078893 0.75 -0.00146339257 0.730104923 688.173584 0.636620522 273.15 0.0775107518 680
0.433042209 0.75 -0.00100223243 0.717994213 688.182617 0.643194675 273.15 0.0811031759 680
0.433016092 0.75 -0.000478377422 0.703866541 699.220215 0.647278726 273.15 0.0643554628 680
0.433000455 0.75 -0.000121424179 0.689952016 726.854248 0.647606254 273.15 0.0350637995 680
0.432995249 0.75 0 0.675996244 751.402466 0.641487718 273.15 0.0180967357 680
0.433000455 0.75 0.000121424179 0.666082561 719.380249 0.634714782 273.15 0.0314914733 680
0.433016092 0.75 0.000478377422 0.65082407 728.101196 0.632102013 273.15 0.0508917943 680
0.433042209 0.75 0.00100223243 0.626932025 766.601624 0.628341138 273.15 0.0532665476 680
0.433078893 0.75 0.00146339257 0.595426977 795.324646 0.618103325 273.15 0.0398809351 680
0.433126264 0.75 0.00175201003 0.566481471 773.657776 0.608715892 273.15 0.0309218969 680
0.433184477 0.75 0.00207971364 0.548467934 780.628723 0.607297361 273.15 0.0341977179 680
0.433253724 0.75 0.00247211435 0.520056844 814.945435 0.602776349 273.15 0.0355147943 680
0.433334235 0.75 0.00284143098 0.486092597 829.253296 0.59207809 273.15 0.0325524509 680
0.433426275 0.75 0.00318574347 0.456846654 826.806274 0.583054125 273.15 0.0308318473 680
0.433530152 0.75 0.00354316986 0.428515166 837.013916 0.577245533 273.15 0.0311586875 680
0.433646212 0.75 0.00391461348 0.395288825 854.945618 0.569977403 273.15 0.0313480534 680
0.433774845 0.75 0.00428782075 0.359409273 867.868103 0.560274482 273.15 0.0309016332 680
0.433916486 0.75 0.00465942511 0.323582381 875.495972 0.550136268 273.15 0.0304631665 680
0.434071616 0.75 0.00503435893 0.287908733 883.972229 0.540745914 273.15 0.0304267555 680
0.434240764 0.75 0.00541588429 0.250390768 895.342285 0.531149328 273.15 0.0306056179 680
0.434424511 0.75 0.00580226926 0.210858434 906.479858 0.5205037 273.15 0.0307645462 680
0.434623494 0.75 0.0061924251 0.170299307 915.863892 0.508964777 273.15 0.0309103075 680
0.434838406 0.75 0.00658601022 0.129199922 923.615601 0.496987551 273.15 0.0311172102 680
0.43507 0.75 0.00698411884 0.0876930431 931.17572 0.48491022 273.15 0.0314638093 680
0.435319096 0.75 0.00738765557 0.0450887345 939.001099 0.472418368 273.15 0.0319247134 680
0.43558658 0.75 0.00779635619 0.00143818348 946.319885 0.459398627 273.15 0.0324668363 680
0.435873412 0.75 0.00821065317 -0.0430838019 953.513916 0.445884705 273.15 0.0331126601 680
0.436180631 0.75 0.00863045264 -0.0886574537 960.182556 0.431675345 273.15 0.0338408016 680
0.436509356 0.75 0.00905554412 -0.13484399 966.039734 0.416887134 273.15 0.03465572 680
0.436860797 0.75 0.00948623205 -0.181627318 971.505005 0.401501924 273.15 0.0355598778 680
0.437236256 0.75 0.00992227259 -0.229004338 976.045776 0.38539654 273.15 0.03656343 680
0.437637136 0.75 0.0103636023 -0.276565045 979.828674 0.368761837 273.15 0.0376994275 680
0.438064949 0.75 0.0108105062 -0.324459136 983.323364 0.351508558 273.15 0.0389951244 680
0.43852132 0.75 0.0112626313 -0.372700244 985.860779 0.333482355 273.15 0.0404390879 680
0.439007997 0.75 0.0117198201 -0.420847893 987.623474 0.314851046 273.15 0.0420718975 680
0.439526859 0.75 0.0121820824 -0.469328761 987.932861 0.295388341 273.15 0.0438812524 680
0.440079925 0.75 0.0126485912 -0.517973363 984.287354 0.275241822 273.15 0.0457809493 680
0.440669364 0.75 0.0131185378 -0.565312922 976.133911 0.254363269 273.15 0.0477569476 680
0.441297506 0.75 0.0135912786 -0.610635221 965.2323 0.232522577 273.15 0.0499008484 680
0.441966849 0.75 0.0140659697 -0.653233469 952.737915 0.209812731 273.15 0.0523179173 680
0.442680076 0.75 0.0145420489 -0.692737937 940.281494 0.186540172 273.15 0.0551757254 680
0.443440063 0.75 0.0150190818 -0.728913903 932.457581 0.162463397 273.15 0.0588470027 680
0.444249895 0.75 0.0154957348 -0.760889232 933.978699 0.138321072 273.15 0.0638820454 680
0.445112877 0.75 0.0159706322 -0.788551033 936.97699 0.115368173 273.15 0.0701560751 680
0.446032551 0.75 0.0164425497 -0.812948525 926.015503 0.0917340517 273.15 0.0768337473 680
0.447012708 0.75 0.0169100006 -0.832128584 901.349243 0.0680608824 273.15 0.0840393305 680
0.448057407 0.75 0.0173717396 -0.843808293 873.049927 0.0495217219 273.15 0.0928693861 680
0.449170989 0.75 0.017826838 -0.848583102 844.343079 0.0319028869 273.15 0.104160815 680
0.450358096 0.75 0.0182739806 -0.846267223 813.906067 0.0185507759 273.15 0.118910514 680
0.451623687 0.75 0.0187121963 -0.836978316 782.041443 0.00935724191 273.15 0.138769329 680
0.452973054 0.75 0.0191410628 -0.821767688 749.830872 0.00395796774 273.15 0.166857928 680
0.454411846 0.75 0.0195598755 -0.8011024 717.692139 0.0010029641 273.15 0.20927605 680
0.455946082 0.75 0.0199685437 -0.775654614 686.193359 0.000300489541 273.15 0.280223191 680
0.457582173 0.75 0.0203679128 -0.746722281 655.852966 0 273.15 0.422556251 680
0.459326936 0.75 0.0207588569 -0.715318322 627.295471 0 273.15 0.848032296 680
0.461187618 0.75 0.0211434073 -0.682568252 601.317871 0 274.41 0 680
0.463171908 0.75 0.0215249645 -0.649858594 578.719727 0 274.844 0 680
0.465287952 0.75 0.0219065053 -0.618148744 559.88385 0 274.844 0 680
0.467544373 0.75 0.0222923622 -0.588289082 544.764954 0 274.844 0 680
0.469950278 0.75 0.0226878431 -0.561176836 533.417725 0 274.844 0 680
0.472515268 0.75 0.0230952321 -0.537033558 524.974304 0 274.844 0 680
0.475249448 0.75 0.0235166875 -0.515768945 518.329407 0 274.844 0 680
0.478163424 0.75 0.0239542589 -0.497350276 513.249084 0 274.844 0 680
0.481268304 0.75 0.0244075598 -0.481441289 509.150421 0 274.844 0 680
0.484575686 0.75 0.0248754267 -0.467504621 505.308777 0 274.844 0 680
0.488097649 0.75 0.0253566583 -0.45507583 501.45047 0 274.844 0 680
0.491846722 0.75 0.0258505711 -0.44386223 497.520142 0 274.844 0 680
0.495835859 0.75 0.0263565303 -0.433695704 493.516907 0 274.844 0 680
0.50007839 0.75 0.0268736805 -0.424427837 489.377563 0 274.844 0 680
0.504587975 0.75 0.0274007778 -0.415897369 485.021576 0 274.844 0 680
0.509378531 0.75 0.0279364469 -0.407949924 480.408234 0 274.844 0 680
0.514464153 0.75 0.0284792019 -0.400461614 475.550415 0 274.844 0 680
0.519859022 0.75 0.0290274825 -0.393333554 470.414368 0 274.844 0 680
0.525577289 0.75 0.0295797336 -0.386497498 464.963623 0 274.844 0 680
0.531632947 0.75 0.0301342018 -0.379900575 459.241272 0 274.844 0 680
0.538039687 0.75 0.0306890076 -0.373500347 453.324829 0 274.844 0 680
0.544810727 0.75 0.0312423576 -0.367287427 447.340637 0 274.844 0 680
0.551958634 0.75 0.031792242 -0.36126253 441.417847 0 274.844 0 680
0.559495122 0.75 0.0323366314 -0.355431974 435.637207 0 274.844 0 680
0.567430832 0.75 0.0328736606 -0.349837273 430.034515 0 274.844 0 680
0.575775107 0.75 0.0334010515 -0.344503522 424.602631 0 274.844 0 680
0.584535739 0.75 0.0339164894 -0.339447349 419.333557 0 274.844 0 680
0.593718726 0.75 0.0344175308 -0.334704429 414.229431 0 274.844 0 680
0.603328012 0.75 0.0349013272 -0.330291599 409.294464 0 274.844 0 680
0.613365234 0.75 0.0353649013 -0.32623145 404.547089 0 274.844 0 680
0.623829473 0.75 0.0358045623 -0.322524399 399.99765 0 274.844 0 680
0.634717022 0.75 0.0362162874 -0.319151074 395.630981 0 274.844 0 680
0.646021176 0.75 0.0365952631 -0.316071749 391.429443 0 274.844 0 680
0.65773205 0.75 0.0369362004 -0.313221037 387.378754 0 274.844 0 680
0.669836433 0.75 0.0372331408 -0.310518235 383.436005 0 274.844 0 680
0.682317689 0.75 0.0374795126 -0.307848543 379.548401 0 274.844 0 680
0.695155716 0.75 0.0376681893 -0.305069387 375.648621 0 274.844 0 680
0.708326951 0.75 0.0377919151 -0.302024662 371.675507 0 274.844 0 680
0.721804453 0.75 0.0378435067 -0.298559248 367.573181 0 274.844 0 680
0.735558047 0.75 0.0378160531 -0.294511646 363.278687 0 274.844 0 680
0.749554531 0.75 0.0377032041 -0.289721996 358.753082 0 274.844 0 680
0.763757965 0.75 0.0374999959 -0.284061432 353.977997 0 274.844 0 680
0.778130008 0.75 0.0372032319 -0.277466893 348.953888 0 274.844 0 680
0.792630324 0.75 0.0368108538 -0.269884199 343.678314 0 274.844 0 680
0.807217035 0.75 0.0363230691 -0.261292428 338.173248 0 274.844 0 680
0.821847209 0.75 0.0357424901 -0.251755595 332.499603 0 274.844 0 680
0.836477383 0.75 0.0350738057 -0.24138014 326.734802 0 274.844 0 680
0.851064093 0.75 0.0343236104 -0.230304986 320.945831 0 274.844 0 680
0.865564409 0.75 0.0335000638 -0.218690038 315.222443 0 274.844 0 680
0.879936452 0.75 0.0326126802 -0.206711501 309.66452 0 274.844 0 680
0.894139886 0.75 0.0316719735 -0.194559097 304.373779 0 274.844 0 680
0.908136371 0.75 0.0306886788 -0.182410002 299.434265 0 274.844 0 680
0.921889964 0.75 0.0296733374 -0.170413062 294.89859 0 274.844 0 680
0.935367467 0.75 0.0286359936 -0.158691823 290.786438 0 274.844 0 680
0.948538702 0.75 0.0275859082 -0.147339374 287.049286 0 274.844 0 680
0.961376728 0.75 0.0265311827 -0.136410072 283.592133 0 274.844 0 680
0.973857984 0.75 0.0254786967 -0.125923142 280.310974 0 274.844 0 680
0.985962367 0.75 0.0244341486 -0.115874968 277.153839 0 274.844 0 680
0.997673241 0.75 0.0234021032 -0.106243625 274.094116 0 274.844 0 680
1.0089774 0.75 0.0223860743 -0.0969917476 271.097107 0 274.844 0 680
1.01986494 0.75 0.0213886732 -0.0880715922 268.148682 0 274.844 0 680
1.03032918 0.75 0.0204118525 -0.0794333741 265.24704 0 274.844 0 680
1.0403664 0.75 0.0194571422 -0.0710311607 262.385925 0 274.844 0 680
1.04997569 0.75 0.0185256462 -0.0628227592 259.555817 0 274.844 0 680
1.05915868 0.75 0.0176182672 -0.0547722094 256.754608 0 274.844 0 680
1.06791931 0.75 0.0167357022 -0.0468526371 253.987274 0 274.844 0 680
1.07626358 0.75 0.0158786679 -0.0390484296 251.253769 0 274.844 0 680
1.0841993 0.75 0.0150478979 -0.0313564241 248.554291 0 274.844 0 680
1.09173578 0.75 0.0142440748 -0.0237815846 245.896347 0 274.844 0 680
1.09888369 0.75 0.0134678535 -0.0163357668 243.299286 0 274.844 0 680
1.10565473 0.75 0.0127197553 -0.00903479476 240.773254 0 274.844 0 680
1.11206147 0.75 0.0120003198 -0.00189922401 238.343079 0 274.844 0 680
1.11811713 0.75 0.0113099665 0.00504619349 236.051453 0 274.844 0 680
1.1238354 0.75 0.0106489074 0.0117789824 233.879196 0 274.844 0 680
1.12923026 0.75 0.0100173522 0.0182800721 231.738403 0 274.844 0 680
1.13431589 0.75 0.00941530849 0.0245387815 229.497284 0 274.844 0 680
1.13910644 0.75 0.00884256744 0.0305522196 227.105011 0 274.844 0 680
1.14361603 0.75 0.00829881936 0.0363166258 224.602585 0 274.844 0 680
1.14785856 0.75 0.0077835494 0.0418263413 222.030243 0 274.844 0 680
1.15184769 0.75 0.00729615056 0.047070004 219.595917 0 274.844 0 680
1.15559677 0.75 0.00683597936 0.0520357601 217.500778 0 274.844 0 680
1.15911873 0.75 0.00640221872 0.0567232557 215.676193 0 274.844 0 680
1.16242611 0.75 0.00599385082 0.0611429885 214.009232 0 274.844 0 680
1.16553099 0.75 0.0056097353 0.0653081164 212.493561 0 274.844 0 680
1.16844497 0.75 0.00524875598 0.0692287534 211.126892 0 274.844 0 680
1.17117915 0.75 0.00491013914 0.0729113519 209.787857 0 274.844 0 680
1.17374414 0.75 0.00459314015 0.0763586089 208.460983 0 274.844 0 680
1.17615004 0.75 0.00429676756 0.0795732588 207.225388 0 274.844 0 680
1.17840647 0.75 0.00401954729 0.0825718865 206.009521 0 274.844 0 680
1.18052251 0.75 0.00376002188 0.085378319 204.82338 0 274.844 0 680
1.1825068 0.75 0.00351688454 0.0880105197 203.704575 0 274.844 0 680
1.18436748 0.75 0.00328895758 0.0904846489 202.645798 0 274.844 0 680
1.18611224 0.75 0.00307517449 0.092813313 201.653503 0 274.844 0 680
1.18774834 0.75 0.00287456516 0.0950080529 200.704727 0 274.844 0 680
1.18928257 0.75 0.00268624347 0.0970791951 199.788559 0 274.844 0 680
1.19072136 0.75 0.00250939714 0.0990357399 198.894974 0 274.844 0 680
1.19207073 0.75 0.00234327907 0.100885637 198.022812 0 274.844 0 680
1.19333632 0.75 0.00218720017 0.102636039 197.171478 0 274.844 0 680
1.19452343 0.75 0.00204052331 0.104293391 196.341309 0 274.844 0 680
1.19563701 0.75 0.0019026581 0.105863601 195.529861 0 274.844 0 680
1.19668171 0.75 0.00177305656 0.10735175 194.735245 0 274.844 0 680
1.19766187 0.75 0.00165120927 0.108763225 193.961121 0 274.844 0 680
1.19858154 0.75 0.00153664207 0.110102341 193.203766 0 274.844 0 680
1.19944452 0.75 0.00142891325 0.111373313 192.459702 0 274.844 0 680
1.20025435 0.75 0.00132761093 0.112580165 191.731491 0 274.844 0 680
1.20101434 0.75 0.00123235087 0.113726661 191.018173 0 274.844 0 680
1.20172757 0.75 0.00114277445 0.114816211 190.31752 0 274.844 0 680
1.20239691 0.75 0.00105854684 0.115851946 189.625732 0 274.844 0 680
1.20302505 0.75 0.000979355361 0.116837025 188.944305 0 274.844 0 680
1.20361449 0.75 0.000904908033 0.117774114 188.275879 0 274.844 0 680
1.20416756 0.75 0.000834932166 0.118665807 187.617722 0 274.844 0 680
1.20468642 0.75 0.000769173127 0.119514585 186.968033 0 274.844 0 680
1.2051731 0.75 0.000707393186 0.120322645 186.325546 0 274.844 0 680
1.20562947 0.75 0.000649370443 0.121092223 185.689148 0 274.844 0 680
1.20605728 0.75 0.000594897845 0.121825181 185.057632 0 274.844 0 680
1.20645816 0.75 0.000543782264 0.122523546 184.429779 0 274.844 0 680
1.20683362 0.75 0.000495844854 0.123188838 183.805145 0 274.844 0 680
1.20718506 0.75 0.000450922552 0.123822883 183.184753 0 274.844 0 680
1.20751379 0.75 0.000408862853 0.124426529 182.567917 0 274.844 0 680
1.20782101 0.75 0.000369522448 0.125001594 181.954239 0 274.844 0 680
1.20810784 0.75 0.000332767003 0.125548467 181.341339 0 274.844 0 680
1.20837532 0.75 0.000298470891 0.126069203 180.726379 0 274.844 0 680
1.20862442 0.75 0.000266516898 0.126563564 180.10556 0 274.844 0 680
1.20885601 0.75 0.000236795919 0.127034023 179.482895 0 274.844 0 680
1.20907092 0.75 0.000209206632 0.127479255 178.857132 0 274.844 0 680
1.20926991 0.75 0.000183655182 0.127902523 178.23143 0 274.844 0 680
1.20945365 0.75 0.000160054871 0.128300741 177.600296 0 274.844 0 680
1.2096228 0.75 0.000138325848 0.128678754 176.975327 0 274.844 0 680
1.20977793 0.75 0.000118394819 0.129030377 176.347244 0 274.844 0 680
1.20991957 0.75 0.000100194771 0.129363224 175.749084 0 274.844 0 680
1.21004821 0.75 8.36647112e-05 0.129665524 175.162903 0 274.844 0 680
1.21016427 0.75 6.87494199e-05 0.129949078 174.690491 0 274.844 0 680
1.21026814 0.75 5.53992311e-05 0.13019383 174.302551 0 274.844 0 680
1.21036018 0.75 4.35698249e-05 0.130413473 174.299561 0 274.844 0 680
1.21044069 0.75 3.32220426e-05 0.130580246 174.6931 0 274.844 0 680
1.21050994 0.75 2.43217203e-05 0.130731612 176.32193 0 274.844 0 680
1.21056815 0.75 1.68395436e-05 0.13075529 179.733841 0 274.844 0 680
1.21061552 0.75 1.07509204e-05 0.130734161 188.736008 0 274.844 0 680
1.21065221 0.75 6.03587519e-06 0.130477339 212.126999 0 274.844 0 680
1.21067833 0.75 2.67896125e-06 0.129758224 271.904083 0 274.844 0 680
1.21069396 0.75 6.69193463e-07 0.129248992 577.123108 0 274.844 0 680

ZONE T="SLICE_Y_1p40_BINS07_KS_1p0mm_CUTDATA"
1.39330511 1.39999998 0 0.119953111 1511.41455 0 274.844 0 680
1.39330119 1.39999998 -5.03417604e-07 0.120543063 674.579468 0 274.844 0 680
1.39328943 1.39999998 -2.01531594e-06 0.121313818 319.289215 0 274.844 0 680
1.39326978 1.39999998 -4.54063884e-06 0.122236513 251.063461 0 274.844 0 680
1.39324218 1.39999998 -8.08765014e-06 0.122554719 224.444473 0 274.844 0 680
1.39320655 1.39999998 -1.26679699e-05 0.122663133 214.621719 0 274.844 0 680
1.39316276 1.39999998 -1.82966255e-05 0.122696549 210.901947 0 274.844 0 680
1.39311066 1.39999998 -2.49921167e-05 0.122590482 208.920044 0 274.844 0 680
1.3930501 1.39999998 -3.27764961e-05 0.122457534 208.192947 0 274.844 0 680
1.39298086 1.39999998 -4.16754642e-05 0.12223696 207.777939 0 274.844 0 680
1.39290271 1.39999998 -5.17184793e-05 0.121992558 207.914917 0 274.844 0 680
1.3928154 1.39999998 -6.29388822e-05 0.121692494 208.205658 0 274.844 0 680
1.39271864 1.39999998 -7.53740356e-05 0.121370047 208.672592 0 274.844 0 680
1.39261208 1.39999998 -8.90654788e-05 0.121010944 209.180481 0 274.844 0 680
1.39249538 1.39999998 -0.000104059096 0.120630257 209.751755 0 274.844 0 680
1.39236814 1.39999998 -0.0001204053 0.120220095 210.333145 0 274.844 0 680
1.39222991 1.39999998 -0.000138159228 0.119788326 210.936111 0 274.844 0 680
1.39208022 1.39999998 -0.000157380948 0.119329967 211.540329 0 274.844 0 680
1.39191855 1.39999998 -0.000178135683 0.118848957 212.152618 0 274.844 0 680
1.39174432 1.39999998 -0.000200494037 0.118341923 212.765335 0 274.844 0 680
1.39155693 1.39999998 -0.00022453223 0.117810674 213.383041 0 274.844 0 680
1.39135571 1.39999998 -0.000250332343 0.117252745 214.003815 0 274.844 0 680
1.39113994 1.39999998 -0.000277982551 0.116668738 214.629486 0 274.844 0 680
1.39090882 1.39999998 -0.000307577359 0.116056688 215.255859 0 274.844 0 680
1.39066153 1.39999998 -0.000339217825 0.115416415 215.885574 0 274.844 0 680
1.39039715 1.39999998 -0.000373011756 0.11474625 216.521927 0 274.844 0 680
1.3901147 1.39999998 -0.000409073878 0.114045657 217.165405 0 274.844 0 680
1.38981313 1.39999998 -0.000447526858 0.113312975 217.814423 0 274.844 0 680
1.3894913 1.39999998 -0.00048850524 0.112547025 218.469803 0 274.844 0 680
1.38914798 1.39999998 -0.000532154306 0.111745946 219.132706 0 274.844 0 680
1.38878187 1.39999998 -0.00057862982 0.110908262 219.804413 0 274.844 0 680
1.38839154 1.39999998 -0.00062809871 0.110032022 220.485779 0 274.844 0 680
1.38797548 1.39999998 -0.000680739816 0.109115481 221.17778 0 274.844 0 680
1.38753206 1.39999998 -0.000736744689 0.108156554 221.881226 0 274.844 0 680
1.38705953 1.39999998 -0.000796318467 0.107153222 222.596985 0 274.844 0 680
1.386556 1.39999998 -0.000859680807 0.106103219 223.32576 0 274.844 0 680
1.38601945 1.39999998 -0.000927066921 0.105004266 224.068329 0 274.844 0 680
1.38544773 1.39999998 -0.000998728693 0.103853866 224.825317 0 274.844 0 680
1.38483852 1.39999998 -0.00107493591 0.10264945 225.597366 0 274.844 0 680
1.38418932 1.39999998 -0.00115597763 0.101388261 226.384949 0 274.844 0 680
1.38349747 1.39999998 -0.00124216368 0.100067399 227.188492 0 274.844 0 680
1.38276012 1.39999998 -0.00133382637 0.0986837596 228.008347 0 274.844 0 680
1.38197422 1.39999998 -0.00143132239 0.0972340703 228.844757 0 274.844 0 680
1.3811365 1.39999998 -0.00153503495 0.0957147628 229.697845 0 274.844 0 680
1.38024347 1.39999998 -0.00164537631 0.0941220224 230.567596 0 274.844 0 680
1.3792914 1.39999998 -0.00176279059 0.0924516395 231.453873 0 274.844 0 680
1.3792914 1.39999998 -0.00176279059 0.0924516395 231.453873 0 274.844 0 680
1.3782763 1.39999998 -0.00188775708 0.0906989798 232.35643 0 274.844 0 680
1.37719393 1.39999998 -0.00202079418 0.0888588578 233.274902 0 274.844 0 680
1.37603977 1.39999998 -0.0021624639 0.0869253501 234.208984 0 274.844 0 680
1.37480898 1.39999998 -0.00231337732 0.0848916247 235.158096 0 274.844 0 680
1.37349643 1.39999998 -0.00247420102 0.0827495977 236.12056 0 274.844 0 680
1.37209669 1.39999998 -0.0026456648 0.0804894492 237.096375 0 274.844 0 680
1.37060396 1.39999998 -0.00282857098 0.0780990794 238.087585 0 274.844 0 680
1.36901211 1.39999998 -0.00302380549 0.0755631924 239.096725 0 274.844 0 680
1.36731466 1.39999998 -0.00323235141 0.0728617981 240.14032 0 274.844 0 680
1.36550476 1.39999998 -0.00345530514 0.0699726269 241.284851 0 274.844 0 680
1.36357518 1.39999998 -0.0036937756 0.0668836087 242.605316 0 274.844 0 680
1.36151832 1.39999998 -0.00394850863 0.0636000857 244.101227 0 274.844 0 680
1.35932621 1.39999998 -0.0042200644 0.0601349473 245.7043 0 274.844 0 680
1.35699049 1.39999998 -0.00450902495 0.056493178 247.371155 0 274.844 0 680
1.35450243 1.39999998 -0.00481622997 0.0526695587 249.122238 0 274.844 0 680
1.35185294 1.39999998 -0.00514253732 0.0486585014 250.990631 0 274.844 0 680
1.34903261 1.39999998 -0.00548871267 0.0444611721 252.993927 0 274.844 0 680
1.34603168 1.39999998 -0.0058553707 0.0400871933 255.12674 0 274.844 0 680
1.34284013 1.39999998 -0.00624299548 0.0355500914 257.370636 0 274.844 0 680
1.33944768 1.39999998 -0.00665204364 0.0308658443 259.711731 0 274.844 0 680
1.33584386 1.39999998 -0.0070829025 0.0260561407 262.086487 0 274.844 0 680
1.33201808 1.39999998 -0.00753580499 0.0211435556 264.378571 0 274.844 0 680
1.32795965 1.39999998 -0.00801090826 0.0161444787 266.529694 0 274.844 0 680
1.32365794 1.39999998 -0.00850820662 0.0110753663 268.594025 0 274.844 0 680
1.31910242 1.39999998 -0.00902754224 0.00595758716 270.654449 0 274.844 0 680
1.31428279 1.39999998 -0.00956875567 0.00081455952 272.749023 0 274.844 0 680
1.3091891 1.39999998 -0.0101315314 -0.00432957662 274.878204 0 274.844 0 680
1.30381191 1.39999998 -0.0107154633 -0.00945415907 277.058899 0 274.844 0 680
1.2981424 1.39999998 -0.0113201595 -0.0145432604 279.274719 0 274.844 0 680
1.29217256 1.39999998 -0.0119451271 -0.0195879024 281.484741 0 274.844 0 680
1.28589537 1.39999998 -0.0125898527 -0.0245894529 283.681854 0 274.844 0 680
1.27930496 1.39999998 -0.0132537844 -0.0295589678 285.884003 0 274.844 0 680
1.27239683 1.39999998 -0.0139363831 -0.0345204286 288.104248 0 274.844 0 680
1.265168 1.39999998 -0.0146371243 -0.0395093784 290.331085 0 274.844 0 680
1.25761725 1.39999998 -0.0153553291 -0.0445712134 292.57309 0 274.844 0 680
1.24974527 1.39999998 -0.0160901671 -0.0497568548 294.865173 0 274.844 0 680
1.24155483 1.39999998 -0.0168404871 -0.0551202334 297.224335 0 274.844 0 680
1.233051 1.39999998 -0.0176048205 -0.0607184432 299.679718 0 274.844 0 680
1.2242412 1.39999998 -0.0183812025 -0.0666045845 302.288116 0 274.844 0 680
1.21513537 1.39999998 -0.0191669901 -0.0728184134 305.114899 0 274.844 0 680
1.20574603 1.39999998 -0.0199587491 -0.0793804452 308.240601 0 274.844 0 680
1.19608831 1.39999998 -0.0207521929 -0.0862829611 311.693146 0 274.844 0 680
1.18617991 1.39999998 -0.0215421461 -0.0935017616 315.427734 0 274.844 0 680
1.17604112 1.39999998 -0.022322514 -0.100985467 319.429504 0 274.844 0 680
1.16569464 1.39999998 -0.0230863301 -0.108647794 323.715607 0 274.844 0 680
1.15516543 1.39999998 -0.0238260383 -0.11638163 328.266693 0 274.844 0 680
1.14448054 1.39999998 -0.0245337085 -0.124054462 333.039368 0 274.844 0 680
1.13366881 1.39999998 -0.0252012651 -0.131510794 337.947052 0 274.844 0 680
1.12276058 1.39999998 -0.0258207987 -0.138591394 342.893707 0 274.844 0 680
1.11178736 1.39999998 -0.026385152 -0.14515318 347.834625 0 274.844 0 680
1.10078145 1.39999998 -0.0268881867 -0.151065841 352.740692 0 274.844 0 680
1.08977553 1.39999998 -0.0273249418 -0.15621686 357.583527 0 274.844 0 680
1.07880231 1.39999998 -0.0276918902 -0.160519928 362.349518 0 274.844 0 680
1.06789408 1.39999998 -0.0279870664 -0.163928181 367.023376 0 274.844 0 680
1.05708235 1.39999998 -0.0282103146 -0.166460752 371.586853 0 274.844 0 680
1.04639746 1.39999998 -0.0283631831 -0.168172762 376.040863 0 274.844 0 680
1.03586825 1.39999998 -0.0284480766 -0.16911374 380.388153 0 274.844 0 680
1.02552177 1.39999998 -0.0284687292 -0.169380069 384.631653 0 274.844 0 680
1.01538298 1.39999998 -0.0284299182 -0.169117883 388.783875 0 274.844 0 680
1.00547459 1.39999998 -0.0283368423 -0.168458283 392.860077 0 274.844 0 680
0.995816857 1.39999998 -0.0281949055 -0.16752024 396.889954 0 274.844 0 680
0.986427518 1.39999998 -0.0280095661 -0.166419894 400.903351 0 274.844 0 680
0.977321692 1.39999998 -0.0277861853 -0.165256739 404.938416 0 274.844 0 680
0.968511893 1.39999998 -0.0275297066 -0.16410777 409.043732 0 274.844 0 680
0.960008059 1.39999998 -0.0272446126 -0.163018942 413.250275 0 274.844 0 680
0.951817626 1.39999998 -0.0269348821 -0.162021622 417.584412 0 274.844 0 680
0.943945639 1.39999998 -0.026604136 -0.161121979 422.062164 0 274.844 0 680
0.936394887 1.39999998 -0.0262554007 -0.160307854 426.696045 0 274.844 0 680
0.92916606 1.39999998 -0.0258914527 -0.159550235 431.48584 0 274.844 0 680
0.922257927 1.39999998 -0.0255145317 -0.158801153 436.420685 8.27497024e-06 274.841 0 680
0.915667521 1.39999998 -0.0251267806 -0.158017635 441.497711 0.000134438204 274.792 0 680
0.909390331 1.39999998 -0.0247300376 -0.157144144 446.721863 0.000270836405 274.741 0 680
0.903420493 1.39999998 -0.0243260438 -0.156141981 452.13736 0.00041339593 274.689 0 680
0.897750981 1.39999998 -0.0239165132 -0.154964745 457.75296 0.000879622006 274.518 0 680
0.892373788 1.39999998 -0.0235028488 -0.153555393 463.51651 0.00155179144 274.277 0 680
0.887280103 1.39999998 -0.0230865775 -0.151890188 469.3797 0.00225218362 274.031 0 680
0.882460472 1.39999998 -0.0226692108 -0.149957925 475.285797 0.00297720986 273.784 0 680
0.877904951 1.39999998 -0.0222520981 -0.147753552 481.197052 0.00466044294 273.206 0 680
0.873603241 1.39999998 -0.0218366534 -0.145301655 487.102722 0.006583401 273.15 0.228059828 680
0.869544815 1.39999998 -0.0214241955 -0.142631084 492.969177 0.00854767393 273.15 0.373881698 680
0.865719028 1.39999998 -0.0210158945 -0.139775351 498.760254 0.010539596 273.15 0.466327399 680
0.862115212 1.39999998 -0.0206129239 -0.136805594 504.456665 0.0125328442 273.15 0.529464364 680
0.858722763 1.39999998 -0.0202164017 -0.133804113 510.046356 0.0157869272 273.15 0.600466132 680
0.855531212 1.39999998 -0.0198273625 -0.13088125 515.550232 0.0191683434 273.15 0.648857653 680
0.852530284 1.39999998 -0.019446742 -0.128153533 521.011902 0.0225342624 273.15 0.837075651 680
0.84970995 1.39999998 -0.0190751836 -0.125719398 526.465698 0.0258952398 273.15 0.558697343 680
0.847060465 1.39999998 -0.018713165 -0.123681381 531.8797 0.0292253513 273.15 0.346375734 680
0.844572403 1.39999998 -0.0183612004 -0.122265652 537.239441 0.0324350521 273.15 0.248705342 680
0.842236679 1.39999998 -0.0180201935 -0.121829517 542.679382 0.0354303308 273.15 0.192501053 680
0.840044568 1.39999998 -0.0176910194 -0.122808911 548.711548 0.0382466726 273.15 0.156142101 680
0.837987712 1.39999998 -0.0173739689 -0.12547946 555.802856 0.0419546254 273.15 0.130985007 680
0.836058133 1.39999998 -0.0170675003 -0.129753068 564.217468 0.0464571789 273.15 0.112810604 680
0.834248231 1.39999998 -0.0167699899 -0.135620967 575.001831 0.0517551415 273.15 0.0993950963 680
0.832550782 1.39999998 -0.0164797193 -0.142787695 588.839294 0.0585531592 273.15 0.0893996805 680
0.830958934 1.39999998 -0.0161926956 -0.150367901 605.533081 0.0674459115 273.15 0.0818053335 680
0.829466203 1.39999998 -0.0159056597 -0.157576114 624.973999 0.0782605708 273.15 0.0747465342 680
0.828066458 1.39999998 -0.0156163719 -0.163693786 646.586243 0.0910382643 273.15 0.0690102801 680
0.826753915 1.39999998 -0.0153222744 -0.167779028 669.45929 0.107063904 273.15 0.0643996149 680
0.825523125 1.39999998 -0.015021839 -0.169104114 693.015686 0.125252515 273.15 0.0606703199 680
0.824368957 1.39999998 -0.014714408 -0.167121589 716.773987 0.144944161 273.15 0.0576177612 680
0.82328659 1.39999998 -0.0143993456 -0.16128765 740.252808 0.16588968 273.15 0.0550979413 680
0.822271494 1.39999998 -0.01407672 -0.151455149 763.173157 0.187592581 273.15 0.0529908426 680
0.821319422 1.39999998 -0.0137470613 -0.137501433 784.864868 0.209962219 273.15 0.0511929318 680
0.820426391 1.39999998 -0.013410687 -0.119310752 803.985413 0.233288512 273.15 0.0496032648 680
0.819588671 1.39999998 -0.0130683278 -0.0971818268 820.07666 0.256646216 273.15 0.0481639877 680
0.81880277 1.39999998 -0.012720973 -0.0714106783 833.549011 0.279849738 273.15 0.0468771383 680
0.818065422 1.39999998 -0.0123693213 -0.0422553271 844.278076 0.302767813 273.15 0.0457246602 680
0.817373574 1.39999998 -0.0120143095 -0.0102918753 852.361938 0.325070679 273.15 0.044690188 680
0.816724374 1.39999998 -0.0116570561 0.023856163 858.025085 0.346627712 273.15 0.0437659323 680
0.816115158 1.39999998 -0.0112984818 0.0596504509 861.448669 0.367352158 273.15 0.0429465473 680
0.815543439 1.39999998 -0.0109396218 0.0963919014 863.298096 0.387108147 273.15 0.0422420017 680
0.815006896 1.39999998 -0.0105814793 0.133645758 863.875977 0.406103492 273.15 0.0416617282 680
0.814503365 1.39999998 -0.010224381 0.171285376 863.088806 0.424502045 273.15 0.0411902294 680
0.81403083 1.39999998 -0.00986874982 0.209004387 860.883118 0.442111909 273.15 0.0404970944 680
0.81358741 1.39999998 -0.00951522067 0.246455953 857.303345 0.458858728 273.15 0.039908994 680
0.813171351 1.39999998 -0.0091642777 0.283316076 852.570923 0.474722415 273.15 0.0394260474 680
0.812781025 1.39999998 -0.00881652927 0.319191068 847.220032 0.489632457 273.15 0.0390579775 680
0.81241491 1.39999998 -0.00847259752 0.353885263 841.646362 0.503804207 273.15 0.0388318002 680
0.812071593 1.39999998 -0.00813247502 0.387406439 835.670044 0.517404497 273.15 0.038751144 680
0.81174976 1.39999998 -0.00779628038 0.419633448 829.411377 0.530323386 273.15 0.0388116315 680
0.811448188 1.39999998 -0.00746427898 0.450496376 822.924438 0.542661071 273.15 0.0390301794 680
0.811165739 1.39999998 -0.00713625653 0.479999781 816.120544 0.554479063 273.15 0.0394182056 680
0.810901359 1.39999998 -0.0068122607 0.508033633 809.039734 0.565649092 273.15 0.0399748608 680
0.810654067 1.39999998 -0.00649247495 0.534532905 801.774292 0.57625103 273.15 0.0407310538 680
0.810422955 1.39999998 -0.00617667025 0.559464931 794.491699 0.586297333 273.15 0.0417183749 680
0.810207178 1.39999998 -0.00586500493 0.582741141 787.291077 0.595715106 273.15 0.0429603718 680
0.810005956 1.39999998 -0.00555754961 0.604347944 780.279114 0.604626656 273.15 0.0445270985 680
0.809818568 1.39999998 -0.00525397896 0.624260902 773.805847 0.613010645 273.15 0.0464909635 680
0.809644345 1.39999998 -0.00495449175 0.642477334 767.828491 0.620923758 273.15 0.0489582606 680
0.809482672 1.39999998 -0.00465840745 0.65904814 761.696838 0.628526568 273.15 0.0520889573 680
0.809332982 1.39999998 -0.00436490291 0.673935056 755.256592 0.635623693 273.15 0.0560132526 680
0.809194754 1.39999998 -0.0040742351 0.687026381 749.253906 0.641978204 273.15 0.0609224141 680
0.809067508 1.39999998 -0.00378722306 0.698241889 744.87262 0.647532105 273.15 0.0671731159 680
0.808950808 1.39999998 -0.00350516967 0.707606018 741.977844 0.652676463 273.15 0.0756193921 680
0.808844255 1.39999998 -0.00322562095 0.715221643 738.508484 0.657824397 273.15 0.0877496153 680
0.808747487 1.39999998 -0.0029448664 0.720997453 733.861877 0.662545025 273.15 0.105371498 680
0.808660178 1.39999998 -0.00266543859 0.724847317 730.905029 0.666147649 273.15 0.131956264 680
0.808582034 1.39999998 -0.00239655561 0.726909935 732.671448 0.66866225 273.15 0.179520994 680
0.808512795 1.39999998 -0.00213753788 0.727163196 739.564026 0.670488715 273.15 0.188611716 680
0.808452229 1.39999998 -0.00185971017 0.725444734 742.031189 0.670704544 273.15 0.14045769 680
0.808400135 1.39999998 -0.00156451687 0.722025573 740.877808 0.670108795 273.15 0.106478468 680
0.808356343 1.39999998 -0.00131799359 0.717024207 752.51239 0.672319293 273.15 0.0818136632 680
0.808320707 1.39999998 -0.00110087385 0.708583295 772.59259 0.677495897 273.15 0.0804365426 680
0.808293111 1.39999998 -0.000753954537 0.697663426 776.672913 0.682715356 273.15 0.0816558599 680
0.808273463 1.39999998 -0.000359871441 0.684798181 780.707581 0.685523272 273.15 0.065672189 680
0.808261701 1.39999998 -9.13443914e-05 0.672553241 798.078552 0.68545413 273.15 0.0373722017 680
0.808257784 1.39999998 0 0.660983324 830.653748 0.680220366 273.15 0.0199940354 680
0.808261701 1.39999998 9.13443914e-05 0.651031196 807.359497 0.674785793 273.15 0.0341758057 680
0.808273463 1.39999998 0.000359871441 0.635924697 810.346191 0.673282623 273.15 0.0527322553 680
0.808293111 1.39999998 0.000753954537 0.613347411 842.055969 0.670757771 273.15 0.054341618 680
0.808320707 1.39999998 0.00110087385 0.585320652 878.427551 0.66195339 273.15 0.041666545 680
0.808356343 1.39999998 0.00131799359 0.559173465 871.06366 0.653600335 273.15 0.0331913643 680
0.808400135 1.39999998 0.00156451687 0.539272964 864.400574 0.652394176 273.15 0.0360114537 680
0.808452229 1.39999998 0.00185971017 0.512718499 896.558533 0.64823693 273.15 0.0371407345 680
0.808512795 1.39999998 0.00213753788 0.482182056 926.063782 0.638242722 273.15 0.0345909894 680
0.808582034 1.39999998 0.00239655561 0.453183532 928.973816 0.629709721 273.15 0.032995332 680
0.808660178 1.39999998 0.00266543859 0.424779654 929.930725 0.624124229 273.15 0.0330311283 680
0.808747487 1.39999998 0.0029448664 0.393039495 943.330872 0.617126822 273.15 0.0330468938 680
0.808844255 1.39999998 0.00322562095 0.359186053 958.570801 0.60779655 273.15 0.0326287486 680
0.808950808 1.39999998 0.00350516967 0.324678272 968.817566 0.598017335 273.15 0.0322415903 680
0.809067508 1.39999998 0.00378722306 0.289758325 976.070801 0.588916481 273.15 0.0321597531 680
0.809194754 1.39999998 0.0040742351 0.253280133 985.150696 0.579600334 273.15 0.0322644562 680
0.809332982 1.39999998 0.00436490291 0.215166777 995.837646 0.569272101 273.15 0.0324013308 680
0.809482672 1.39999998 0.00465840745 0.175947413 1005.78955 0.558079123 273.15 0.0325586163 680
0.809644345 1.39999998 0.00495449175 0.136072919 1013.85114 0.546455026 273.15 0.0327766277 680
0.809818568 1.39999998 0.00525397896 0.0955523103 1020.69836 0.534724236 273.15 0.0331119597 680
0.810005956 1.39999998 0.00555754961 0.0540528037 1027.48022 0.522592425 273.15 0.0335550196 680
0.810207178 1.39999998 0.00586500493 0.0115798153 1034.22266 0.509952247 273.15 0.0340958685 680
0.810422955 1.39999998 0.00617667025 -0.0318417102 1040.88782 0.496840656 273.15 0.0347454846 680
0.810654067 1.39999998 0.00649247495 -0.0762058273 1047.0033 0.483065218 273.15 0.0354791656 680
0.810901359 1.39999998 0.0068122607 -0.121244766 1052.26465 0.468740046 273.15 0.036307022 680
0.811165739 1.39999998 0.00713625653 -0.166917622 1056.97412 0.453850716 273.15 0.0371698216 680
0.811448188 1.39999998 0.00746427898 -0.213101417 1060.849 0.438278347 273.15 0.0379982702 680
0.81174976 1.39999998 0.00779628038 -0.259554029 1063.77979 0.422211558 273.15 0.0389385074 680
0.812071593 1.39999998 0.00813247502 -0.306347609 1066.13074 0.40556106 273.15 0.0400069393 680
0.81241491 1.39999998 0.00847259752 -0.353379846 1067.77356 0.388186276 273.15 0.041205205 680
0.812781025 1.39999998 0.00881652927 -0.400415957 1068.49341 0.370240688 273.15 0.0425540842 680
0.813171351 1.39999998 0.0091642777 -0.447505027 1068.69482 0.351498425 273.15 0.0440753698 680
0.81358741 1.39999998 0.00951522067 -0.494278371 1067.82776 0.331677556 273.15 0.0457613133 680
0.81403083 1.39999998 0.00986874982 -0.539972782 1064.90161 0.310882151 273.15 0.0476116464 680
0.814503365 1.39999998 0.010224381 -0.584028244 1059.91003 0.289158672 273.15 0.0496603101 680
0.815006896 1.39999998 0.0105814793 -0.625846267 1052.73755 0.266629457 273.15 0.0519456752 680
0.815543439 1.39999998 0.0109396218 -0.66498059 1043.45093 0.244047508 273.15 0.054534357 680
0.816115158 1.39999998 0.0112984818 -0.701330483 1032.42468 0.220946267 273.15 0.057481207 680
0.816724374 1.39999998 0.0116570561 -0.734326482 1019.19049 0.19682622 273.15 0.060831815 680
0.817373574 1.39999998 0.0120143095 -0.762916684 1003.10669 0.171914712 273.15 0.0646721721 680
0.818065422 1.39999998 0.0123693213 -0.786480725 983.684753 0.146287814 273.15 0.0691110492 680
0.81880277 1.39999998 0.012720973 -0.804048359 959.634338 0.120884605 273.15 0.0742451549 680
0.819588671 1.39999998 0.0130683278 -0.815113842 930.886353 0.097609289 273.15 0.0802918822 680
0.820426391 1.39999998 0.013410687 -0.819828868 899.840454 0.074311845 273.15 0.0876955241 680
0.821319422 1.39999998 0.0137470613 -0.817695439 867.263977 0.052520413 273.15 0.0971216038 680
0.822271494 1.39999998 0.01407672 -0.809052467 833.335022 0.035893701 273.15 0.109463654 680
0.82328659 1.39999998 0.0143993456 -0.794766366 798.917603 0.020428095 273.15 0.126165554 680
0.824368957 1.39999998 0.014714408 -0.775232852 764.330627 0.0114791188 273.15 0.149750233 680
0.825523125 1.39999998 0.015021839 -0.751116812 730.355286 0.00453214673 273.15 0.185027331 680
0.826753915 1.39999998 0.0153222744 -0.723572075 697.717529 0.00189358345 273.15 0.242365688 680
0.828066458 1.39999998 0.0156163719 -0.693609059 667.071045 0.00050681096 273.15 0.349681228 680
0.829466203 1.39999998 0.0159056597 -0.662285209 639.172485 7.54193461e-05 273.15 0.616169453 680
0.830958934 1.39999998 0.0161926956 -0.630888164 614.88501 0 273.15 0.808166206 680
0.832550782 1.39999998 0.0164797193 -0.600298822 594.631714 0 274.844 0 680
0.834248231 1.39999998 0.0167699899 -0.571310103 578.368347 0 274.844 0 680
0.836058133 1.39999998 0.0170675003 -0.544721186 566.079468 0 274.844 0 680
0.837987712 1.39999998 0.0173739689 -0.520745814 556.878296 0 274.844 0 680
0.840044568 1.39999998 0.0176910194 -0.499317676 549.649231 0 274.844 0 680
0.842236679 1.39999998 0.0180201935 -0.480391622 543.965576 0 274.844 0 680
0.844572403 1.39999998 0.0183612004 -0.463670284 539.160645 0 274.844 0 680
0.847060465 1.39999998 0.018713165 -0.448695213 534.596924 0 274.844 0 680
0.84970995 1.39999998 0.0190751836 -0.435052663 530.032959 0 274.844 0 680
0.852530284 1.39999998 0.019446742 -0.422469884 525.386719 0 274.844 0 680
0.855531212 1.39999998 0.0198273625 -0.410781175 520.631226 0 274.844 0 680
0.858722763 1.39999998 0.0202164017 -0.399841636 515.699341 0 274.844 0 680
0.862115212 1.39999998 0.0206129239 -0.389496386 510.50528 0 274.844 0 680
0.865719028 1.39999998 0.0210158945 -0.379602224 505.017426 0 274.844 0 680
0.869544815 1.39999998 0.0214241955 -0.370046824 499.271515 0 274.844 0 680
0.873603241 1.39999998 0.0218366534 -0.360746622 493.293732 0 274.844 0 680
0.877904951 1.39999998 0.0222520981 -0.351653308 487.126709 0 274.844 0 680
0.882460472 1.39999998 0.0226692108 -0.342731982 480.817535 0 274.844 0 680
0.887280103 1.39999998 0.0230865775 -0.333958954 474.389465 0 274.844 0 680
0.892373788 1.39999998 0.0235028488 -0.325340182 467.901764 0 274.844 0 680
0.897750981 1.39999998 0.0239165132 -0.316892147 461.434814 0 274.844 0 680
0.903420493 1.39999998 0.0243260438 -0.308642387 455.052429 0 274.844 0 680
0.909390331 1.39999998 0.0247300376 -0.300649911 448.818146 0 274.844 0 680
0.915667521 1.39999998 0.0251267806 -0.292960525 442.741089 0 274.844 0 680
0.922257927 1.39999998 0.0255145317 -0.285609692 436.787048 0 274.844 0 680
0.92916606 1.39999998 0.0258914527 -0.278644681 430.953735 0 274.844 0 680
0.936394887 1.39999998 0.0262554007 -0.272096395 425.248474 0 274.844 0 680
0.943945639 1.39999998 0.026604136 -0.26599592 419.684021 0 274.844 0 680
0.951817626 1.39999998 0.0269348821 -0.26035139 414.26059 0 274.844 0 680
0.960008059 1.39999998 0.0272446126 -0.255150914 408.963989 0 274.844 0 680
0.968511893 1.39999998 0.0275297066 -0.250361294 403.775177 0 274.844 0 680
0.977321692 1.39999998 0.0277861853 -0.245922372 398.664612 0 274.844 0 680
0.986427518 1.39999998 0.0280095661 -0.241757125 393.596893 0 274.844 0 680
0.995816857 1.39999998 0.0281949055 -0.237759247 388.520325 0 274.844 0 680
1.00547459 1.39999998 0.0283368423 -0.233796552 383.392609 0 274.844 0 680
1.01538298 1.39999998 0.0284299182 -0.22972396 378.182281 0 274.844 0 680
1.02552177 1.39999998 0.0284687292 -0.225397527 372.857727 0 274.844 0 680
1.03586825 1.39999998 0.0284480766 -0.220669821 367.395477 0 274.844 0 680
1.04639746 1.39999998 0.0283631831 -0.215396717 361.789612 0 274.844 0 680
1.05708235 1.39999998 0.0282103146 -0.209463194 356.039978 0 274.844 0 680
1.06789408 1.39999998 0.0279870664 -0.202814355 350.140869 0 274.844 0 680
1.07880231 1.39999998 0.0276918902 -0.195407078 344.10202 0 274.844 0 680
1.08977553 1.39999998 0.0273249418 -0.187232167 337.94986 0 274.844 0 680
1.10078145 1.39999998 0.0268881867 -0.178354859 331.713531 0 274.844 0 680
1.11178736 1.39999998 0.026385152 -0.168875575 325.422943 0 274.844 0 680
1.12276058 1.39999998 0.0258207987 -0.158922747 319.111359 0 274.844 0 680
1.13366881 1.39999998 0.0252012651 -0.148642153 312.817474 0 274.844 0 680
1.14448054 1.39999998 0.0245337085 -0.138190657 306.599976 0 274.844 0 680
1.15516543 1.39999998 0.0238260383 -0.127733648 300.554932 0 274.844 0 680
1.16569464 1.39999998 0.0230863301 -0.117423259 294.763275 0 274.844 0 680
1.17604112 1.39999998 0.022322514 -0.10738194 289.259186 0 274.844 0 680
1.18617991 1.39999998 0.0215421461 -0.0977038667 284.063965 0 274.844 0 680
1.19608831 1.39999998 0.0207521929 -0.0884614587 279.165314 0 274.844 0 680
1.20574603 1.39999998 0.0199587491 -0.0796941444 274.588531 0 274.844 0 680
1.21513537 1.39999998 0.0191669901 -0.0714152753 270.38443 0 274.844 0 680
1.2242412 1.39999998 0.0183812025 -0.0636194944 266.512695 0 274.844 0 680
1.233051 1.39999998 0.0176048205 -0.0562731251 262.882111 0 274.844 0 680
1.24155483 1.39999998 0.0168404871 -0.0493270978 259.444977 0 274.844 0 680
1.24974527 1.39999998 0.0160901671 -0.0427227877 256.145996 0 274.844 0 680
1.25761725 1.39999998 0.0153553291 -0.0363998748 252.944946 0 274.844 0 680
1.265168 1.39999998 0.0146371243 -0.0303041544 249.847076 0 274.844 0 680
1.27239683 1.39999998 0.0139363831 -0.0243870057 246.827194 0 274.844 0 680
1.27930496 1.39999998 0.0132537844 -0.0186060015 243.880005 0 274.844 0 680
1.28589537 1.39999998 0.0125898527 -0.0129277389 241.001617 0 274.844 0 680
1.29217256 1.39999998 0.0119451271 -0.00732905231 238.186005 0 274.844 0 680
1.2981424 1.39999998 0.0113201595 -0.00179908006 235.440109 0 274.844 0 680
1.30381191 1.39999998 0.0107154633 0.00366383395 232.789505 0 274.844 0 680
1.3091891 1.39999998 0.0101315314 0.00905394927 230.249954 0 274.844 0 680
1.31428279 1.39999998 0.00956875567 0.0143617298 227.81926 0 274.844 0 680
1.31910242 1.39999998 0.00902754224 0.019572895 225.491653 0 274.844 0 680
1.32365794 1.39999998 0.00850820662 0.0246722139 223.231293 0 274.844 0 680
1.32795965 1.39999998 0.00801090826 0.0296473075 220.984268 0 274.844 0 680
1.33201808 1.39999998 0.00753580499 0.0344856977 218.709839 0 274.844 0 680
1.33584386 1.39999998 0.0070829025 0.0391763784 216.401962 0 274.844 0 680
1.33944768 1.39999998 0.00665204364 0.0437092893 214.108459 0 274.844 0 680
1.34284013 1.39999998 0.00624299548 0.0480720736 211.90802 0 274.844 0 680
1.34603168 1.39999998 0.0058553707 0.0522537641 209.835907 0 274.844 0 680
1.34903261 1.39999998 0.00548871267 0.0562478155 207.891129 0 274.844 0 680
1.35185294 1.39999998 0.00514253732 0.0600493662 206.081482 0 274.844 0 680
1.35450243 1.39999998 0.00481622997 0.0636562407 204.408463 0 274.844 0 680
1.35699049 1.39999998 0.00450902495 0.0670719594 202.856567 0 274.844 0 680
1.35932621 1.39999998 0.0042200644 0.0703047067 201.395432 0 274.844 0 680
1.36151832 1.39999998 0.00394850863 0.0733622313 200.008804 0 274.844 0 680
1.36357518 1.39999998 0.0036937756 0.0762450844 198.726898 0 274.844 0 680
1.36550476 1.39999998 0.00345530514 0.0789485648 197.594223 0 274.844 0 680
1.36731466 1.39999998 0.00323235141 0.0814730003 196.607986 0 274.844 0 680
1.36901211 1.39999998 0.00302380549 0.083830148 195.708496 0 274.844 0 680
1.37060396 1.39999998 0.00282857098 0.0860383511 194.843887 0 274.844 0 680
1.37209669 1.39999998 0.0026456648 0.0881140903 194.001312 0 274.844 0 680
1.37349643 1.39999998 0.00247420102 0.0900704265 193.17804 0 274.844 0 680
1.37480898 1.39999998 0.00231337732 0.0919180214 192.370544 0 274.844 0 680
1.37603977 1.39999998 0.0021624639 0.0936658233 191.578049 0 274.844 0 680
1.37719393 1.39999998 0.00202079418 0.0953213647 190.802002 0 274.844 0 680
1.3782763 1.39999998 0.00188775708 0.0968911499 190.041718 0 274.844 0 680
1.3792914 1.39999998 0.00176279059 0.0983809158 189.296661 0 274.844 0 680
1.38024347 1.39999998 0.00164537631 0.0997957736 188.566498 0 274.844 0 680
1.3811365 1.39999998 0.00153503495 0.10114032 187.850922 0 274.844 0 680
1.38197422 1.39999998 0.00143132239 0.102418743 187.149536 0 274.844 0 680
1.38276012 1.39999998 0.00133382637 0.103634857 186.461868 0 274.844 0 680
1.38349747 1.39999998 0.00124216368 0.10479217 185.787476 0 274.844 0 680
1.38418932 1.39999998 0.00115597763 0.105893932 185.125778 0 274.844 0 680
1.38483852 1.39999998 0.00107493591 0.106943198 184.476257 0 274.844 0 680
1.38544773 1.39999998 0.000998728693 0.107942767 183.838318 0 274.844 0 680
1.38601945 1.39999998 0.000927066921 0.108895361 183.211411 0 274.844 0 680
1.386556 1.39999998 0.000859680807 0.109803408 182.594864 0 274.844 0 680
1.38705953 1.39999998 0.000796318467 0.110669293 181.987839 0 274.844 0 680
1.38753206 1.39999998 0.000736744689 0.11149516 181.389496 0 274.844 0 680
1.38797548 1.39999998 0.000680739816 0.112283163 180.797729 0 274.844 0 680
1.38839154 1.39999998 0.00062809871 0.113035195 180.20932 0 274.844 0 680
1.38878187 1.39999998 0.00057862982 0.113753244 179.625809 0 274.844 0 680
1.38914798 1.39999998 0.000532154306 0.114438862 179.048935 0 274.844 0 680
1.3894913 1.39999998 0.00048850524 0.115093812 178.477051 0 274.844 0 680
1.38981313 1.39999998 0.000447526858 0.115719408 177.908798 0 274.844 0 680
1.3901147 1.39999998 0.000409073878 0.116317332 177.343262 0 274.844 0 680
1.39039715 1.39999998 0.000373011756 0.11688859 176.779541 0 274.844 0 680
1.39066153 1.39999998 0.000339217825 0.117434725 176.218903 0 274.844 0 680
1.39090882 1.39999998 0.000307577359 0.117956236 175.660889 0 274.844 0 680
1.39113994 1.39999998 0.000277982551 0.118454635 175.105621 0 274.844 0 680
1.39135571 1.39999998 0.000250332343 0.118930005 174.549896 0 274.844 0 680
1.39155693 1.39999998 0.00022453223 0.119384125 173.98877 0 274.844 0 680
1.39174432 1.39999998 0.000200494037 0.119816527 173.42131 0 274.844 0 680
1.39191855 1.39999998 0.000178135683 0.120229281 172.857162 0 274.844 0 680
1.39208022 1.39999998 0.000157380948 0.120620772 172.291779 0 274.844 0 680
1.39222991 1.39999998 0.000138159228 0.120993719 171.733765 0 274.844 0 680
1.39236814 1.39999998 0.0001204053 0.121344693 171.178009 0 274.844 0 680
1.39249538 1.39999998 0.000104059096 0.121677533 170.649231 0 274.844 0 680
1.39261208 1.39999998 8.90654788e-05 0.121985555 170.140244 0 274.844 0 680
1.39271864 1.39999998 7.53740356e-05 0.122274734 169.715805 0 274.844 0 680
1.3928154 1.39999998 6.29388822e-05 0.122531146 169.362732 0 274.844 0 680
1.39290271 1.39999998 5.17184793e-05 0.122767113 169.251022 0 274.844 0 680
1.39298086 1.39999998 4.16754642e-05 0.122953527 169.347488 0 274.844 0 680
1.3930501 1.39999998 3.27764961e-05 0.123115517 170.122345 0 274.844 0 680
1.39311066 1.39999998 2.49921167e-05 0.123198867 171.310562 0 274.844 0 680
1.39316276 1.39999998 1.82966255e-05 0.123249292 174.106705 0 274.844 0 680
1.39320655 1.39999998 1.26679699e-05 0.123171136 179.263397 0 274.844 0 680
1.39324218 1.39999998 8.08765014e-06 0.123007022 191.571823 0 274.844 0 680
1.39326978 1.39999998 4.54063884e-06 0.122646563 222.643768 0 274.844 0 680
1.39328943 1.39999998 2.01531594e-06 0.1217594 295.899048 0 274.844 0 680
1.39330119 1.39999998 5.03417604e-07 0.121102199 657.797424 0 274.844 0 680

ZONE T="SLICE_Y_0p10_BINS15_KS_1p0mm_CUTDATA"
1.02809322 0.100000001 0 0.129027799 1101.00537 0 274.844 0 680
1.02808673 0.100000001 -8.34969327e-07 0.129998401 499.240173 0 274.844 0 680
1.02806722 0.100000001 -3.34260658e-06 0.13018012 246.367538 0 274.844 0 680
1.02803463 0.100000001 -7.53111159e-06 0.130803242 203.13652 0 274.844 0 680
1.02798886 0.100000001 -1.34141908e-05 0.130905807 189.527954 0 274.844 0 680
1.02792975 0.100000001 -2.10111173e-05 0.130800158 185.347458 0 274.844 0 680
1.02785712 0.100000001 -3.03468154e-05 0.130647242 184.631805 0 274.844 0 680
1.02777072 0.100000001 -4.14519688e-05 0.130344406 184.488708 0 274.844 0 680
1.02767026 0.100000001 -5.43631542e-05 0.130048618 185.051331 0 274.844 0 680
1.02755542 0.100000001 -6.91229984e-05 0.129681841 185.596725 0 274.844 0 680
1.02742581 0.100000001 -8.5780361e-05 0.129307806 186.330719 0 274.844 0 680
1.027281 0.100000001 -0.000104390541 0.128883675 186.983154 0 274.844 0 680
1.0271205 0.100000001 -0.000125015508 0.128449187 187.668091 0 274.844 0 680
1.02694377 0.100000001 -0.00014772416 0.12797685 188.29837 0 274.844 0 680
1.02675021 0.100000001 -0.0001725926 0.12748757 188.932709 0 274.844 0 680
1.02653916 0.100000001 -0.000199704443 0.126966611 189.539429 0 274.844 0 680
1.0263099 0.100000001 -0.000229151139 0.126423568 190.141922 0 274.844 0 680
1.02606162 0.100000001 -0.000261032318 0.125850618 190.730255 0 274.844 0 680
1.02579347 0.100000001 -0.000295456158 0.125251845 191.315704 0 274.844 0 680
1.0255045 0.100000001 -0.000332539763 0.124622509 191.894455 0 274.844 0 680
1.0251937 0.100000001 -0.000372409553 0.123964198 192.470169 0 274.844 0 680
1.02485995 0.100000001 -0.000415201666 0.123273849 193.043976 0 274.844 0 680
1.02450207 0.100000001 -0.000461062349 0.122551851 193.621338 0 274.844 0 680
1.02411874 0.100000001 -0.00051014835 0.121795721 194.201508 0 274.844 0 680
1.02370858 0.100000001 -0.000562627283 0.121005148 194.786514 0 274.844 0 680
1.02327008 0.100000001 -0.000618677956 0.120178021 195.378128 0 274.844 0 680
1.02280161 0.100000001 -0.000678490655 0.119313695 195.977249 0 274.844 0 680
1.02230142 0.100000001 -0.000742268836 0.118410081 196.582382 0 274.844 0 680
1.02176763 0.100000001 -0.000810235652 0.117465675 197.193878 0 274.844 0 680
1.02119821 0.100000001 -0.000882632071 0.116478138 197.812866 0 274.844 0 680
1.02059097 0.100000001 -0.000959716441 0.115445636 198.440628 0 274.844 0 680
1.01994357 0.100000001 -0.00104176563 0.114365712 199.077957 0 274.844 0 680
1.0192535 0.100000001 -0.00112907626 0.113236204 199.725754 0 274.844 0 680
1.01851804 0.100000001 -0.00122196604 0.112054452 200.384903 0 274.844 0 680
1.01773429 0.100000001 -0.00132077521 0.110817969 201.055939 0 274.844 0 680
1.01689913 0.100000001 -0.0014258681 0.10952384 201.738556 0 274.844 0 680
1.01600922 0.100000001 -0.00153763483 0.108169191 202.433884 0 274.844 0 680
1.01506097 0.100000001 -0.00165649317 0.106750831 203.143372 0 274.844 0 680
1.01405052 0.100000001 -0.0017828906 0.105265446 203.867905 0 274.844 0 680
1.01297376 0.100000001 -0.00191730653 0.103709616 204.608139 0 274.844 0 680
1.01182626 0.100000001 -0.00206025487 0.102079548 205.364365 0 274.844 0 680
1.01060329 0.100000001 -0.00221228677 0.100371301 206.137238 0 274.844 0 680
1.00929979 0.100000001 -0.00237399384 0.0985807329 206.927017 0 274.844 0 680
1.00791035 0.100000001 -0.00254601168 0.0967030972 207.73407 0 274.844 0 680
1.00642917 0.100000001 -0.00272902406 0.0947336853 208.558884 0 274.844 0 680
1.00485006 0.100000001 -0.00292376758 0.0926669762 209.40152 0 274.844 0 680
1.00316642 0.100000001 -0.00313103723 0.0904972404 210.262131 0 274.844 0 680
1.0013712 0.100000001 -0.00335169279 0.08821778 211.141312 0 274.844 0 680
0.999456897 0.100000001 -0.00358666644 0.0858214721 212.039795 0 274.844 0 680
0.997415507 0.100000001 -0.0038369717 0.0832995847 212.957748 0 274.844 0 680
0.995238522 0.100000001 -0.00410371417 0.080642432 213.89534 0 274.844 0 680
0.992916902 0.100000001 -0.00438810431 0.0778380409 214.851593 0 274.844 0 680
0.990441055 0.100000001 -0.00469147282 0.074872151 215.826279 0 274.844 0 680
0.987800814 0.100000001 -0.00501528913 0.0717262402 216.823898 0 274.844 0 680
0.984985421 0.100000001 -0.00536118375 0.0683770999 217.849304 0 274.844 0 680
0.981983514 0.100000001 -0.00573097521 0.0647931248 218.953568 0 274.844 0 680
0.978783111 0.100000001 -0.00612650272 0.0609568283 220.191452 0 274.844 0 680
0.975371607 0.100000001 -0.00654900337 0.0568759367 221.563385 0 274.844 0 680
0.971735767 0.100000001 -0.00699940625 0.0525698327 223.032455 0 274.844 0 680
0.967861732 0.100000001 -0.00747867674 0.0480472259 224.579483 0 274.844 0 680
0.963735028 0.100000001 -0.00798820752 0.0433030352 226.229477 0 274.844 0 680
0.959340588 0.100000001 -0.00852942146 0.0383358598 227.876144 0 274.844 0 680
0.954662776 0.100000001 -0.00910358851 0.0331487767 229.365463 0 274.844 0 680
0.949685431 0.100000001 -0.00971172817 0.0277491361 230.618301 0 274.844 0 680
0.944391919 0.100000001 -0.0103546433 0.0221465193 231.743378 0 274.844 0 680
0.938765198 0.100000001 -0.0110330913 0.016358681 232.814026 0 274.844 0 680
0.932787903 0.100000001 -0.0117477146 0.0103976009 233.845291 0 274.844 0 680
0.926442445 0.100000001 -0.0124988995 0.00427066023 235.312057 0 274.844 0 680
0.919711133 0.100000001 -0.0132869066 -0.00200261432 238.040787 0 274.844 0 680
0.912576309 0.100000001 -0.0141117265 -0.00833919551 241.526962 0 274.844 0 680
0.905020513 0.100000001 -0.0149730975 -0.0146553023 244.262817 0 274.844 0 680
0.897026665 0.100000001 -0.015870755 -0.0209481716 246.313354 0 274.844 0 680
0.88857827 0.100000001 -0.0168041758 -0.0272113252 248.344589 0 274.844 0 680
0.879659649 0.100000001 -0.0177726863 -0.0334152468 250.403091 0 274.844 0 680
0.870256186 0.100000001 -0.0187756365 -0.0395335518 252.495514 0 274.844 0 680
0.860354602 0.100000001 -0.0198122088 -0.0455506146 254.604126 0 274.844 0 680
0.849943243 0.100000001 -0.0208815518 -0.0514611267 256.690399 0 274.844 0 680
0.839012385 0.100000001 -0.0219827501 -0.0572673157 258.744446 0 274.844 0 680
0.827554543 0.100000001 -0.0231149096 -0.0629903898 260.785187 0 274.844 0 680
0.815564798 0.100000001 -0.0242771602 -0.0686639249 262.82074 0 274.844 0 680
0.803041106 0.100000001 -0.025468376 -0.074330546 264.870117 0 274.844 0 680
0.789984616 0.100000001 -0.0266871795 -0.0800373256 266.958557 0 274.844 0 680
0.77639995 0.100000001 -0.0279316616 -0.0858327895 269.115021 0 274.844 0 680
0.762295475 0.100000001 -0.0291993863 -0.0917645022 271.380035 0 274.844 0 680
0.747683526 0.100000001 -0.0304870948 -0.0978692248 273.757324 0 274.844 0 680
0.732580587 0.100000001 -0.0317904036 -0.104167588 276.203247 0 274.844 0 680
0.717007413 0.100000001 -0.0331036165 -0.110663548 278.672241 0 274.844 0 680
0.700989088 0.100000001 -0.0344196238 -0.117344394 281.143707 0 274.844 0 680
0.684555011 0.100000001 -0.0357298415 -0.1241787 283.717072 0 274.844 0 680
0.667738796 0.100000001 -0.037024161 -0.131096497 286.601288 0 274.844 0 680
0.650578095 0.100000001 -0.0382910279 -0.13797991 289.915436 0 274.844 0 680
0.633114333 0.100000001 -0.0395179091 -0.144680485 293.655945 0 274.844 0 680
0.615392355 0.100000001 -0.0406916523 -0.151028976 297.734955 0 274.844 0 680
0.59746 0.100000001 -0.0417988628 -0.15684253 302.018677 0 274.844 0 680
0.579367595 0.100000001 -0.0428264223 -0.161931142 306.392761 0 274.844 0 680
0.561167393 0.100000001 -0.0437624597 -0.166150436 310.76712 0 274.844 0 680
0.542912961 0.100000001 -0.0445967938 -0.169357032 315.062286 0 274.844 0 680
0.52465853 0.100000001 -0.0453211967 -0.171457753 319.221588 0 274.844 0 680
0.506458328 0.100000001 -0.0459298179 -0.17237018 323.185944 0 274.844 0 680
0.488365923 0.100000001 -0.0464193978 -0.172073007 326.90506 0 274.844 0 680
0.470433568 0.100000001 -0.0467896775 -0.170676231 330.386627 0 274.844 0 680
0.45271159 0.100000001 -0.0470432255 -0.168258846 333.657257 0 274.844 0 680
0.435247828 0.100000001 -0.04718403 -0.164899677 336.706299 0 274.844 0 680
0.418087127 0.100000001 -0.0472182845 -0.160746902 339.541656 0 274.844 0 680
0.401270912 0.100000001 -0.0471539124 -0.155990481 342.218842 0 274.844 0 680
0.384836835 0.100000001 -0.0469995367 -0.15079999 344.794464 0 274.844 0 680
0.36881851 0.100000001 -0.04676412 -0.145330116 347.3255 0 274.844 0 680
0.353245336 0.100000001 -0.0464567158 -0.139728338 349.868347 0 274.844 0 680
0.338142397 0.100000001 -0.0460862159 -0.134123981 352.483093 0 274.844 0 680
0.323530448 0.100000001 -0.04566082 -0.128616482 355.219208 0 274.844 0 680
0.309425973 0.100000001 -0.0451879625 -0.123273209 358.117523 0 274.844 0 680
0.295841307 0.100000001 -0.0446742429 -0.118144967 361.228882 0 274.844 0 680
0.282784817 0.100000001 -0.0441256669 -0.11325065 364.591675 0 274.844 0 680
0.270261125 0.100000001 -0.043547254 -0.108589195 368.200073 0 274.844 0 680
0.25827138 0.100000001 -0.0429436092 -0.104145758 372.062378 0 274.844 0 680
0.246813538 0.100000001 -0.0423184473 -0.0998846143 376.198883 0 274.844 0 680
0.23588268 0.100000001 -0.0416753227 -0.0957750008 380.566925 0 274.844 0 680
0.225471321 0.100000001 -0.041017284 -0.091769971 385.103302 0 274.844 0 680
0.215569737 0.100000001 -0.0403472192 -0.0878425241 389.754974 0 274.844 0 680
0.206166274 0.100000001 -0.039667971 -0.0839625075 394.458191 0 274.844 0 680
0.197247653 0.100000001 -0.0389818665 -0.0800888091 399.175537 0 274.844 0 680
0.188799258 0.100000001 -0.0382914381 -0.0762115493 403.874969 0 274.844 0 680
0.180805409 0.100000001 -0.0375991931 -0.0723253936 408.521393 0 274.844 0 680
0.173249614 0.100000001 -0.0369073692 -0.0684310719 413.135498 0 274.844 0 680
0.16611479 0.100000001 -0.0362183119 -0.0645490363 417.759735 1.85760855e-05 274.836 0 680
0.159383478 0.100000001 -0.0355342085 -0.060695421 422.384735 6.57252313e-05 274.818 0 680
0.15303802 0.100000001 -0.0348569996 -0.0568947494 426.976624 0.000115189585 274.798 0 680
0.147060725 0.100000001 -0.034188632 -0.0531876571 431.499817 0.000239308152 274.75 0 680
0.141434004 0.100000001 -0.0335309596 -0.0496289842 435.91098 0.000382121711 274.695 0 680
0.136140492 0.100000001 -0.0328856984 -0.046272859 440.13028 0.000597020902 274.614 0 680
0.131163147 0.100000001 -0.0322544005 -0.0431669839 443.268036 0.000901829393 274.499 0 680
0.126485335 0.100000001 -0.0316381332 -0.0406212881 444.563538 0.00121887564 274.379 0 680
0.122090895 0.100000001 -0.0310376885 -0.03894547 445.976501 0.00177554321 274.121 0.0443067104 680
0.117964191 0.100000001 -0.0304539194 -0.0380820744 451.04895 0.00232231314 273.15 0.828977287 680
0.114090156 0.100000001 -0.0298883247 -0.0380878896 458.58606 0.00284228404 273.15 0.449802697 680
0.110454316 0.100000001 -0.0293423559 -0.0394904055 464.635223 0.00359664159 273.15 0.286831617 680
0.107042811 0.100000001 -0.0288164955 -0.0428368151 469.724396 0.00444612605 273.15 0.207855061 680
0.103842409 0.100000001 -0.0283081861 -0.0480508655 475.789276 0.00545015233 273.15 0.161668897 680
0.100840502 0.100000001 -0.0278147348 -0.0550027452 482.852142 0.00690073101 273.15 0.131485164 680
0.0980251091 0.100000001 -0.0273332915 -0.063482143 490.609344 0.00924627949 273.15 0.110307164 680
0.0953848678 0.100000001 -0.0268572335 -0.0728016868 500.526184 0.0125664631 273.15 0.0949924439 680
0.0929090208 0.100000001 -0.0263811552 -0.0820692033 515.328796 0.0179075804 273.15 0.0839684233 680
0.0905874014 0.100000001 -0.025901342 -0.0906041861 533.877441 0.0252453517 273.15 0.0757505894 680
0.0884104164 0.100000001 -0.0254135514 -0.0975032449 554.344116 0.0349823721 273.15 0.0693453699 680
0.0863690256 0.100000001 -0.0249152486 -0.101841062 574.868347 0.048003491 273.15 0.0641408786 680
0.0844547209 0.100000001 -0.0244053431 -0.103228465 594.604492 0.0633035749 273.15 0.0598106533 680
0.0826595044 0.100000001 -0.0238827801 -0.100286804 618.600464 0.0810058415 273.15 0.0566104874 680
0.0809758653 0.100000001 -0.0233476727 -0.0925173908 644.831482 0.100916944 273.15 0.0541386269 680
0.0793967569 0.100000001 -0.0228009001 -0.0808403119 665.747253 0.121880837 273.15 0.0517105237 680
0.077915574 0.100000001 -0.0222429891 -0.0652377829 680.83075 0.144417971 273.15 0.0493356101 680
0.0765261295 0.100000001 -0.0216751515 -0.0457029268 692.949524 0.167139232 273.15 0.0471912324 680
0.0752226324 0.100000001 -0.0210990283 -0.0225574989 703.173828 0.190340847 273.15 0.0453210659 680
0.073999666 0.100000001 -0.0205157782 0.00404183008 711.290527 0.213457972 273.15 0.0436710194 680
0.0728521664 0.100000001 -0.019926955 0.0335498564 717.1474 0.235920995 273.15 0.042185124 680
0.0717754021 0.100000001 -0.0193344138 0.0653920472 721.118103 0.257928729 273.15 0.0408653319 680
0.0707649547 0.100000001 -0.0187396819 0.099080503 723.267578 0.279202312 273.15 0.0396893024 680
0.0698166998 0.100000001 -0.0181444761 0.133820117 723.841736 0.299453855 273.15 0.0386420116 680
0.0689267889 0.100000001 -0.0175504602 0.16924651 723.514771 0.318907857 273.15 0.0377477854 680
0.0680916328 0.100000001 -0.0169581763 0.205301672 722.157959 0.337739706 273.15 0.0369924083 680
0.067307885 0.100000001 -0.0163683259 0.241615355 719.488892 0.355745822 273.15 0.0363425724 680
0.0665724266 0.100000001 -0.0157819618 0.277858317 715.765869 0.373015106 273.15 0.0357955024 680
0.0658823521 0.100000001 -0.0151998872 0.313732415 711.016602 0.389405698 273.15 0.0353139304 680
0.0652349552 0.100000001 -0.014623111 0.348754376 705.494873 0.404799968 273.15 0.0349247567 680
0.0646277164 0.100000001 -0.0140526652 0.382763684 699.835632 0.419430912 273.15 0.0346633084 680
0.0640582912 0.100000001 -0.0134885374 0.415834129 693.895386 0.43347156 273.15 0.0345317088 680
0.0635244984 0.100000001 -0.0129309244 0.447752833 687.510864 0.446807534 273.15 0.0345131457 680
0.0630243098 0.100000001 -0.0123802663 0.478492647 681.066467 0.459545165 273.15 0.0346349888 680
0.0625558404 0.100000001 -0.0118362077 0.508102477 674.353149 0.471751004 273.15 0.0348997451 680
0.0621173391 0.100000001 -0.0112988276 0.536394596 667.297363 0.483291239 273.15 0.0352991074 680
0.0617071804 0.100000001 -0.0107684304 0.56334585 660.25293 0.494251013 273.15 0.0358692743 680
0.0613238561 0.100000001 -0.0102446362 0.588934362 653.045959 0.504644811 273.15 0.0366204195 680
0.0609659682 0.100000001 -0.00972770752 0.612999916 645.835266 0.514396727 273.15 0.0375701077 680
0.0606322218 0.100000001 -0.00921776159 0.635587513 638.889465 0.523635268 273.15 0.0387823246 680
0.0603214191 0.100000001 -0.00871425877 0.656633735 632.064575 0.53233844 273.15 0.0402894355 680
0.0600324532 0.100000001 -0.00821752876 0.67611295 625.754089 0.540567636 273.15 0.0421922989 680
0.0597643025 0.100000001 -0.00772644281 0.694165289 619.879028 0.548493743 273.15 0.0446410142 680
0.0595160264 0.100000001 -0.00723963566 0.710731149 613.800354 0.555913091 273.15 0.047690738 680
0.05928676 0.100000001 -0.00675753353 0.725667179 607.629333 0.56257993 273.15 0.0514199026 680
0.0590757099 0.100000001 -0.00628149485 0.738823771 601.988403 0.568436444 273.15 0.0560158342 680
0.0588821509 0.100000001 -0.0058136806 0.750219166 598.122681 0.573900163 273.15 0.0621923916 680
0.0587054219 0.100000001 -0.0053500206 0.760160804 595.057251 0.579396904 273.15 0.0711226538 680
0.0585449229 0.100000001 -0.0048843606 0.768410683 590.891602 0.584410965 273.15 0.0836544856 680
0.0584001118 0.100000001 -0.00442090115 0.774825096 585.927002 0.5881387 273.15 0.100536205 680
0.0582705024 0.100000001 -0.00397493136 0.779282749 583.983948 0.590713501 273.15 0.126586691 680
0.0581556614 0.100000001 -0.0035453241 0.782171845 584.493347 0.593072653 273.15 0.181819409 680
0.0580552066 0.100000001 -0.00308451856 0.78359127 580.538147 0.595081985 273.15 0.262440711 680
0.0579688048 0.100000001 -0.00259491044 0.782864153 577.982788 0.597688317 273.15 0.216374531 680
0.0578961707 0.100000001 -0.00218602649 0.78071326 586.672241 0.60343951 273.15 0.133375734 680
0.0578370651 0.100000001 -0.00182591131 0.77619499 594.404968 0.610674143 273.15 0.113943249 680
0.0577912936 0.100000001 -0.00125051032 0.769668818 594.524658 0.614736795 273.15 0.105804846 680
0.0577587064 0.100000001 -0.000596883407 0.760998785 603.282166 0.613694727 273.15 0.0789286792 680
0.0577391965 0.100000001 -0.000151503969 0.751815975 624.19397 0.609802365 273.15 0.0419160798 680
0.0577327003 0.100000001 0 0.742479742 640.591064 0.602396667 273.15 0.0212862138 680
0.0577327003 0.100000001 0 0.742479742 640.591064 0.602396667 273.15 0.0212862138 680
0.0577391965 0.100000001 0.000151503969 0.735519588 617.418823 0.595111609 273.15 0.03640588 680
0.0577587064 0.100000001 0.000596883407 0.724280179 625.397339 0.591623306 273.15 0.0569617003 680
0.0577912936 0.100000001 0.00125051032 0.706611037 655.370239 0.588668525 273.15 0.0578042641 680
0.0578370651 0.100000001 0.00182591131 0.683157146 677.010132 0.580928147 273.15 0.042400524 680
0.0578961707 0.100000001 0.00218602649 0.660699546 660.234375 0.573673546 273.15 0.0325536616 680
0.0579688048 0.100000001 0.00259491044 0.645780325 668.01825 0.57324332 273.15 0.0356213972 680
0.0580552066 0.100000001 0.00308451856 0.623020887 696.221497 0.57003504 273.15 0.0364598297 680
0.0581556614 0.100000001 0.0035453241 0.595710993 707.244873 0.561065257 273.15 0.0329992734 680
0.0582705024 0.100000001 0.00397493136 0.571556091 705.914734 0.553366482 273.15 0.0309822913 680
0.0584001118 0.100000001 0.00442090115 0.547870874 715.488281 0.548482835 273.15 0.0310494117 680
0.0585449229 0.100000001 0.0048843606 0.520061374 731.015564 0.542185307 273.15 0.0309577342 680
0.0587054219 0.100000001 0.0053500206 0.489878505 742.265869 0.533527493 273.15 0.0302590262 680
0.0588821509 0.100000001 0.0058136806 0.459491402 749.352356 0.524333537 273.15 0.0296074059 680
0.0590757099 0.100000001 0.00628149485 0.42896536 757.427185 0.515725195 273.15 0.0293717869 680
0.05928676 0.100000001 0.00675753353 0.396691084 767.932312 0.50683409 273.15 0.0293484386 680
0.0595160264 0.100000001 0.00723963566 0.362534821 778.189087 0.496879041 273.15 0.0293094311 680
0.0597643025 0.100000001 0.00772644281 0.327326149 787.001404 0.486008465 273.15 0.0292662103 680
0.0600324532 0.100000001 0.00821752876 0.291465104 794.51825 0.474654645 273.15 0.0292902645 680
0.0603214191 0.100000001 0.00871425877 0.255058706 801.962952 0.463142991 273.15 0.029452309 680
0.0606322218 0.100000001 0.00921776159 0.217527673 809.65094 0.451176852 273.15 0.0297221541 680
0.0609659682 0.100000001 0.00972770752 0.178928494 816.919922 0.438650161 273.15 0.0300670955 680
0.0613238561 0.100000001 0.0102446362 0.139412537 824.095947 0.42560485 273.15 0.0305063482 680
0.0617071804 0.100000001 0.0107684304 0.098834306 830.809937 0.411847234 273.15 0.031016415 680
0.0621173391 0.100000001 0.0112988276 0.0575808473 836.829041 0.397554517 273.15 0.0316067971 680
0.0625558404 0.100000001 0.0118362077 0.0156738758 842.533875 0.382782817 273.15 0.0322972871 680
0.0630243098 0.100000001 0.0123802663 -0.0268997718 847.486328 0.367285967 273.15 0.033059828 680
0.0635244984 0.100000001 0.0129309244 -0.0697934106 851.826721 0.351251125 273.15 0.0339256413 680
0.0640582912 0.100000001 0.0134885374 -0.113164172 855.9198 0.334584594 273.15 0.034923628 680
0.0646277164 0.100000001 0.0140526652 -0.157016054 859.234375 0.317145556 273.15 0.036042504 680
0.0652349552 0.100000001 0.014623111 -0.20097515 862.00116 0.299084902 273.15 0.037318103 680
0.0658823521 0.100000001 0.0151998872 -0.245211095 864.460022 0.280204594 273.15 0.0387728065 680
0.0665724266 0.100000001 0.0157819618 -0.289457828 865.768616 0.260530114 273.15 0.0403891578 680
0.067307885 0.100000001 0.0163683259 -0.33288008 865.572815 0.2399088 273.15 0.0421827063 680
0.0680916328 0.100000001 0.0169581763 -0.374995559 863.796631 0.218300462 273.15 0.0441862755 680
0.0689267889 0.100000001 0.0175504602 -0.415250778 860.190002 0.196050301 273.15 0.0464458428 680
0.0698166998 0.100000001 0.0181444761 -0.453125805 855.258179 0.173836246 273.15 0.0490520224 680
0.0707649547 0.100000001 0.0187396819 -0.48868683 849.072937 0.150947034 273.15 0.0520614348 680
0.0717754021 0.100000001 0.0193344138 -0.52148062 840.649963 0.128164485 273.15 0.0555205308 680
0.0728521664 0.100000001 0.019926955 -0.550457358 829.513 0.105086379 273.15 0.05949568 680
0.073999666 0.100000001 0.0205157782 -0.574923873 815.733643 0.0831930861 273.15 0.0641507357 680
0.0752226324 0.100000001 0.0210990283 -0.5942384 799.355469 0.0623510629 273.15 0.0696714893 680
0.0765261295 0.100000001 0.0216751515 -0.607875347 780.690674 0.0436722673 273.15 0.0763627365 680
0.077915574 0.100000001 0.0222429891 -0.615751266 759.719482 0.0283786263 273.15 0.0845799521 680
0.0793967569 0.100000001 0.0228009001 -0.617816985 734.761353 0.0164982826 273.15 0.0945971832 680
0.0809758653 0.100000001 0.0233476727 -0.614399195 703.712463 0.00831767451 273.15 0.10668347 680
0.0826595044 0.100000001 0.0238827801 -0.605573058 670.207581 0.00350243854 273.15 0.122091182 680
0.0844547209 0.100000001 0.0244053431 -0.590411842 641.641052 0.0011889009 273.15 0.143847808 680
0.0863690256 0.100000001 0.0249152486 -0.570302606 617.153259 0.000296188431 273.15 0.175873473 680
0.0884104164 0.100000001 0.0254135514 -0.547514081 591.391724 3.67278444e-05 273.15 0.22478655 680
0.0905874014 0.100000001 0.025901342 -0.522564888 565.912354 0 273.15 0.309872836 680
0.0929090208 0.100000001 0.0263811552 -0.496436864 543.072205 0 273.15 0.497350186 680
0.0953848678 0.100000001 0.0268572335 -0.470242858 524.668701 0 273.15 0.816658616 680
0.0980251091 0.100000001 0.0273332915 -0.444934845 512.043579 0 274.75 0.0433301218 680
0.100840502 0.100000001 0.0278147348 -0.421514839 502.163879 0 274.754 0.0135713015 680
0.103842409 0.100000001 0.0283081861 -0.400717348 493.222961 0 274.844 0 680
0.107042811 0.100000001 0.0288164955 -0.382715553 485.886292 0 274.844 0 680
0.110454316 0.100000001 0.0293423559 -0.367404431 480.223511 0 274.844 0 680
0.114090156 0.100000001 0.0298883247 -0.354712129 473.835114 0 274.844 0 680
0.117964191 0.100000001 0.0304539194 -0.34408173 466.091705 0 274.844 0 680
0.122090895 0.100000001 0.0310376885 -0.334981024 461.123016 0 274.844 0 680
0.126485335 0.100000001 0.0316381332 -0.327258855 460.157532 0 274.844 0 680
0.131163147 0.100000001 0.0322544005 -0.320890188 459.327728 0 274.844 0 680
0.136140492 0.100000001 0.0328856984 -0.31556949 456.52887 0 274.844 0 680
0.141434004 0.100000001 0.0335309596 -0.310937673 452.69577 0 274.844 0 680
0.147060725 0.100000001 0.034188632 -0.306879699 448.556305 0 274.844 0 680
0.15303802 0.100000001 0.0348569996 -0.303299993 444.2052 0 274.844 0 680
0.159383478 0.100000001 0.0355342085 -0.300101787 439.689453 0 274.844 0 680
0.16611479 0.100000001 0.0362183119 -0.29720372 435.042847 0 274.844 0 680
0.173249614 0.100000001 0.0369073692 -0.294558555 430.300232 0 274.844 0 680
0.180805409 0.100000001 0.0375991931 -0.292128772 425.478271 0 274.844 0 680
0.188799258 0.100000001 0.0382914381 -0.289869249 420.545502 0 274.844 0 680
0.197247653 0.100000001 0.0389818665 -0.287766546 415.492798 0 274.844 0 680
0.206166274 0.100000001 0.039667971 -0.285815656 410.364838 0 274.844 0 680
0.215569737 0.100000001 0.0403472192 -0.284014732 405.207336 0 274.844 0 680
0.225471321 0.100000001 0.041017284 -0.282402724 400.076202 0 274.844 0 680
0.23588268 0.100000001 0.0416753227 -0.2810058 395.045624 0 274.844 0 680
0.246813538 0.100000001 0.0423184473 -0.279842675 390.174286 0 274.844 0 680
0.25827138 0.100000001 0.0429436092 -0.278958648 385.529022 0 274.844 0 680
0.270261125 0.100000001 0.043547254 -0.278379053 381.146088 0 274.844 0 680
0.282784817 0.100000001 0.0441256669 -0.278133005 377.009583 0 274.844 0 680
0.295841307 0.100000001 0.0446742429 -0.278226167 373.119995 0 274.844 0 680
0.309425973 0.100000001 0.0451879625 -0.278647602 369.476685 0 274.844 0 680
0.323530448 0.100000001 0.04566082 -0.279364258 366.040375 0 274.844 0 680
0.338142397 0.100000001 0.0460862159 -0.28031832 362.759125 0 274.844 0 680
0.353245336 0.100000001 0.0464567158 -0.281432927 359.594788 0 274.844 0 680
0.36881851 0.100000001 0.04676412 -0.282589138 356.494476 0 274.844 0 680
0.384836835 0.100000001 0.0469995367 -0.283650994 353.398285 0 274.844 0 680
0.401270912 0.100000001 0.0471539124 -0.284480691 350.254211 0 274.844 0 680
0.418087127 0.100000001 0.0472182845 -0.284885675 347.013641 0 274.844 0 680
0.435247828 0.100000001 0.04718403 -0.284655303 343.604034 0 274.844 0 680
0.45271159 0.100000001 0.0470432255 -0.283638388 339.979828 0 274.844 0 680
0.470433568 0.100000001 0.0467896775 -0.281665355 336.139374 0 274.844 0 680
0.488365923 0.100000001 0.0464193978 -0.27863282 332.064667 0 274.844 0 680
0.506458328 0.100000001 0.0459298179 -0.274491668 327.743011 0 274.844 0 680
0.52465853 0.100000001 0.0453211967 -0.269187987 323.18869 0 274.844 0 680
0.542912961 0.100000001 0.0445967938 -0.262753695 318.45459 0 274.844 0 680
0.561167393 0.100000001 0.0437624597 -0.255275577 313.601898 0 274.844 0 680
0.579367595 0.100000001 0.0428264223 -0.246867806 308.695801 0 274.844 0 680
0.59746 0.100000001 0.0417988628 -0.237677842 303.81601 0 274.844 0 680
0.615392355 0.100000001 0.0406916523 -0.227876008 299.057587 0 274.844 0 680
0.633114333 0.100000001 0.0395179091 -0.217654064 294.534271 0 274.844 0 680
0.650578095 0.100000001 0.0382910279 -0.207202137 290.377594 0 274.844 0 680
0.667738796 0.100000001 0.037024161 -0.19669053 286.672455 0 274.844 0 680
0.684555011 0.100000001 0.0357298415 -0.186267033 283.408447 0 274.844 0 680
0.700989088 0.100000001 0.0344196238 -0.176043764 280.447235 0 274.844 0 680
0.717007413 0.100000001 0.0331036165 -0.166089207 277.584991 0 274.844 0 680
0.732580587 0.100000001 0.0317904036 -0.156436801 274.738159 0 274.844 0 680
0.747683526 0.100000001 0.0304870948 -0.147096381 271.925446 0 274.844 0 680
0.762295475 0.100000001 0.0291993863 -0.138056666 269.188324 0 274.844 0 680
0.77639995 0.100000001 0.0279316616 -0.129289195 266.567352 0 274.844 0 680
0.789984616 0.100000001 0.0266871795 -0.120751716 264.057037 0 274.844 0 680
0.803041106 0.100000001 0.025468376 -0.112394877 261.617615 0 274.844 0 680
0.815564798 0.100000001 0.0242771602 -0.104170449 259.221405 0 274.844 0 680
0.827554543 0.100000001 0.0231149096 -0.09603443 256.843872 0 274.844 0 680
0.839012385 0.100000001 0.0219827501 -0.0879467204 254.466217 0 274.844 0 680
0.849943243 0.100000001 0.0208815518 -0.0798758566 252.07988 0 274.844 0 680
0.860354602 0.100000001 0.0198122088 -0.0718035251 249.664917 0 274.844 0 680
0.870256186 0.100000001 0.0187756365 -0.0637261719 247.234024 0 274.844 0 680
0.879659649 0.100000001 0.0177726863 -0.0556540303 244.828705 0 274.844 0 680
0.88857827 0.100000001 0.0168041758 -0.0476072133 242.465179 0 274.844 0 680
0.897026665 0.100000001 0.015870755 -0.0396117531 240.139984 0 274.844 0 680
0.905020513 0.100000001 0.0149730975 -0.0316989869 237.816574 0 274.844 0 680
0.912576309 0.100000001 0.0141117265 -0.0238803197 234.867676 0 274.844 0 680
0.919711133 0.100000001 0.0132869066 -0.0161619782 231.216904 0 274.844 0 680
0.926442445 0.100000001 0.0124988995 -0.008611992 228.272537 0 274.844 0 680
0.932787903 0.100000001 0.0117477146 -0.00130088557 226.522552 0 274.844 0 680
0.938765198 0.100000001 0.0110330913 0.00575171737 225.212448 0 274.844 0 680
0.944391919 0.100000001 0.0103546433 0.0125394007 223.899155 0 274.844 0 680
0.949685431 0.100000001 0.00971172817 0.019055469 222.561005 0 274.844 0 680
0.954662776 0.100000001 0.00910358851 0.02529075 221.106644 0 274.844 0 680
0.959340588 0.100000001 0.00852942146 0.0312420186 219.42453 0 274.844 0 680
0.963735028 0.100000001 0.00798820752 0.0369075164 217.624695 0 274.844 0 680
0.967861732 0.100000001 0.00747867674 0.0422883742 215.859543 0 274.844 0 680
0.971735767 0.100000001 0.00699940625 0.0473903976 214.208954 0 274.844 0 680
0.975371607 0.100000001 0.00654900337 0.0522231013 212.643677 0 274.844 0 680
0.978783111 0.100000001 0.00612650272 0.0567860939 211.181366 0 274.844 0 680
0.981983514 0.100000001 0.00573097521 0.0610707253 209.853683 0 274.844 0 680
0.984985421 0.100000001 0.00536118375 0.0650766641 208.65831 0 274.844 0 680
0.987800814 0.100000001 0.00501528913 0.0688219965 207.542847 0 274.844 0 680
0.990441055 0.100000001 0.00469147282 0.0723357722 206.459869 0 274.844 0 680
0.992916902 0.100000001 0.00438810431 0.075640507 205.405365 0 274.844 0 680
0.995238522 0.100000001 0.00410371417 0.0787550956 204.374954 0 274.844 0 680
0.997415507 0.100000001 0.0038369717 0.0816946179 203.368698 0 274.844 0 680
0.999456897 0.100000001 0.00358666644 0.084472239 202.387009 0 274.844 0 680
1.0013712 0.100000001 0.00335169279 0.0870989785 201.430756 0 274.844 0 680
1.00316642 0.100000001 0.00313103723 0.0895851925 200.500854 0 274.844 0 680
1.00485006 0.100000001 0.00292376758 0.0919395983 199.594742 0 274.844 0 680
1.00642917 0.100000001 0.00272902406 0.0941703022 198.70903 0 274.844 0 680
1.00791035 0.100000001 0.00254601168 0.0962845907 197.842484 0 274.844 0 680
1.00929979 0.100000001 0.00237399384 0.0982895195 196.995407 0 274.844 0 680
1.01060329 0.100000001 0.00221228677 0.100191101 196.167145 0 274.844 0 680
1.01182626 0.100000001 0.00206025487 0.10199558 195.357239 0 274.844 0 680
1.01297376 0.100000001 0.00191730653 0.103708245 194.565079 0 274.844 0 680
1.01405052 0.100000001 0.0017828906 0.105334371 193.78862 0 274.844 0 680
1.01506097 0.100000001 0.00165649317 0.106878832 193.027649 0 274.844 0 680
1.01600922 0.100000001 0.00153763483 0.108346105 192.282272 0 274.844 0 680
1.01689913 0.100000001 0.0014258681 0.109740444 191.55127 0 274.844 0 680
1.01773429 0.100000001 0.00132077521 0.111065961 190.833954 0 274.844 0 680
1.01851804 0.100000001 0.00122196604 0.112326249 190.12825 0 274.844 0 680
1.0192535 0.100000001 0.00112907626 0.113525063 189.43335 0 274.844 0 680
1.01994357 0.100000001 0.00104176563 0.114665523 188.749115 0 274.844 0 680
1.02059097 0.100000001 0.000959716441 0.115750983 188.07402 0 274.844 0 680
1.02119821 0.100000001 0.000882632071 0.116784126 187.40683 0 274.844 0 680
1.02176763 0.100000001 0.000810235652 0.117767982 186.746552 0 274.844 0 680
1.02230142 0.100000001 0.000742268836 0.118704818 186.091766 0 274.844 0 680
1.02280161 0.100000001 0.000678490655 0.119597435 185.441147 0 274.844 0 680
1.02327008 0.100000001 0.000618677956 0.120447651 184.793884 0 274.844 0 680
1.02370858 0.100000001 0.000562627283 0.121258073 184.148697 0 274.844 0 680
1.02411874 0.100000001 0.00051014835 0.122029729 183.504456 0 274.844 0 680
1.02450207 0.100000001 0.000461062349 0.122765221 182.862534 0 274.844 0 680
1.02485995 0.100000001 0.000415201666 0.123464979 182.22023 0 274.844 0 680
1.0251937 0.100000001 0.000372409553 0.124131925 181.576569 0 274.844 0 680
1.0255045 0.100000001 0.000332539763 0.124765679 180.925476 0 274.844 0 680
1.02579347 0.100000001 0.000295456158 0.125369817 180.266724 0 274.844 0 680
1.02606162 0.100000001 0.000261032318 0.125942588 179.597046 0 274.844 0 680
1.0263099 0.100000001 0.000229151139 0.126488417 178.91777 0 274.844 0 680
1.02653916 0.100000001 0.000199704443 0.127003923 178.215103 0 274.844 0 680
1.02675021 0.100000001 0.0001725926 0.127496138 177.497208 0 274.844 0 680
1.02694377 0.100000001 0.00014772416 0.127957597 176.745651 0 274.844 0 680
1.0271205 0.100000001 0.000125015508 0.128399149 175.989517 0 274.844 0 680
1.027281 0.100000001 0.000104390541 0.12880677 175.18187 0 274.844 0 680
1.02742581 0.100000001 8.5780361e-05 0.129197165 174.397568 0 274.844 0 680
1.02755542 0.100000001 6.91229984e-05 0.129546583 173.578903 0 274.844 0 680
1.02767026 0.100000001 5.43631542e-05 0.129878536 172.935516 0 274.844 0 680
1.02777072 0.100000001 4.14519688e-05 0.13015157 172.44313 0 274.844 0 680
1.02785712 0.100000001 3.03468154e-05 0.130413666 172.809387 0 274.844 0 680
1.02792975 0.100000001 2.10111173e-05 0.130561158 174.264618 0 274.844 0 680
1.02798886 0.100000001 1.34141908e-05 0.13065362 179.941055 0 274.844 0 680
1.02803463 0.100000001 7.53111159e-06 0.130565763 196.544495 0 274.844 0 680
1.02806722 0.100000001 3.34260658e-06 0.130021855 244.393784 0 274.844 0 680
1.02808673 0.100000001 8.34969327e-07 0.129717946 501.64856 0 274.844 0 680

ZONE T="SLICE_Y_0p75_BINS15_KS_1p0mm_CUTDATA"
1.21069917 0.75 0 0.128211185 1290.16016 0 274.844 0 680
1.21069396 0.75 -6.69193463e-07 0.129341349 577.529785 0 274.844 0 680
1.21067833 0.75 -2.67896125e-06 0.129777312 276.951965 0 274.844 0 680
1.21065221 0.75 -6.03587519e-06 0.130604714 222.401764 0 274.844 0 680
1.21061552 0.75 -1.07509204e-05 0.130895093 203.093719 0 274.844 0 680
1.21056815 0.75 -1.68395436e-05 0.130893365 196.189972 0 274.844 0 680
1.21050994 0.75 -2.43217203e-05 0.130861744 194.084259 0 274.844 0 680
1.21044069 0.75 -3.32220426e-05 0.130657807 193.081085 0 274.844 0 680
1.21036018 0.75 -4.35698249e-05 0.13044928 193.069595 0 274.844 0 680
1.21026814 0.75 -5.53992311e-05 0.130175486 193.213608 0 274.844 0 680
1.21016427 0.75 -6.87494199e-05 0.129880458 193.683777 0 274.844 0 680
1.21004821 0.75 -8.36647112e-05 0.129538223 194.145386 0 274.844 0 680
1.20991957 0.75 -0.000100194771 0.129179925 194.70813 0 274.844 0 680
1.20977793 0.75 -0.000118394819 0.128786027 195.248215 0 274.844 0 680
1.2096228 0.75 -0.000138325848 0.128374308 195.81636 0 274.844 0 680
1.20945365 0.75 -0.000160054871 0.127933085 196.370529 0 274.844 0 680
1.20926991 0.75 -0.000183655182 0.127471164 196.924393 0 274.844 0 680
1.20907092 0.75 -0.000209206632 0.126981676 197.467331 0 274.844 0 680
1.20885601 0.75 -0.000236795919 0.126468882 198.01358 0 274.844 0 680
1.20862442 0.75 -0.000266516898 0.125928566 198.557648 0 274.844 0 680
1.20837532 0.75 -0.000298470891 0.125362605 199.105438 0 274.844 0 680
1.20810784 0.75 -0.000332767003 0.124768123 199.655151 0 274.844 0 680
1.20782101 0.75 -0.000369522448 0.124145694 200.210236 0 274.844 0 680
1.20751379 0.75 -0.000408862853 0.123493157 200.770447 0 274.844 0 680
1.20718506 0.75 -0.000450922552 0.122810356 201.337952 0 274.844 0 680
1.20683362 0.75 -0.000495844854 0.12209554 201.912903 0 274.844 0 680
1.20645816 0.75 -0.000543782264 0.12134815 202.495865 0 274.844 0 680
1.20605728 0.75 -0.000594897845 0.120566495 203.085205 0 274.844 0 680
1.20562947 0.75 -0.000649370443 0.119749218 203.681183 0 274.844 0 680
1.2051731 0.75 -0.000707393186 0.11889445 204.284851 0 274.844 0 680
1.20468642 0.75 -0.000769173127 0.118000515 204.897308 0 274.844 0 680
1.20416756 0.75 -0.000834932166 0.117065452 205.519867 0 274.844 0 680
1.20361449 0.75 -0.000904908033 0.116087355 206.15274 0 274.844 0 680
1.20302505 0.75 -0.000979355361 0.115064077 206.796143 0 274.844 0 680
1.20239691 0.75 -0.00105854684 0.113993369 207.453262 0 274.844 0 680
1.20172757 0.75 -0.00114277445 0.112872958 208.121124 0 274.844 0 680
1.20101434 0.75 -0.00123235087 0.111700028 208.79747 0 274.844 0 680
1.20025435 0.75 -0.00132761093 0.110472128 209.489532 0 274.844 0 680
1.19944452 0.75 -0.00142891325 0.109186463 210.200119 0 274.844 0 680
1.19858154 0.75 -0.00153664207 0.107839979 210.92749 0 274.844 0 680
1.19766187 0.75 -0.00165120927 0.106429316 211.667236 0 274.844 0 680
1.19668171 0.75 -0.00177305656 0.104951128 212.423279 0 274.844 0 680
1.19563701 0.75 -0.0019026581 0.10340216 213.199448 0 274.844 0 680
1.19452343 0.75 -0.00204052331 0.10177777 213.99028 0 274.844 0 680
1.19333632 0.75 -0.00218720017 0.100074068 214.797653 0 274.844 0 680
1.19207073 0.75 -0.00234327907 0.0982862487 215.623871 0 274.844 0 680
1.19072136 0.75 -0.00250939714 0.0964089781 216.467621 0 274.844 0 680
1.18928257 0.75 -0.00268624347 0.0944362506 217.328674 0 274.844 0 680
1.18774834 0.75 -0.00287456516 0.0923611671 218.207581 0 274.844 0 680
1.18611224 0.75 -0.00307517449 0.0901756957 219.116364 0 274.844 0 680
1.18436748 0.75 -0.00328895758 0.0878702775 220.067078 0 274.844 0 680
1.1825068 0.75 -0.00351688454 0.0854340494 221.08316 0 274.844 0 680
1.18052251 0.75 -0.00376002188 0.082855016 222.155746 0 274.844 0 680
1.17840647 0.75 -0.00401954729 0.0801164135 223.283432 0 274.844 0 680
1.17615004 0.75 -0.00429676756 0.0771986321 224.426849 0 274.844 0 680
1.17374414 0.75 -0.00459314015 0.0740743279 225.587158 0 274.844 0 680
1.17117915 0.75 -0.00491013914 0.0707281977 226.847504 0 274.844 0 680
1.16844497 0.75 -0.00524875598 0.0671670288 228.108017 0 274.844 0 680
1.16553099 0.75 -0.0056097353 0.063397944 229.366028 0 274.844 0 680
1.16242611 0.75 -0.00599385082 0.0594213642 230.755371 0 274.844 0 680
1.15911873 0.75 -0.00640221872 0.0552322119 232.290527 0 274.844 0 680
1.15559677 0.75 -0.00683597936 0.0508214943 233.981888 0 274.844 0 680
1.15184769 0.75 -0.00729615056 0.0461838916 235.956863 0 274.844 0 680
1.14785856 0.75 -0.0077835494 0.0413295403 238.293686 0 274.844 0 680
1.14361603 0.75 -0.00829881936 0.0362853855 240.749756 0 274.844 0 680
1.13910644 0.75 -0.00884256744 0.0310762208 243.068344 0 274.844 0 680
1.13431589 0.75 -0.00941530849 0.0257157404 245.204041 0 274.844 0 680
1.12923026 0.75 -0.0100173522 0.0202129707 247.135239 0 274.844 0 680
1.1238354 0.75 -0.0106489074 0.0145758856 248.942566 0 274.844 0 680
1.11811713 0.75 -0.0113099665 0.00882327557 250.771439 0 274.844 0 680
1.11206147 0.75 -0.0120003198 0.00298321992 252.700623 0 274.844 0 680
1.10565473 0.75 -0.0127197553 -0.00291476166 254.747375 0 274.844 0 680
1.09888369 0.75 -0.0134678535 -0.00884004775 256.869843 0 274.844 0 680
1.09173578 0.75 -0.0142440748 -0.0147684691 259.044128 0 274.844 0 680
1.0841993 0.75 -0.0150478979 -0.0206830651 261.269287 0 274.844 0 680
1.07626358 0.75 -0.0158786679 -0.0265708584 263.523712 0 274.844 0 680
1.06791931 0.75 -0.0167357022 -0.0324278809 265.791748 0 274.844 0 680
1.05915868 0.75 -0.0176182672 -0.0382601246 268.075623 0 274.844 0 680
1.04997569 0.75 -0.0185256462 -0.0440873541 270.379883 0 274.844 0 680
1.0403664 0.75 -0.0194571422 -0.0499412157 272.70163 0 274.844 0 680
1.03032918 0.75 -0.0204118525 -0.0558616295 275.044128 0 274.844 0 680
1.01986494 0.75 -0.0213886732 -0.0618937276 277.418732 0 274.844 0 680
1.0089774 0.75 -0.0223860743 -0.0680840835 279.832703 0 274.844 0 680
0.997673241 0.75 -0.0234021032 -0.0744818226 282.285919 0 274.844 0 680
0.985962367 0.75 -0.0244341486 -0.0811319724 284.791687 0 274.844 0 680
0.973857984 0.75 -0.0254786967 -0.0880656689 287.386505 0 274.844 0 680
0.961376728 0.75 -0.0265311827 -0.0952964872 290.095001 0 274.844 0 680
0.948538702 0.75 -0.0275859082 -0.102818094 292.968048 0 274.844 0 680
0.935367467 0.75 -0.0286359936 -0.110600017 296.113678 0 274.844 0 680
0.921889964 0.75 -0.0296733374 -0.118575424 299.621063 0 274.844 0 680
0.908136371 0.75 -0.0306886788 -0.126638263 303.530243 0 274.844 0 680
0.894139886 0.75 -0.0316719735 -0.134655416 307.81778 0 274.844 0 680
0.879936452 0.75 -0.0326126802 -0.1424703 312.423737 0 274.844 0 680
0.865564409 0.75 -0.0335000638 -0.14990449 317.263245 0 274.844 0 680
0.851064093 0.75 -0.0343236104 -0.15676631 322.229645 0 274.844 0 680
0.836477383 0.75 -0.0350738057 -0.162895784 327.229584 0 274.844 0 680
0.821847209 0.75 -0.0357424901 -0.168128207 332.178131 0 274.844 0 680
0.807217035 0.75 -0.0363230691 -0.172372013 337.010162 0 274.844 0 680
0.792630324 0.75 -0.0368108538 -0.175474182 341.64856 0 274.844 0 680
0.778130008 0.75 -0.0372032319 -0.177472219 346.065277 0 274.844 0 680
0.763757965 0.75 -0.0374999959 -0.1783849 350.22049 0 274.844 0 680
0.749554531 0.75 -0.0377032041 -0.178119287 354.11557 0 274.844 0 680
0.735558047 0.75 -0.0378160531 -0.17693013 357.788116 0 274.844 0 680
0.721804453 0.75 -0.0378435067 -0.174934268 361.23587 0 274.844 0 680
0.708326951 0.75 -0.0377919151 -0.172232106 364.513153 0 274.844 0 680
0.695155716 0.75 -0.0376681893 -0.169005364 367.674255 0 274.844 0 680
0.682317689 0.75 -0.0374795126 -0.165379032 370.775055 0 274.844 0 680
0.669836433 0.75 -0.0372331408 -0.161507592 373.876282 0 274.844 0 680
0.65773205 0.75 -0.0369362004 -0.157511473 377.040924 0 274.844 0 680
0.646021176 0.75 -0.0365952631 -0.153493375 380.32019 0 274.844 0 680
0.634717022 0.75 -0.0362162874 -0.149515674 383.749359 0 274.844 0 680
0.623829473 0.75 -0.0358045623 -0.145629153 387.349915 0 274.844 0 680
0.613365234 0.75 -0.0353649013 -0.141859904 391.128174 0 274.844 0 680
0.603328012 0.75 -0.0349013272 -0.138214394 395.098663 0 274.844 0 680
0.593718726 0.75 -0.0344175308 -0.134682894 399.261261 0 274.844 0 680
0.584535739 0.75 -0.0339164894 -0.131234735 403.606659 0 274.844 0 680
0.575775107 0.75 -0.0334010515 -0.127843305 408.127777 0 274.844 0 680
0.567430832 0.75 -0.0328736606 -0.124467589 412.825775 0 274.844 0 680
0.559495122 0.75 -0.0323366314 -0.121084161 417.739716 6.12380472e-06 274.841 0 680
0.551958634 0.75 -0.031792242 -0.11766202 422.881378 4.91190876e-05 274.824 0 680
0.544810727 0.75 -0.0312423576 -0.114153363 428.215454 0.000101638172 274.804 0 680
0.538039687 0.75 -0.0306890076 -0.110540539 433.67691 0.000238622859 274.751 0 680
0.531632947 0.75 -0.0301342018 -0.106810421 439.139191 0.000422010635 274.681 0 680
0.525577289 0.75 -0.0295797336 -0.102959663 444.505707 0.000745813653 274.56 0 680
0.519859022 0.75 -0.0290274825 -0.0990108252 449.733795 0.00121023937 274.388 0 680
0.514464153 0.75 -0.0284792019 -0.0949873477 454.799072 0.00184323953 274.157 0 680
0.509378531 0.75 -0.0279364469 -0.0909219384 459.744904 0.00265657343 273.866 0 680
0.504587975 0.75 -0.0274007778 -0.0868697241 464.598206 0.00372678461 273.487 0 680
0.50007839 0.75 -0.0268736805 -0.0829086602 469.328156 0.00485813618 273.152 0.0274941809 680
0.495835859 0.75 -0.0263565303 -0.0791320056 473.945251 0.00643922854 273.15 0.231252119 680
0.491846722 0.75 -0.0258505711 -0.0756516531 478.522644 0.00803292263 273.15 0.356815428 680
0.488097649 0.75 -0.0253566583 -0.0725287646 483.125122 0.00977932569 273.15 0.80811882 680
0.484575686 0.75 -0.0248754267 -0.0698928833 487.736664 0.0119470693 273.15 0.632742584 680
0.481268304 0.75 -0.0244075598 -0.0678904578 492.317566 0.0140545368 273.15 0.364955068 680
0.478163424 0.75 -0.0239542589 -0.0668566823 497.052246 0.0160288773 273.15 0.253580987 680
0.475249448 0.75 -0.0235166875 -0.0674199909 502.424194 0.0181784164 273.15 0.192666486 680
0.472515268 0.75 -0.0230952321 -0.0697373226 508.76416 0.0206936281 273.15 0.154428869 680
0.469950278 0.75 -0.0226878431 -0.0737130642 516.39032 0.0236430597 273.15 0.128363267 680
0.467544373 0.75 -0.0222923622 -0.0794034526 526.44751 0.0271165334 273.15 0.109760366 680
0.465287952 0.75 -0.0219065053 -0.0864528716 539.451782 0.0321115367 273.15 0.0960566401 680
0.463171908 0.75 -0.0215249645 -0.0939378813 554.933289 0.0392079279 273.15 0.0856661722 680
0.461187618 0.75 -0.0211434073 -0.101067364 572.822815 0.0480674393 273.15 0.0776397213 680
0.459326936 0.75 -0.0207588569 -0.107076354 592.614807 0.0598445944 273.15 0.0713402331 680
0.457582173 0.75 -0.0203679128 -0.111095488 613.563965 0.0737656057 273.15 0.0662883669 680
0.455946082 0.75 -0.0199685437 -0.112358883 634.809387 0.0903538764 273.15 0.0621595122 680
0.454411846 0.75 -0.0195598755 -0.110135667 655.991333 0.108599514 273.15 0.0587299652 680
0.452973054 0.75 -0.0191410628 -0.104173645 676.730774 0.128941342 273.15 0.0558668599 680
0.451623687 0.75 -0.0187121963 -0.0942868441 696.103271 0.150171012 273.15 0.0533937179 680
0.450358096 0.75 -0.0182739806 -0.0802698657 714.060791 0.172636285 273.15 0.0512630418 680
0.449170989 0.75 -0.017826838 -0.0620662123 730.482727 0.195543528 273.15 0.0494123027 680
0.448057407 0.75 -0.0173717396 -0.0398957245 745.032166 0.218493208 273.15 0.0477759354 680
0.447012708 0.75 -0.0169100006 -0.0140019264 758.505493 0.24163267 273.15 0.0463792048 680
0.446032551 0.75 -0.0164425497 0.0156024843 769.767151 0.264488161 273.15 0.045130901 680
0.445112877 0.75 -0.0159706322 0.0474473014 771.957764 0.286700755 273.15 0.04367356 680
0.444249895 0.75 -0.0154957348 0.0804232433 763.50647 0.308133066 273.15 0.0419637822 680
0.443440063 0.75 -0.0150190818 0.114968576 756.535461 0.328708977 273.15 0.0405926593 680
0.442680076 0.75 -0.0145420489 0.150870085 757.175659 0.348484308 273.15 0.0397935323 680
0.441966849 0.75 -0.0140659697 0.187475488 760.645325 0.367510796 273.15 0.0393017493 680
0.441297506 0.75 -0.0135912786 0.224516317 763.859009 0.38593182 273.15 0.0389652736 680
0.440669364 0.75 -0.0131185378 0.261697143 764.947144 0.403553069 273.15 0.0386670828 680
0.440079925 0.75 -0.0126485912 0.298612267 764.020813 0.420300305 273.15 0.0383896828 680
0.439526859 0.75 -0.0121820824 0.334935755 761.115723 0.436152637 273.15 0.0381704457 680
0.439007997 0.75 -0.0117198201 0.370057583 755.912781 0.451040506 273.15 0.0379901342 680
0.43852132 0.75 -0.0112626313 0.403890729 749.805664 0.465178132 273.15 0.0379232652 680
0.438064949 0.75 -0.0108105062 0.436566263 743.413818 0.478730947 273.15 0.0380100086 680
0.437637136 0.75 -0.0103636023 0.467882514 736.644531 0.491592646 273.15 0.0382417217 680
0.437236256 0.75 -0.00992227259 0.497811496 729.917419 0.503862143 273.15 0.0386549085 680
0.436860797 0.75 -0.00948623205 0.526384115 723.002563 0.515601397 273.15 0.0392605439 680
0.436509356 0.75 -0.00905554412 0.553435802 715.820312 0.526685834 273.15 0.040059533 680
0.436180631 0.75 -0.00863045264 0.578940451 708.748779 0.537194252 273.15 0.041105479 680
0.435873412 0.75 -0.00821065317 0.60287571 701.631104 0.547140062 273.15 0.0424285419 680
0.43558658 0.75 -0.00779635619 0.625104368 694.66626 0.556453228 273.15 0.0440735556 680
0.435319096 0.75 -0.00738765557 0.645670414 688.119873 0.565252662 273.15 0.046145115 680
0.43507 0.75 -0.00698411884 0.664505422 681.92926 0.573517978 273.15 0.0487322845 680
0.434838406 0.75 -0.00658601022 0.681621075 676.400513 0.581302166 273.15 0.0520156659 680
0.434623494 0.75 -0.0061924251 0.697069049 671.606873 0.588757455 273.15 0.0562912673 680
0.434424511 0.75 -0.00580226926 0.710863709 666.78302 0.59569937 273.15 0.0617920235 680
0.434240764 0.75 -0.00541588429 0.722793043 662.378113 0.601910233 273.15 0.0689177513 680
0.434071616 0.75 -0.00503435893 0.732913792 658.544067 0.607339144 273.15 0.0783395991 680
0.433916486 0.75 -0.00465942511 0.741039276 656.422729 0.612333536 273.15 0.0918803811 680
0.433774845 0.75 -0.00428782075 0.747500539 653.691101 0.617247403 273.15 0.11299248 680
0.433646212 0.75 -0.00391461348 0.751932621 647.771912 0.621701121 273.15 0.14789626 680
0.433646212 0.75 -0.00391461348 0.751932621 647.771912 0.621701121 273.15 0.14789626 680
0.433530152 0.75 -0.00354316986 0.754311979 639.072021 0.625191748 273.15 0.214244783 680
0.433426275 0.75 -0.00318574347 0.755287886 635.658752 0.627825499 273.15 0.261284083 680
0.433334235 0.75 -0.00284143098 0.753901124 645.483459 0.629585683 273.15 0.194521725 680
0.433253724 0.75 -0.00247211435 0.751135409 653.474304 0.62908572 273.15 0.140183851 680
0.433184477 0.75 -0.00207971364 0.746585429 660.338745 0.62757045 273.15 0.104115508 680
0.433126264 0.75 -0.00175201003 0.740036964 677.735046 0.629594207 273.15 0.0776473433 680
0.433078893 0.75 -0.00146339257 0.730104923 688.173584 0.635382891 273.15 0.0776795 680
0.433042209 0.75 -0.00100223243 0.717994213 688.182617 0.641878664 273.15 0.081284143 680
0.433016092 0.75 -0.000478377422 0.703866541 699.220215 0.645958006 273.15 0.0645058081 680
0.433000455 0.75 -0.000121424179 0.689952016 726.854248 0.646316648 273.15 0.0351500101 680
0.432995249 0.75 0 0.675996244 751.402466 0.64020741 273.15 0.0181424562 680
0.433000455 0.75 0.000121424179 0.666082561 719.380249 0.633441329 273.15 0.0315701552 680
0.433016092 0.75 0.000478377422 0.65082407 728.101196 0.630864263 273.15 0.051017724 680
0.433042209 0.75 0.00100223243 0.626932025 766.601624 0.627139986 273.15 0.0534000248 680
0.433078893 0.75 0.00146339257 0.595426977 795.324646 0.616907895 273.15 0.0399836078 680
0.433126264 0.75 0.00175201003 0.566481471 773.657776 0.607515693 273.15 0.0310027767 680
0.433184477 0.75 0.00207971364 0.548467934 780.628723 0.60611099 273.15 0.0342876762 680
0.433253724 0.75 0.00247211435 0.520056844 814.945435 0.601595223 273.15 0.0356091484 680
0.433334235 0.75 0.00284143098 0.486092597 829.253296 0.590883017 273.15 0.0326400772 680
0.433426275 0.75 0.00318574347 0.456846654 826.806274 0.581846476 273.15 0.0309158228 680
0.433530152 0.75 0.00354316986 0.428515166 837.013916 0.576032281 273.15 0.0312445685 680
0.433646212 0.75 0.00391461348 0.395288825 854.945618 0.568754017 273.15 0.0314356275 680
0.433774845 0.75 0.00428782075 0.359409273 867.868103 0.559033632 273.15 0.0309892446 680
0.433916486 0.75 0.00465942511 0.323582381 875.495972 0.548875928 273.15 0.0305509083 680
0.434071616 0.75 0.00503435893 0.287908733 883.972229 0.539467275 273.15 0.0305159017 680
0.434240764 0.75 0.00541588429 0.250390768 895.342285 0.529851437 273.15 0.0306969676 680
0.434424511 0.75 0.00580226926 0.210858434 906.479858 0.51918292 273.15 0.030858228 680
0.434623494 0.75 0.0061924251 0.170299307 915.863892 0.507617652 273.15 0.0310064908 680
0.434838406 0.75 0.00658601022 0.129199922 923.615601 0.495612293 273.15 0.0312163197 680
0.43507 0.75 0.00698411884 0.0876930431 931.17572 0.48350507 273.15 0.0315665826 680
0.435319096 0.75 0.00738765557 0.0450887345 939.001099 0.470981985 273.15 0.0320318863 680
0.43558658 0.75 0.00779635619 0.00143818348 946.319885 0.457927942 273.15 0.0325790569 680
0.435873412 0.75 0.00821065317 -0.0430838019 953.513916 0.444378942 273.15 0.0332308635 680
0.436180631 0.75 0.00863045264 -0.0886574537 960.182556 0.430132478 273.15 0.0339657441 680
0.436509356 0.75 0.00905554412 -0.13484399 966.039734 0.415309548 273.15 0.0347887464 680
0.436860797 0.75 0.00948623205 -0.181627318 971.505005 0.399894953 273.15 0.0357014313 680
0.437236256 0.75 0.00992227259 -0.229004338 976.045776 0.383880258 273.15 0.0367156789 680
0.437637136 0.75 0.0103636023 -0.276565045 979.828674 0.3674317 273.15 0.0378633626 680
0.438064949 0.75 0.0108105062 -0.324459136 983.323364 0.350369394 273.15 0.0391697288 680
0.43852132 0.75 0.0112626313 -0.372700244 985.860779 0.332542717 273.15 0.0406243689 680
0.439007997 0.75 0.0117198201 -0.420847893 987.623474 0.31410864 273.15 0.0422684886 680
0.439526859 0.75 0.0121820824 -0.469328761 987.932861 0.294832766 273.15 0.0440920629 680
0.440079925 0.75 0.0126485912 -0.517973363 984.287354 0.274433851 273.15 0.0460019521 680
0.440669364 0.75 0.0131185378 -0.565312922 976.133911 0.253336281 273.15 0.0479960963 680
0.441297506 0.75 0.0135912786 -0.610635221 965.2323 0.231426537 273.15 0.0501696095 680
0.441966849 0.75 0.0140659697 -0.653233469 952.737915 0.208657175 273.15 0.0526169166 680
0.442680076 0.75 0.0145420489 -0.692737937 940.281494 0.185588554 273.15 0.0555125549 680
0.443440063 0.75 0.0150190818 -0.728913903 932.457581 0.162363261 273.15 0.0592361763 680
0.444249895 0.75 0.0154957348 -0.760889232 933.978699 0.138337076 273.15 0.0643114522 680
0.445112877 0.75 0.0159706322 -0.788551033 936.97699 0.114867821 273.15 0.0706424788 680
0.446032551 0.75 0.0164425497 -0.812948525 926.015503 0.0914171636 273.15 0.0774185881 680
0.447012708 0.75 0.0169100006 -0.832128584 901.349243 0.0693877563 273.15 0.0847339928 680
0.448057407 0.75 0.0173717396 -0.843808293 873.049927 0.049666889 273.15 0.0936506242 680
0.449170989 0.75 0.017826838 -0.848583102 844.343079 0.0327211842 273.15 0.105131358 680
0.450358096 0.75 0.0182739806 -0.846267223 813.906067 0.0193282105 273.15 0.120108232 680
0.451623687 0.75 0.0187121963 -0.836978316 782.041443 0.00995505415 273.15 0.140330166 680
0.452973054 0.75 0.0191410628 -0.821767688 749.830872 0.00424552243 273.15 0.169049323 680
0.454411846 0.75 0.0195598755 -0.8011024 717.692139 0.00137824286 273.15 0.212629989 680
0.455946082 0.75 0.0199685437 -0.775654614 686.193359 0.000358234276 273.15 0.286164224 680
0.457582173 0.75 0.0203679128 -0.746722281 655.852966 5.01687646e-05 273.15 0.436028779 680
0.459326936 0.75 0.0207588569 -0.715318322 627.295471 0 273.15 0.853288174 680
0.461187618 0.75 0.0211434073 -0.682568252 601.317871 0 274.844 0 680
0.463171908 0.75 0.0215249645 -0.649858594 578.719727 0 274.844 0 680
0.465287952 0.75 0.0219065053 -0.618148744 559.88385 0 274.844 0 680
0.467544373 0.75 0.0222923622 -0.588289082 544.764954 0 274.844 0 680
0.469950278 0.75 0.0226878431 -0.561176836 533.417725 0 274.844 0 680
0.472515268 0.75 0.0230952321 -0.537033558 524.974304 0 274.844 0 680
0.475249448 0.75 0.0235166875 -0.515768945 518.329407 0 274.844 0 680
0.478163424 0.75 0.0239542589 -0.497350276 513.249084 0 274.844 0 680
0.481268304 0.75 0.0244075598 -0.481441289 509.150421 0 274.844 0 680
0.484575686 0.75 0.0248754267 -0.467504621 505.308777 0 274.844 0 680
0.488097649 0.75 0.0253566583 -0.45507583 501.45047 0 274.844 0 680
0.491846722 0.75 0.0258505711 -0.44386223 497.520142 0 274.844 0 680
0.495835859 0.75 0.0263565303 -0.433695704 493.516907 0 274.844 0 680
0.50007839 0.75 0.0268736805 -0.424427837 489.377563 0 274.844 0 680
0.504587975 0.75 0.0274007778 -0.415897369 485.021576 0 274.844 0 680
0.509378531 0.75 0.0279364469 -0.407949924 480.408234 0 274.844 0 680
0.514464153 0.75 0.0284792019 -0.400461614 475.550415 0 274.844 0 680
0.519859022 0.75 0.0290274825 -0.393333554 470.414368 0 274.844 0 680
0.525577289 0.75 0.0295797336 -0.386497498 464.963623 0 274.844 0 680
0.531632947 0.75 0.0301342018 -0.379900575 459.241272 0 274.844 0 680
0.538039687 0.75 0.0306890076 -0.373500347 453.324829 0 274.844 0 680
0.544810727 0.75 0.0312423576 -0.367287427 447.340637 0 274.844 0 680
0.551958634 0.75 0.031792242 -0.36126253 441.417847 0 274.844 0 680
0.559495122 0.75 0.0323366314 -0.355431974 435.637207 0 274.844 0 680
0.567430832 0.75 0.0328736606 -0.349837273 430.034515 0 274.844 0 680
0.575775107 0.75 0.0334010515 -0.344503522 424.602631 0 274.844 0 680
0.584535739 0.75 0.0339164894 -0.339447349 419.333557 0 274.844 0 680
0.593718726 0.75 0.0344175308 -0.334704429 414.229431 0 274.844 0 680
0.603328012 0.75 0.0349013272 -0.330291599 409.294464 0 274.844 0 680
0.613365234 0.75 0.0353649013 -0.32623145 404.547089 0 274.844 0 680
0.623829473 0.75 0.0358045623 -0.322524399 399.99765 0 274.844 0 680
0.634717022 0.75 0.0362162874 -0.319151074 395.630981 0 274.844 0 680
0.646021176 0.75 0.0365952631 -0.316071749 391.429443 0 274.844 0 680
0.65773205 0.75 0.0369362004 -0.313221037 387.378754 0 274.844 0 680
0.669836433 0.75 0.0372331408 -0.310518235 383.436005 0 274.844 0 680
0.682317689 0.75 0.0374795126 -0.307848543 379.548401 0 274.844 0 680
0.695155716 0.75 0.0376681893 -0.305069387 375.648621 0 274.844 0 680
0.708326951 0.75 0.0377919151 -0.302024662 371.675507 0 274.844 0 680
0.721804453 0.75 0.0378435067 -0.298559248 367.573181 0 274.844 0 680
0.735558047 0.75 0.0378160531 -0.294511646 363.278687 0 274.844 0 680
0.749554531 0.75 0.0377032041 -0.289721996 358.753082 0 274.844 0 680
0.763757965 0.75 0.0374999959 -0.284061432 353.977997 0 274.844 0 680
0.778130008 0.75 0.0372032319 -0.277466893 348.953888 0 274.844 0 680
0.792630324 0.75 0.0368108538 -0.269884199 343.678314 0 274.844 0 680
0.807217035 0.75 0.0363230691 -0.261292428 338.173248 0 274.844 0 680
0.821847209 0.75 0.0357424901 -0.251755595 332.499603 0 274.844 0 680
0.836477383 0.75 0.0350738057 -0.24138014 326.734802 0 274.844 0 680
0.851064093 0.75 0.0343236104 -0.230304986 320.945831 0 274.844 0 680
0.865564409 0.75 0.0335000638 -0.218690038 315.222443 0 274.844 0 680
0.879936452 0.75 0.0326126802 -0.206711501 309.66452 0 274.844 0 680
0.894139886 0.75 0.0316719735 -0.194559097 304.373779 0 274.844 0 680
0.908136371 0.75 0.0306886788 -0.182410002 299.434265 0 274.844 0 680
0.921889964 0.75 0.0296733374 -0.170413062 294.89859 0 274.844 0 680
0.935367467 0.75 0.0286359936 -0.158691823 290.786438 0 274.844 0 680
0.948538702 0.75 0.0275859082 -0.147339374 287.049286 0 274.844 0 680
0.961376728 0.75 0.0265311827 -0.136410072 283.592133 0 274.844 0 680
0.973857984 0.75 0.0254786967 -0.125923142 280.310974 0 274.844 0 680
0.985962367 0.75 0.0244341486 -0.115874968 277.153839 0 274.844 0 680
0.997673241 0.75 0.0234021032 -0.106243625 274.094116 0 274.844 0 680
1.0089774 0.75 0.0223860743 -0.0969917476 271.097107 0 274.844 0 680
1.01986494 0.75 0.0213886732 -0.0880715922 268.148682 0 274.844 0 680
1.03032918 0.75 0.0204118525 -0.0794333741 265.24704 0 274.844 0 680
1.0403664 0.75 0.0194571422 -0.0710311607 262.385925 0 274.844 0 680
1.04997569 0.75 0.0185256462 -0.0628227592 259.555817 0 274.844 0 680
1.05915868 0.75 0.0176182672 -0.0547722094 256.754608 0 274.844 0 680
1.06791931 0.75 0.0167357022 -0.0468526371 253.987274 0 274.844 0 680
1.07626358 0.75 0.0158786679 -0.0390484296 251.253769 0 274.844 0 680
1.0841993 0.75 0.0150478979 -0.0313564241 248.554291 0 274.844 0 680
1.09173578 0.75 0.0142440748 -0.0237815846 245.896347 0 274.844 0 680
1.09888369 0.75 0.0134678535 -0.0163357668 243.299286 0 274.844 0 680
1.10565473 0.75 0.0127197553 -0.00903479476 240.773254 0 274.844 0 680
1.11206147 0.75 0.0120003198 -0.00189922401 238.343079 0 274.844 0 680
1.11811713 0.75 0.0113099665 0.00504619349 236.051453 0 274.844 0 680
1.1238354 0.75 0.0106489074 0.0117789824 233.879196 0 274.844 0 680
1.12923026 0.75 0.0100173522 0.0182800721 231.738403 0 274.844 0 680
1.13431589 0.75 0.00941530849 0.0245387815 229.497284 0 274.844 0 680
1.13910644 0.75 0.00884256744 0.0305522196 227.105011 0 274.844 0 680
1.14361603 0.75 0.00829881936 0.0363166258 224.602585 0 274.844 0 680
1.14785856 0.75 0.0077835494 0.0418263413 222.030243 0 274.844 0 680
1.15184769 0.75 0.00729615056 0.047070004 219.595917 0 274.844 0 680
1.15559677 0.75 0.00683597936 0.0520357601 217.500778 0 274.844 0 680
1.15911873 0.75 0.00640221872 0.0567232557 215.676193 0 274.844 0 680
1.16242611 0.75 0.00599385082 0.0611429885 214.009232 0 274.844 0 680
1.16553099 0.75 0.0056097353 0.0653081164 212.493561 0 274.844 0 680
1.16844497 0.75 0.00524875598 0.0692287534 211.126892 0 274.844 0 680
1.17117915 0.75 0.00491013914 0.0729113519 209.787857 0 274.844 0 680
1.17374414 0.75 0.00459314015 0.0763586089 208.460983 0 274.844 0 680
1.17615004 0.75 0.00429676756 0.0795732588 207.225388 0 274.844 0 680
1.17840647 0.75 0.00401954729 0.0825718865 206.009521 0 274.844 0 680
1.18052251 0.75 0.00376002188 0.085378319 204.82338 0 274.844 0 680
1.1825068 0.75 0.00351688454 0.0880105197 203.704575 0 274.844 0 680
1.18436748 0.75 0.00328895758 0.0904846489 202.645798 0 274.844 0 680
1.18611224 0.75 0.00307517449 0.092813313 201.653503 0 274.844 0 680
1.18774834 0.75 0.00287456516 0.0950080529 200.704727 0 274.844 0 680
1.18928257 0.75 0.00268624347 0.0970791951 199.788559 0 274.844 0 680
1.19072136 0.75 0.00250939714 0.0990357399 198.894974 0 274.844 0 680
1.19207073 0.75 0.00234327907 0.100885637 198.022812 0 274.844 0 680
1.19333632 0.75 0.00218720017 0.102636039 197.171478 0 274.844 0 680
1.19452343 0.75 0.00204052331 0.104293391 196.341309 0 274.844 0 680
1.19563701 0.75 0.0019026581 0.105863601 195.529861 0 274.844 0 680
1.19668171 0.75 0.00177305656 0.10735175 194.735245 0 274.844 0 680
1.19766187 0.75 0.00165120927 0.108763225 193.961121 0 274.844 0 680
1.19858154 0.75 0.00153664207 0.110102341 193.203766 0 274.844 0 680
1.19944452 0.75 0.00142891325 0.111373313 192.459702 0 274.844 0 680
1.20025435 0.75 0.00132761093 0.112580165 191.731491 0 274.844 0 680
1.20101434 0.75 0.00123235087 0.113726661 191.018173 0 274.844 0 680
1.20172757 0.75 0.00114277445 0.114816211 190.31752 0 274.844 0 680
1.20239691 0.75 0.00105854684 0.115851946 189.625732 0 274.844 0 680
1.20302505 0.75 0.000979355361 0.116837025 188.944305 0 274.844 0 680
1.20361449 0.75 0.000904908033 0.117774114 188.275879 0 274.844 0 680
1.20416756 0.75 0.000834932166 0.118665807 187.617722 0 274.844 0 680
1.20468642 0.75 0.000769173127 0.119514585 186.968033 0 274.844 0 680
1.2051731 0.75 0.000707393186 0.120322645 186.325546 0 274.844 0 680
1.20562947 0.75 0.000649370443 0.121092223 185.689148 0 274.844 0 680
1.20605728 0.75 0.000594897845 0.121825181 185.057632 0 274.844 0 680
1.20645816 0.75 0.000543782264 0.122523546 184.429779 0 274.844 0 680
1.20683362 0.75 0.000495844854 0.123188838 183.805145 0 274.844 0 680
1.20718506 0.75 0.000450922552 0.123822883 183.184753 0 274.844 0 680
1.20751379 0.75 0.000408862853 0.124426529 182.567917 0 274.844 0 680
1.20782101 0.75 0.000369522448 0.125001594 181.954239 0 274.844 0 680
1.20810784 0.75 0.000332767003 0.125548467 181.341339 0 274.844 0 680
1.20837532 0.75 0.000298470891 0.126069203 180.726379 0 274.844 0 680
1.20862442 0.75 0.000266516898 0.126563564 180.10556 0 274.844 0 680
1.20885601 0.75 0.000236795919 0.127034023 179.482895 0 274.844 0 680
1.20907092 0.75 0.000209206632 0.127479255 178.857132 0 274.844 0 680
1.20926991 0.75 0.000183655182 0.127902523 178.23143 0 274.844 0 680
1.20945365 0.75 0.000160054871 0.128300741 177.600296 0 274.844 0 680
1.2096228 0.75 0.000138325848 0.128678754 176.975327 0 274.844 0 680
1.20977793 0.75 0.000118394819 0.129030377 176.347244 0 274.844 0 680
1.20991957 0.75 0.000100194771 0.129363224 175.749084 0 274.844 0 680
1.21004821 0.75 8.36647112e-05 0.129665524 175.162903 0 274.844 0 680
1.21016427 0.75 6.87494199e-05 0.129949078 174.690491 0 274.844 0 680
1.21026814 0.75 5.53992311e-05 0.13019383 174.302551 0 274.844 0 680
1.21036018 0.75 4.35698249e-05 0.130413473 174.299561 0 274.844 0 680
1.21044069 0.75 3.32220426e-05 0.130580246 174.6931 0 274.844 0 680
1.21050994 0.75 2.43217203e-05 0.130731612 176.32193 0 274.844 0 680
1.21056815 0.75 1.68395436e-05 0.13075529 179.733841 0 274.844 0 680
1.21061552 0.75 1.07509204e-05 0.130734161 188.736008 0 274.844 0 680
1.21065221 0.75 6.03587519e-06 0.130477339 212.126999 0 274.844 0 680
1.21067833 0.75 2.67896125e-06 0.129758224 271.904083 0 274.844 0 680
1.21069396 0.75 6.69193463e-07 0.129248992 577.123108 0 274.844 0 680

ZONE T="SLICE_Y_1p40_BINS15_KS_1p0mm_CUTDATA"
1.39330511 1.39999998 0 0.119953111 1511.41455 0 274.844 0 680
1.39330119 1.39999998 -5.03417604e-07 0.120543063 674.579468 0 274.844 0 680
1.39328943 1.39999998 -2.01531594e-06 0.121313818 319.289215 0 274.844 0 680
1.39326978 1.39999998 -4.54063884e-06 0.122236513 251.063461 0 274.844 0 680
1.39324218 1.39999998 -8.08765014e-06 0.122554719 224.444473 0 274.844 0 680
1.39320655 1.39999998 -1.26679699e-05 0.122663133 214.621719 0 274.844 0 680
1.39316276 1.39999998 -1.82966255e-05 0.122696549 210.901947 0 274.844 0 680
1.39311066 1.39999998 -2.49921167e-05 0.122590482 208.920044 0 274.844 0 680
1.3930501 1.39999998 -3.27764961e-05 0.122457534 208.192947 0 274.844 0 680
1.39298086 1.39999998 -4.16754642e-05 0.12223696 207.777939 0 274.844 0 680
1.39290271 1.39999998 -5.17184793e-05 0.121992558 207.914917 0 274.844 0 680
1.3928154 1.39999998 -6.29388822e-05 0.121692494 208.205658 0 274.844 0 680
1.39271864 1.39999998 -7.53740356e-05 0.121370047 208.672592 0 274.844 0 680
1.39261208 1.39999998 -8.90654788e-05 0.121010944 209.180481 0 274.844 0 680
1.39249538 1.39999998 -0.000104059096 0.120630257 209.751755 0 274.844 0 680
1.39236814 1.39999998 -0.0001204053 0.120220095 210.333145 0 274.844 0 680
1.39222991 1.39999998 -0.000138159228 0.119788326 210.936111 0 274.844 0 680
1.39208022 1.39999998 -0.000157380948 0.119329967 211.540329 0 274.844 0 680
1.39191855 1.39999998 -0.000178135683 0.118848957 212.152618 0 274.844 0 680
1.39174432 1.39999998 -0.000200494037 0.118341923 212.765335 0 274.844 0 680
1.39155693 1.39999998 -0.00022453223 0.117810674 213.383041 0 274.844 0 680
1.39135571 1.39999998 -0.000250332343 0.117252745 214.003815 0 274.844 0 680
1.39113994 1.39999998 -0.000277982551 0.116668738 214.629486 0 274.844 0 680
1.39090882 1.39999998 -0.000307577359 0.116056688 215.255859 0 274.844 0 680
1.39066153 1.39999998 -0.000339217825 0.115416415 215.885574 0 274.844 0 680
1.39039715 1.39999998 -0.000373011756 0.11474625 216.521927 0 274.844 0 680
1.3901147 1.39999998 -0.000409073878 0.114045657 217.165405 0 274.844 0 680
1.38981313 1.39999998 -0.000447526858 0.113312975 217.814423 0 274.844 0 680
1.3894913 1.39999998 -0.00048850524 0.112547025 218.469803 0 274.844 0 680
1.38914798 1.39999998 -0.000532154306 0.111745946 219.132706 0 274.844 0 680
1.38878187 1.39999998 -0.00057862982 0.110908262 219.804413 0 274.844 0 680
1.38839154 1.39999998 -0.00062809871 0.110032022 220.485779 0 274.844 0 680
1.38797548 1.39999998 -0.000680739816 0.109115481 221.17778 0 274.844 0 680
1.38753206 1.39999998 -0.000736744689 0.108156554 221.881226 0 274.844 0 680
1.38705953 1.39999998 -0.000796318467 0.107153222 222.596985 0 274.844 0 680
1.386556 1.39999998 -0.000859680807 0.106103219 223.32576 0 274.844 0 680
1.38601945 1.39999998 -0.000927066921 0.105004266 224.068329 0 274.844 0 680
1.38544773 1.39999998 -0.000998728693 0.103853866 224.825317 0 274.844 0 680
1.38483852 1.39999998 -0.00107493591 0.10264945 225.597366 0 274.844 0 680
1.38418932 1.39999998 -0.00115597763 0.101388261 226.384949 0 274.844 0 680
1.38349747 1.39999998 -0.00124216368 0.100067399 227.188492 0 274.844 0 680
1.38276012 1.39999998 -0.00133382637 0.0986837596 228.008347 0 274.844 0 680
1.38197422 1.39999998 -0.00143132239 0.0972340703 228.844757 0 274.844 0 680
1.3811365 1.39999998 -0.00153503495 0.0957147628 229.697845 0 274.844 0 680
1.38024347 1.39999998 -0.00164537631 0.0941220224 230.567596 0 274.844 0 680
1.3792914 1.39999998 -0.00176279059 0.0924516395 231.453873 0 274.844 0 680
1.3792914 1.39999998 -0.00176279059 0.0924516395 231.453873 0 274.844 0 680
1.3782763 1.39999998 -0.00188775708 0.0906989798 232.35643 0 274.844 0 680
1.37719393 1.39999998 -0.00202079418 0.0888588578 233.274902 0 274.844 0 680
1.37603977 1.39999998 -0.0021624639 0.0869253501 234.208984 0 274.844 0 680
1.37480898 1.39999998 -0.00231337732 0.0848916247 235.158096 0 274.844 0 680
1.37349643 1.39999998 -0.00247420102 0.0827495977 236.12056 0 274.844 0 680
1.37209669 1.39999998 -0.0026456648 0.0804894492 237.096375 0 274.844 0 680
1.37060396 1.39999998 -0.00282857098 0.0780990794 238.087585 0 274.844 0 680
1.36901211 1.39999998 -0.00302380549 0.0755631924 239.096725 0 274.844 0 680
1.36731466 1.39999998 -0.00323235141 0.0728617981 240.14032 0 274.844 0 680
1.36550476 1.39999998 -0.00345530514 0.0699726269 241.284851 0 274.844 0 680
1.36357518 1.39999998 -0.0036937756 0.0668836087 242.605316 0 274.844 0 680
1.36151832 1.39999998 -0.00394850863 0.0636000857 244.101227 0 274.844 0 680
1.35932621 1.39999998 -0.0042200644 0.0601349473 245.7043 0 274.844 0 680
1.35699049 1.39999998 -0.00450902495 0.056493178 247.371155 0 274.844 0 680
1.35450243 1.39999998 -0.00481622997 0.0526695587 249.122238 0 274.844 0 680
1.35185294 1.39999998 -0.00514253732 0.0486585014 250.990631 0 274.844 0 680
1.34903261 1.39999998 -0.00548871267 0.0444611721 252.993927 0 274.844 0 680
1.34603168 1.39999998 -0.0058553707 0.0400871933 255.12674 0 274.844 0 680
1.34284013 1.39999998 -0.00624299548 0.0355500914 257.370636 0 274.844 0 680
1.33944768 1.39999998 -0.00665204364 0.0308658443 259.711731 0 274.844 0 680
1.33584386 1.39999998 -0.0070829025 0.0260561407 262.086487 0 274.844 0 680
1.33201808 1.39999998 -0.00753580499 0.0211435556 264.378571 0 274.844 0 680
1.32795965 1.39999998 -0.00801090826 0.0161444787 266.529694 0 274.844 0 680
1.32365794 1.39999998 -0.00850820662 0.0110753663 268.594025 0 274.844 0 680
1.31910242 1.39999998 -0.00902754224 0.00595758716 270.654449 0 274.844 0 680
1.31428279 1.39999998 -0.00956875567 0.00081455952 272.749023 0 274.844 0 680
1.3091891 1.39999998 -0.0101315314 -0.00432957662 274.878204 0 274.844 0 680
1.30381191 1.39999998 -0.0107154633 -0.00945415907 277.058899 0 274.844 0 680
1.2981424 1.39999998 -0.0113201595 -0.0145432604 279.274719 0 274.844 0 680
1.29217256 1.39999998 -0.0119451271 -0.0195879024 281.484741 0 274.844 0 680
1.28589537 1.39999998 -0.0125898527 -0.0245894529 283.681854 0 274.844 0 680
1.27930496 1.39999998 -0.0132537844 -0.0295589678 285.884003 0 274.844 0 680
1.27239683 1.39999998 -0.0139363831 -0.0345204286 288.104248 0 274.844 0 680
1.265168 1.39999998 -0.0146371243 -0.0395093784 290.331085 0 274.844 0 680
1.25761725 1.39999998 -0.0153553291 -0.0445712134 292.57309 0 274.844 0 680
1.24974527 1.39999998 -0.0160901671 -0.0497568548 294.865173 0 274.844 0 680
1.24155483 1.39999998 -0.0168404871 -0.0551202334 297.224335 0 274.844 0 680
1.233051 1.39999998 -0.0176048205 -0.0607184432 299.679718 0 274.844 0 680
1.2242412 1.39999998 -0.0183812025 -0.0666045845 302.288116 0 274.844 0 680
1.21513537 1.39999998 -0.0191669901 -0.0728184134 305.114899 0 274.844 0 680
1.20574603 1.39999998 -0.0199587491 -0.0793804452 308.240601 0 274.844 0 680
1.19608831 1.39999998 -0.0207521929 -0.0862829611 311.693146 0 274.844 0 680
1.18617991 1.39999998 -0.0215421461 -0.0935017616 315.427734 0 274.844 0 680
1.17604112 1.39999998 -0.022322514 -0.100985467 319.429504 0 274.844 0 680
1.16569464 1.39999998 -0.0230863301 -0.108647794 323.715607 0 274.844 0 680
1.15516543 1.39999998 -0.0238260383 -0.11638163 328.266693 0 274.844 0 680
1.14448054 1.39999998 -0.0245337085 -0.124054462 333.039368 0 274.844 0 680
1.13366881 1.39999998 -0.0252012651 -0.131510794 337.947052 0 274.844 0 680
1.12276058 1.39999998 -0.0258207987 -0.138591394 342.893707 0 274.844 0 680
1.11178736 1.39999998 -0.026385152 -0.14515318 347.834625 0 274.844 0 680
1.10078145 1.39999998 -0.0268881867 -0.151065841 352.740692 0 274.844 0 680
1.08977553 1.39999998 -0.0273249418 -0.15621686 357.583527 0 274.844 0 680
1.07880231 1.39999998 -0.0276918902 -0.160519928 362.349518 0 274.844 0 680
1.06789408 1.39999998 -0.0279870664 -0.163928181 367.023376 0 274.844 0 680
1.05708235 1.39999998 -0.0282103146 -0.166460752 371.586853 0 274.844 0 680
1.04639746 1.39999998 -0.0283631831 -0.168172762 376.040863 0 274.844 0 680
1.03586825 1.39999998 -0.0284480766 -0.16911374 380.388153 0 274.844 0 680
1.02552177 1.39999998 -0.0284687292 -0.169380069 384.631653 0 274.844 0 680
1.01538298 1.39999998 -0.0284299182 -0.169117883 388.783875 0 274.844 0 680
1.00547459 1.39999998 -0.0283368423 -0.168458283 392.860077 0 274.844 0 680
0.995816857 1.39999998 -0.0281949055 -0.16752024 396.889954 0 274.844 0 680
0.986427518 1.39999998 -0.0280095661 -0.166419894 400.903351 0 274.844 0 680
0.977321692 1.39999998 -0.0277861853 -0.165256739 404.938416 0 274.844 0 680
0.968511893 1.39999998 -0.0275297066 -0.16410777 409.043732 0 274.844 0 680
0.960008059 1.39999998 -0.0272446126 -0.163018942 413.250275 0 274.844 0 680
0.951817626 1.39999998 -0.0269348821 -0.162021622 417.584412 0 274.844 0 680
0.943945639 1.39999998 -0.026604136 -0.161121979 422.062164 0 274.844 0 680
0.936394887 1.39999998 -0.0262554007 -0.160307854 426.696045 0 274.844 0 680
0.92916606 1.39999998 -0.0258914527 -0.159550235 431.48584 2.40000754e-05 274.834 0 680
0.922257927 1.39999998 -0.0255145317 -0.158801153 436.420685 6.40914732e-05 274.819 0 680
0.915667521 1.39999998 -0.0251267806 -0.158017635 441.497711 0.00016274309 274.781 0 680
0.909390331 1.39999998 -0.0247300376 -0.157144144 446.721863 0.000298189989 274.731 0 680
0.903420493 1.39999998 -0.0243260438 -0.156141981 452.13736 0.000585989445 274.624 0 680
0.897750981 1.39999998 -0.0239165132 -0.154964745 457.75296 0.00100862735 274.471 0 680
0.892373788 1.39999998 -0.0235028488 -0.153555393 463.51651 0.00160125177 274.259 0 680
0.887280103 1.39999998 -0.0230865775 -0.151890188 469.3797 0.00247858115 273.95 0 680
0.882460472 1.39999998 -0.0226692108 -0.149957925 475.285797 0.00353433448 273.586 0 680
0.877904951 1.39999998 -0.0222520981 -0.147753552 481.197052 0.00500551937 273.15 0.0300495941 680
0.873603241 1.39999998 -0.0218366534 -0.145301655 487.102722 0.00667533418 273.15 0.237102315 680
0.869544815 1.39999998 -0.0214241955 -0.142631084 492.969177 0.00869204849 273.15 0.382397681 680
0.865719028 1.39999998 -0.0210158945 -0.139775351 498.760254 0.0110659981 273.15 0.486468494 680
0.862115212 1.39999998 -0.0206129239 -0.136805594 504.456665 0.0134542529 273.15 0.554155409 680
0.858722763 1.39999998 -0.0202164017 -0.133804113 510.046356 0.0164306685 273.15 0.611810625 680
0.855531212 1.39999998 -0.0198273625 -0.13088125 515.550232 0.0194511581 273.15 0.652338505 680
0.852530284 1.39999998 -0.019446742 -0.128153533 521.011902 0.0224489309 273.15 0.833879471 680
0.84970995 1.39999998 -0.0190751836 -0.125719398 526.465698 0.0258343201 273.15 0.575371265 680
0.847060465 1.39999998 -0.018713165 -0.123681381 531.8797 0.0293781701 273.15 0.353023618 680
0.844572403 1.39999998 -0.0183612004 -0.122265652 537.239441 0.0328017063 273.15 0.25240019 680
0.842236679 1.39999998 -0.0180201935 -0.121829517 542.679382 0.0360041931 273.15 0.194959059 680
0.840044568 1.39999998 -0.0176910194 -0.122808911 548.711548 0.0390987955 273.15 0.157974586 680
0.837987712 1.39999998 -0.0173739689 -0.12547946 555.802856 0.0427062474 273.15 0.132445544 680
0.836058133 1.39999998 -0.0170675003 -0.129753068 564.217468 0.0469146632 273.15 0.113997936 680
0.834248231 1.39999998 -0.0167699899 -0.135620967 575.001831 0.0518497191 273.15 0.100367382 680
0.832550782 1.39999998 -0.0164797193 -0.142787695 588.839294 0.0581618063 273.15 0.0901906863 680
0.830958934 1.39999998 -0.0161926956 -0.150367901 605.533081 0.0669938922 273.15 0.0824598595 680
0.829466203 1.39999998 -0.0159056597 -0.157576114 624.973999 0.0779917166 273.15 0.0753010437 680
0.828066458 1.39999998 -0.0156163719 -0.163693786 646.586243 0.0910634324 273.15 0.0695047081 680
0.826753915 1.39999998 -0.0153222744 -0.167779028 669.45929 0.106948078 273.15 0.0648446903 680
0.825523125 1.39999998 -0.015021839 -0.169104114 693.015686 0.1245481 273.15 0.0610563196 680
0.824368957 1.39999998 -0.014714408 -0.167121589 716.773987 0.144083768 273.15 0.0579578318 680
0.82328659 1.39999998 -0.0143993456 -0.16128765 740.252808 0.165058374 273.15 0.0553999878 680
0.822271494 1.39999998 -0.01407672 -0.151455149 763.173157 0.18680279 273.15 0.0532617718 680
0.821319422 1.39999998 -0.0137470613 -0.137501433 784.864868 0.209479749 273.15 0.0514494479 680
0.820426391 1.39999998 -0.013410687 -0.119310752 803.985413 0.232638493 273.15 0.049844116 680
0.819588671 1.39999998 -0.0130683278 -0.0971818268 820.07666 0.255781531 273.15 0.0483900197 680
0.81880277 1.39999998 -0.012720973 -0.0714106783 833.549011 0.278771192 273.15 0.0470880382 680
0.818065422 1.39999998 -0.0123693213 -0.0422553271 844.278076 0.301470935 273.15 0.0459185839 680
0.817373574 1.39999998 -0.0120143095 -0.0102918753 852.361938 0.323760509 273.15 0.0448699705 680
0.816724374 1.39999998 -0.0116570561 0.023856163 858.025085 0.345331907 273.15 0.0439333953 680
0.816115158 1.39999998 -0.0112984818 0.0596504509 861.448669 0.366073608 273.15 0.043103274 680
0.815543439 1.39999998 -0.0109396218 0.0963919014 863.298096 0.38584888 273.15 0.0423897095 680
0.815006896 1.39999998 -0.0105814793 0.133645758 863.875977 0.404862911 273.15 0.0418016911 680
0.814503365 1.39999998 -0.010224381 0.171285376 863.088806 0.423279196 273.15 0.0413236469 680
0.81403083 1.39999998 -0.00986874982 0.209004387 860.883118 0.440905333 273.15 0.0406239256 680
0.81358741 1.39999998 -0.00951522067 0.246455953 857.303345 0.457666874 273.15 0.0400301628 680
0.813171351 1.39999998 -0.0091642777 0.283316076 852.570923 0.473543346 273.15 0.0395423695 680
0.812781025 1.39999998 -0.00881652927 0.319191068 847.220032 0.488464952 273.15 0.0391701609 680
0.81241491 1.39999998 -0.00847259752 0.353885263 841.646362 0.502646804 273.15 0.0389406085 680
0.812071593 1.39999998 -0.00813247502 0.387406439 835.670044 0.516256273 273.15 0.0388572253 680
0.81174976 1.39999998 -0.00779628038 0.419633448 829.411377 0.529183388 273.15 0.0389156081 680
0.811448188 1.39999998 -0.00746427898 0.450496376 822.924438 0.541528404 273.15 0.0391326323 680
0.811165739 1.39999998 -0.00713625653 0.479999781 816.120544 0.553353012 273.15 0.0395197198 680
0.810901359 1.39999998 -0.0068122607 0.508033633 809.039734 0.564529002 273.15 0.040075969 680
0.810654067 1.39999998 -0.00649247495 0.534532905 801.774292 0.575136304 273.15 0.0408323407 680
0.810422955 1.39999998 -0.00617667025 0.559464931 794.491699 0.585187376 273.15 0.0418204628 680
0.810207178 1.39999998 -0.00586500493 0.582741141 787.291077 0.59460932 273.15 0.0430638976 680
0.810005956 1.39999998 -0.00555754961 0.604347944 780.279114 0.603524745 273.15 0.0446328372 680
0.809818568 1.39999998 -0.00525397896 0.624260902 773.805847 0.611912072 273.15 0.0465998091 680
0.809644345 1.39999998 -0.00495449175 0.642477334 767.828491 0.619828165 273.15 0.0490713008 680
0.809482672 1.39999998 -0.00465840745 0.65904814 761.696838 0.627433598 273.15 0.0522075556 680
0.809332982 1.39999998 -0.00436490291 0.673935056 755.256592 0.63453269 273.15 0.056138996 680
0.809194754 1.39999998 -0.0040742351 0.687026381 749.253906 0.640888572 273.15 0.0610571876 680
0.809067508 1.39999998 -0.00378722306 0.698241889 744.87262 0.646443307 273.15 0.0673194081 680
0.808950808 1.39999998 -0.00350516967 0.707606018 741.977844 0.651587844 273.15 0.0757811069 680
0.808844255 1.39999998 -0.00322562095 0.715221643 738.508484 0.656735539 273.15 0.0879329443 680
0.808747487 1.39999998 -0.0029448664 0.720997453 733.861877 0.661457717 273.15 0.105584845 680
0.808660178 1.39999998 -0.00266543859 0.724847317 730.905029 0.665068805 273.15 0.132211789 680
0.808582034 1.39999998 -0.00239655561 0.726909935 732.671448 0.667602718 273.15 0.179842919 680
0.808512795 1.39999998 -0.00213753788 0.727163196 739.564026 0.669453979 273.15 0.188939035 680
0.808452229 1.39999998 -0.00185971017 0.725444734 742.031189 0.669680715 273.15 0.140717342 680
0.808400135 1.39999998 -0.00156451687 0.722025573 740.877808 0.669059634 273.15 0.106685042 680
0.808356343 1.39999998 -0.00131799359 0.717024207 752.51239 0.671209812 273.15 0.0819794089 680
0.808320707 1.39999998 -0.00110087385 0.708583295 772.59259 0.676316559 273.15 0.0806035027 680
0.808293111 1.39999998 -0.000753954537 0.697663426 776.672913 0.681497335 273.15 0.0818296149 680
0.808273463 1.39999998 -0.000359871441 0.684798181 780.707581 0.684314072 273.15 0.0658172369 680
0.808261701 1.39999998 -9.13443914e-05 0.672553241 798.078552 0.684270203 273.15 0.0374584049 680
0.808257784 1.39999998 0 0.660983324 830.653748 0.679040253 273.15 0.0200413465 680
0.808261701 1.39999998 9.13443914e-05 0.651031196 807.359497 0.673604429 273.15 0.0342556089 680
0.808273463 1.39999998 0.000359871441 0.635924697 810.346191 0.672118247 273.15 0.0528537482 680
0.808293111 1.39999998 0.000753954537 0.613347411 842.055969 0.669611871 273.15 0.0544680022 680
0.808320707 1.39999998 0.00110087385 0.585320652 878.427551 0.66080755 273.15 0.0417659283 680
0.808356343 1.39999998 0.00131799359 0.559173465 871.06366 0.652448893 273.15 0.0332718492 680
0.808400135 1.39999998 0.00156451687 0.539272964 864.400574 0.651251018 273.15 0.036099162 680
0.808452229 1.39999998 0.00185971017 0.512718499 896.558533 0.64709729 273.15 0.0372320153 680
0.808512795 1.39999998 0.00213753788 0.482182056 926.063782 0.637094259 273.15 0.0346771702 680
0.808582034 1.39999998 0.00239655561 0.453183532 928.973816 0.628553748 273.15 0.0330785401 680
0.808660178 1.39999998 0.00266543859 0.424779654 929.930725 0.622965872 273.15 0.0331153646 680
0.808747487 1.39999998 0.0029448664 0.393039495 943.330872 0.615963519 273.15 0.0331322215 680
0.808844255 1.39999998 0.00322562095 0.359186053 958.570801 0.606623709 273.15 0.0327141695 680
0.808950808 1.39999998 0.00350516967 0.324678272 968.817566 0.596833527 273.15 0.0323272385 680
0.809067508 1.39999998 0.00378722306 0.289758325 976.070801 0.587722659 273.15 0.0322465077 680
0.809194754 1.39999998 0.0040742351 0.253280133 985.150696 0.578395903 273.15 0.0323529243 680
0.809332982 1.39999998 0.00436490291 0.215166777 995.837646 0.568054974 273.15 0.032491751 680
0.809482672 1.39999998 0.00465840745 0.175947413 1005.78955 0.556847453 273.15 0.0326512009 680
0.809644345 1.39999998 0.00495449175 0.136072919 1013.85114 0.54520762 273.15 0.0328717306 680
0.809818568 1.39999998 0.00525397896 0.0955523103 1020.69836 0.533460617 273.15 0.0332101136 680
0.810005956 1.39999998 0.00555754961 0.0540528037 1027.48022 0.521311224 273.15 0.0336567871 680
0.810207178 1.39999998 0.00586500493 0.0115798153 1034.22266 0.508652151 273.15 0.0342018418 680
0.810422955 1.39999998 0.00617667025 -0.0318417102 1040.88782 0.495520025 273.15 0.0348563343 680
0.810654067 1.39999998 0.00649247495 -0.0762058273 1047.0033 0.481721878 273.15 0.0355955921 680
0.810901359 1.39999998 0.0068122607 -0.121244766 1052.26465 0.467372626 273.15 0.0364297889 680
0.811165739 1.39999998 0.00713625653 -0.166917622 1056.97412 0.452456743 273.15 0.0372996703 680
0.811448188 1.39999998 0.00746427898 -0.213101417 1060.849 0.436856627 273.15 0.0381357297 680
0.81174976 1.39999998 0.00779628038 -0.259554029 1063.77979 0.420760393 273.15 0.0390847772 680
0.812071593 1.39999998 0.00813247502 -0.306347609 1066.13074 0.404080868 273.15 0.0401634648 680
0.81241491 1.39999998 0.00847259752 -0.353379846 1067.77356 0.38667798 273.15 0.0413736515 680
0.812781025 1.39999998 0.00881652927 -0.400415957 1068.49341 0.36871314 273.15 0.0427360944 680
0.813171351 1.39999998 0.0091642777 -0.447505027 1068.69482 0.350114107 273.15 0.0442740768 680
0.81358741 1.39999998 0.00951522067 -0.494278371 1067.82776 0.330498874 273.15 0.0459777229 680
0.81403083 1.39999998 0.00986874982 -0.539972782 1064.90161 0.30991888 273.15 0.0478448011 680
0.814503365 1.39999998 0.010224381 -0.584028244 1059.91003 0.28841427 273.15 0.0499112122 680
0.815006896 1.39999998 0.0105814793 -0.625846267 1052.73755 0.266087025 273.15 0.0522178374 680
0.815543439 1.39999998 0.0109396218 -0.66498059 1043.45093 0.243216947 273.15 0.0548259392 680
0.816115158 1.39999998 0.0112984818 -0.701330483 1032.42468 0.219981506 273.15 0.0578072593 680
0.816724374 1.39999998 0.0116570561 -0.734326482 1019.19049 0.195802331 273.15 0.0612045415 680
0.817373574 1.39999998 0.0120143095 -0.762916684 1003.10669 0.170881674 273.15 0.0650989786 680
0.818065422 1.39999998 0.0123693213 -0.786480725 983.684753 0.146033585 273.15 0.0696102008 680
0.81880277 1.39999998 0.012720973 -0.804048359 959.634338 0.120947093 273.15 0.0748086497 680
0.819588671 1.39999998 0.0130683278 -0.815113842 930.886353 0.0971264094 273.15 0.0809314325 680
0.820426391 1.39999998 0.013410687 -0.819828868 899.840454 0.0743562281 273.15 0.0884726867 680
0.821319422 1.39999998 0.0137470613 -0.817695439 867.263977 0.0534349605 273.15 0.0980547369 680
0.822271494 1.39999998 0.01407672 -0.809052467 833.335022 0.0357617848 273.15 0.110604525 680
0.82328659 1.39999998 0.0143993456 -0.794766366 798.917603 0.0216864496 273.15 0.127633289 680
0.824368957 1.39999998 0.014714408 -0.775232852 764.330627 0.0114795845 273.15 0.151744917 680
0.825523125 1.39999998 0.015021839 -0.751116812 730.355286 0.00531324698 273.15 0.187950686 680
0.826753915 1.39999998 0.0153222744 -0.723572075 697.717529 0.00205145054 273.15 0.24722603 680
0.828066458 1.39999998 0.0156163719 -0.693609059 667.071045 0.000611041789 273.15 0.359596133 680
0.829466203 1.39999998 0.0159056597 -0.662285209 639.172485 0.000134572882 273.15 0.646625876 680
0.830958934 1.39999998 0.0161926956 -0.630888164 614.88501 1.70514668e-05 273.15 0.793170512 680
0.832550782 1.39999998 0.0164797193 -0.600298822 594.631714 0 274.844 0 680
0.834248231 1.39999998 0.0167699899 -0.571310103 578.368347 0 274.844 0 680
0.836058133 1.39999998 0.0170675003 -0.544721186 566.079468 0 274.844 0 680
0.837987712 1.39999998 0.0173739689 -0.520745814 556.878296 0 274.844 0 680
0.840044568 1.39999998 0.0176910194 -0.499317676 549.649231 0 274.844 0 680
0.842236679 1.39999998 0.0180201935 -0.480391622 543.965576 0 274.844 0 680
0.844572403 1.39999998 0.0183612004 -0.463670284 539.160645 0 274.844 0 680
0.847060465 1.39999998 0.018713165 -0.448695213 534.596924 0 274.844 0 680
0.84970995 1.39999998 0.0190751836 -0.435052663 530.032959 0 274.844 0 680
0.852530284 1.39999998 0.019446742 -0.422469884 525.386719 0 274.844 0 680
0.855531212 1.39999998 0.0198273625 -0.410781175 520.631226 0 274.844 0 680
0.858722763 1.39999998 0.0202164017 -0.399841636 515.699341 0 274.844 0 680
0.862115212 1.39999998 0.0206129239 -0.389496386 510.50528 0 274.844 0 680
0.865719028 1.39999998 0.0210158945 -0.379602224 505.017426 0 274.844 0 680
0.869544815 1.39999998 0.0214241955 -0.370046824 499.271515 0 274.844 0 680
0.873603241 1.39999998 0.0218366534 -0.360746622 493.293732 0 274.844 0 680
0.877904951 1.39999998 0.0222520981 -0.351653308 487.126709 0 274.844 0 680
0.882460472 1.39999998 0.0226692108 -0.342731982 480.817535 0 274.844 0 680
0.887280103 1.39999998 0.0230865775 -0.333958954 474.389465 0 274.844 0 680
0.892373788 1.39999998 0.0235028488 -0.325340182 467.901764 0 274.844 0 680
0.897750981 1.39999998 0.0239165132 -0.316892147 461.434814 0 274.844 0 680
0.903420493 1.39999998 0.0243260438 -0.308642387 455.052429 0 274.844 0 680
0.909390331 1.39999998 0.0247300376 -0.300649911 448.818146 0 274.844 0 680
0.915667521 1.39999998 0.0251267806 -0.292960525 442.741089 0 274.844 0 680
0.922257927 1.39999998 0.0255145317 -0.285609692 436.787048 0 274.844 0 680
0.92916606 1.39999998 0.0258914527 -0.278644681 430.953735 0 274.844 0 680
0.936394887 1.39999998 0.0262554007 -0.272096395 425.248474 0 274.844 0 680
0.943945639 1.39999998 0.026604136 -0.26599592 419.684021 0 274.844 0 680
0.951817626 1.39999998 0.0269348821 -0.26035139 414.26059 0 274.844 0 680
0.960008059 1.39999998 0.0272446126 -0.255150914 408.963989 0 274.844 0 680
0.968511893 1.39999998 0.0275297066 -0.250361294 403.775177 0 274.844 0 680
0.977321692 1.39999998 0.0277861853 -0.245922372 398.664612 0 274.844 0 680
0.986427518 1.39999998 0.0280095661 -0.241757125 393.596893 0 274.844 0 680
0.995816857 1.39999998 0.0281949055 -0.237759247 388.520325 0 274.844 0 680
1.00547459 1.39999998 0.0283368423 -0.233796552 383.392609 0 274.844 0 680
1.01538298 1.39999998 0.0284299182 -0.22972396 378.182281 0 274.844 0 680
1.02552177 1.39999998 0.0284687292 -0.225397527 372.857727 0 274.844 0 680
1.03586825 1.39999998 0.0284480766 -0.220669821 367.395477 0 274.844 0 680
1.04639746 1.39999998 0.0283631831 -0.215396717 361.789612 0 274.844 0 680
1.05708235 1.39999998 0.0282103146 -0.209463194 356.039978 0 274.844 0 680
1.06789408 1.39999998 0.0279870664 -0.202814355 350.140869 0 274.844 0 680
1.07880231 1.39999998 0.0276918902 -0.195407078 344.10202 0 274.844 0 680
1.08977553 1.39999998 0.0273249418 -0.187232167 337.94986 0 274.844 0 680
1.10078145 1.39999998 0.0268881867 -0.178354859 331.713531 0 274.844 0 680
1.11178736 1.39999998 0.026385152 -0.168875575 325.422943 0 274.844 0 680
1.12276058 1.39999998 0.0258207987 -0.158922747 319.111359 0 274.844 0 680
1.13366881 1.39999998 0.0252012651 -0.148642153 312.817474 0 274.844 0 680
1.14448054 1.39999998 0.0245337085 -0.138190657 306.599976 0 274.844 0 680
1.15516543 1.39999998 0.0238260383 -0.127733648 300.554932 0 274.844 0 680
1.16569464 1.39999998 0.0230863301 -0.117423259 294.763275 0 274.844 0 680
1.17604112 1.39999998 0.022322514 -0.10738194 289.259186 0 274.844 0 680
1.18617991 1.39999998 0.0215421461 -0.0977038667 284.063965 0 274.844 0 680
1.19608831 1.39999998 0.0207521929 -0.0884614587 279.165314 0 274.844 0 680
1.20574603 1.39999998 0.0199587491 -0.0796941444 274.588531 0 274.844 0 680
1.21513537 1.39999998 0.0191669901 -0.0714152753 270.38443 0 274.844 0 680
1.2242412 1.39999998 0.0183812025 -0.0636194944 266.512695 0 274.844 0 680
1.233051 1.39999998 0.0176048205 -0.0562731251 262.882111 0 274.844 0 680
1.24155483 1.39999998 0.0168404871 -0.0493270978 259.444977 0 274.844 0 680
1.24974527 1.39999998 0.0160901671 -0.0427227877 256.145996 0 274.844 0 680
1.25761725 1.39999998 0.0153553291 -0.0363998748 252.944946 0 274.844 0 680
1.265168 1.39999998 0.0146371243 -0.0303041544 249.847076 0 274.844 0 680
1.27239683 1.39999998 0.0139363831 -0.0243870057 246.827194 0 274.844 0 680
1.27930496 1.39999998 0.0132537844 -0.0186060015 243.880005 0 274.844 0 680
1.28589537 1.39999998 0.0125898527 -0.0129277389 241.001617 0 274.844 0 680
1.29217256 1.39999998 0.0119451271 -0.00732905231 238.186005 0 274.844 0 680
1.2981424 1.39999998 0.0113201595 -0.00179908006 235.440109 0 274.844 0 680
1.30381191 1.39999998 0.0107154633 0.00366383395 232.789505 0 274.844 0 680
1.3091891 1.39999998 0.0101315314 0.00905394927 230.249954 0 274.844 0 680
1.31428279 1.39999998 0.00956875567 0.0143617298 227.81926 0 274.844 0 680
1.31910242 1.39999998 0.00902754224 0.019572895 225.491653 0 274.844 0 680
1.32365794 1.39999998 0.00850820662 0.0246722139 223.231293 0 274.844 0 680
1.32795965 1.39999998 0.00801090826 0.0296473075 220.984268 0 274.844 0 680
1.33201808 1.39999998 0.00753580499 0.0344856977 218.709839 0 274.844 0 680
1.33584386 1.39999998 0.0070829025 0.0391763784 216.401962 0 274.844 0 680
1.33944768 1.39999998 0.00665204364 0.0437092893 214.108459 0 274.844 0 680
1.34284013 1.39999998 0.00624299548 0.0480720736 211.90802 0 274.844 0 680
1.34603168 1.39999998 0.0058553707 0.0522537641 209.835907 0 274.844 0 680
1.34903261 1.39999998 0.00548871267 0.0562478155 207.891129 0 274.844 0 680
1.35185294 1.39999998 0.00514253732 0.0600493662 206.081482 0 274.844 0 680
1.35450243 1.39999998 0.00481622997 0.0636562407 204.408463 0 274.844 0 680
1.35699049 1.39999998 0.00450902495 0.0670719594 202.856567 0 274.844 0 680
1.35932621 1.39999998 0.0042200644 0.0703047067 201.395432 0 274.844 0 680
1.36151832 1.39999998 0.00394850863 0.0733622313 200.008804 0 274.844 0 680
1.36357518 1.39999998 0.0036937756 0.0762450844 198.726898 0 274.844 0 680
1.36550476 1.39999998 0.00345530514 0.0789485648 197.594223 0 274.844 0 680
1.36731466 1.39999998 0.00323235141 0.0814730003 196.607986 0 274.844 0 680
1.36901211 1.39999998 0.00302380549 0.083830148 195.708496 0 274.844 0 680
1.37060396 1.39999998 0.00282857098 0.0860383511 194.843887 0 274.844 0 680
1.37209669 1.39999998 0.0026456648 0.0881140903 194.001312 0 274.844 0 680
1.37349643 1.39999998 0.00247420102 0.0900704265 193.17804 0 274.844 0 680
1.37480898 1.39999998 0.00231337732 0.0919180214 192.370544 0 274.844 0 680
1.37603977 1.39999998 0.0021624639 0.0936658233 191.578049 0 274.844 0 680
1.37719393 1.39999998 0.00202079418 0.0953213647 190.802002 0 274.844 0 680
1.3782763 1.39999998 0.00188775708 0.0968911499 190.041718 0 274.844 0 680
1.3792914 1.39999998 0.00176279059 0.0983809158 189.296661 0 274.844 0 680
1.38024347 1.39999998 0.00164537631 0.0997957736 188.566498 0 274.844 0 680
1.3811365 1.39999998 0.00153503495 0.10114032 187.850922 0 274.844 0 680
1.38197422 1.39999998 0.00143132239 0.102418743 187.149536 0 274.844 0 680
1.38276012 1.39999998 0.00133382637 0.103634857 186.461868 0 274.844 0 680
1.38349747 1.39999998 0.00124216368 0.10479217 185.787476 0 274.844 0 680
1.38418932 1.39999998 0.00115597763 0.105893932 185.125778 0 274.844 0 680
1.38483852 1.39999998 0.00107493591 0.106943198 184.476257 0 274.844 0 680
1.38544773 1.39999998 0.000998728693 0.107942767 183.838318 0 274.844 0 680
1.38601945 1.39999998 0.000927066921 0.108895361 183.211411 0 274.844 0 680
1.386556 1.39999998 0.000859680807 0.109803408 182.594864 0 274.844 0 680
1.38705953 1.39999998 0.000796318467 0.110669293 181.987839 0 274.844 0 680
1.38753206 1.39999998 0.000736744689 0.11149516 181.389496 0 274.844 0 680
1.38797548 1.39999998 0.000680739816 0.112283163 180.797729 0 274.844 0 680
1.38839154 1.39999998 0.00062809871 0.113035195 180.20932 0 274.844 0 680
1.38878187 1.39999998 0.00057862982 0.113753244 179.625809 0 274.844 0 680
1.38914798 1.39999998 0.000532154306 0.114438862 179.048935 0 274.844 0 680
1.3894913 1.39999998 0.00048850524 0.115093812 178.477051 0 274.844 0 680
1.38981313 1.39999998 0.000447526858 0.115719408 177.908798 0 274.844 0 680
1.3901147 1.39999998 0.000409073878 0.116317332 177.343262 0 274.844 0 680
1.39039715 1.39999998 0.000373011756 0.11688859 176.779541 0 274.844 0 680
1.39066153 1.39999998 0.000339217825 0.117434725 176.218903 0 274.844 0 680
1.39090882 1.39999998 0.000307577359 0.117956236 175.660889 0 274.844 0 680
1.39113994 1.39999998 0.000277982551 0.118454635 175.105621 0 274.844 0 680
1.39135571 1.39999998 0.000250332343 0.118930005 174.549896 0 274.844 0 680
1.39155693 1.39999998 0.00022453223 0.119384125 173.98877 0 274.844 0 680
1.39174432 1.39999998 0.000200494037 0.119816527 173.42131 0 274.844 0 680
1.39191855 1.39999998 0.000178135683 0.120229281 172.857162 0 274.844 0 680
1.39208022 1.39999998 0.000157380948 0.120620772 172.291779 0 274.844 0 680
1.39222991 1.39999998 0.000138159228 0.120993719 171.733765 0 274.844 0 680
1.39236814 1.39999998 0.0001204053 0.121344693 171.178009 0 274.844 0 680
1.39249538 1.39999998 0.000104059096 0.121677533 170.649231 0 274.844 0 680
1.39261208 1.39999998 8.90654788e-05 0.121985555 170.140244 0 274.844 0 680
1.39271864 1.39999998 7.53740356e-05 0.122274734 169.715805 0 274.844 0 680
1.3928154 1.39999998 6.29388822e-05 0.122531146 169.362732 0 274.844 0 680
1.39290271 1.39999998 5.17184793e-05 0.122767113 169.251022 0 274.844 0 680
1.39298086 1.39999998 4.16754642e-05 0.122953527 169.347488 0 274.844 0 680
1.3930501 1.39999998 3.27764961e-05 0.123115517 170.122345 0 274.844 0 680
1.39311066 1.39999998 2.49921167e-05 0.123198867 171.310562 0 274.844 0 680
1.39316276 1.39999998 1.82966255e-05 0.123249292 174.106705 0 274.844 0 680
1.39320655 1.39999998 1.26679699e-05 0.123171136 179.263397 0 274.844 0 680
1.39324218 1.39999998 8.08765014e-06 0.123007022 191.571823 0 274.844 0 680
1.39326978 1.39999998 4.54063884e-06 0.122646563 222.643768 0 274.844 0 680
1.39328943 1.39999998 2.01531594e-06 0.1217594 295.899048 0 274.844 0 680
1.39330119 1.39999998 5.03417604e-07 0.121102199 657.797424 0 274.844 0 680

ZONE T="SLICE_Y_0p10_BINS07_KS_1p5mm_CUTDATA"
1.02809322 0.100000001 0 0.119230293 1377.6825 0 274.844 0 680
1.02808673 0.100000001 -8.34969327e-07 0.120186567 611.037231 0 274.844 0 680
1.02806722 0.100000001 -3.34260658e-06 0.12041381 287.164215 0 274.844 0 680
1.02803463 0.100000001 -7.53111159e-06 0.121132009 227.172287 0 274.844 0 680
1.02798886 0.100000001 -1.34141908e-05 0.121270962 206.093811 0 274.844 0 680
1.02792975 0.100000001 -2.10111173e-05 0.121185869 199.655045 0 274.844 0 680
1.02785712 0.100000001 -3.03468154e-05 0.121055953 198.439941 0 274.844 0 680
1.02777072 0.100000001 -4.14519688e-05 0.120779604 198.152206 0 274.844 0 680
1.02767026 0.100000001 -5.43631542e-05 0.120518841 198.752747 0 274.844 0 680
1.02755542 0.100000001 -6.91229984e-05 0.120193474 199.290771 0 274.844 0 680
1.02742581 0.100000001 -8.5780361e-05 0.119864702 200.049805 0 274.844 0 680
1.027281 0.100000001 -0.000104390541 0.119490393 200.695068 0 274.844 0 680
1.0271205 0.100000001 -0.000125015508 0.119108021 201.392014 0 274.844 0 680
1.02694377 0.100000001 -0.00014772416 0.118690327 202.015091 0 274.844 0 680
1.02675021 0.100000001 -0.0001725926 0.118257657 202.648911 0 274.844 0 680
1.02653916 0.100000001 -0.000199704443 0.117795236 203.248169 0 274.844 0 680
1.0263099 0.100000001 -0.000229151139 0.117312521 203.847382 0 274.844 0 680
1.02606162 0.100000001 -0.000261032318 0.116801649 204.430405 0 274.844 0 680
1.02579347 0.100000001 -0.000295456158 0.116266593 205.012787 0 274.844 0 680
1.0255045 0.100000001 -0.000332539763 0.115702733 205.588852 0 274.844 0 680
1.0251937 0.100000001 -0.000372409553 0.11511185 206.166641 0 274.844 0 680
1.02485995 0.100000001 -0.000415201666 0.114490837 206.744415 0 274.844 0 680
1.02450207 0.100000001 -0.000461062349 0.113840118 207.326904 0 274.844 0 680
1.02411874 0.100000001 -0.00051014835 0.113157265 207.914474 0 274.844 0 680
1.02370858 0.100000001 -0.000562627283 0.112442024 208.507843 0 274.844 0 680
1.02327008 0.100000001 -0.000618677956 0.111692294 209.106995 0 274.844 0 680
1.02280161 0.100000001 -0.000678490655 0.110907413 209.714661 0 274.844 0 680
1.02230142 0.100000001 -0.000742268836 0.110085331 210.329346 0 274.844 0 680
1.02176763 0.100000001 -0.000810235652 0.109224625 210.951263 0 274.844 0 680
1.02119821 0.100000001 -0.000882632071 0.108323053 211.580963 0 274.844 0 680
1.02059097 0.100000001 -0.000959716441 0.107378781 212.221909 0 274.844 0 680
1.01994357 0.100000001 -0.00104176563 0.106389411 212.87291 0 274.844 0 680
1.0192535 0.100000001 -0.00112907626 0.105352871 213.533875 0 274.844 0 680
1.01851804 0.100000001 -0.00122196604 0.104266591 214.207932 0 274.844 0 680
1.01773429 0.100000001 -0.00132077521 0.10312812 214.895203 0 274.844 0 680
1.01689913 0.100000001 -0.0014258681 0.101934634 215.595886 0 274.844 0 680
1.01600922 0.100000001 -0.00153763483 0.100683354 216.310913 0 274.844 0 680
1.01506097 0.100000001 -0.00165649317 0.0993712097 217.040573 0 274.844 0 680
1.01405052 0.100000001 -0.0017828906 0.0979949906 217.786484 0 274.844 0 680
1.01297376 0.100000001 -0.00191730653 0.0965513662 218.550156 0 274.844 0 680
1.01182626 0.100000001 -0.00206025487 0.0950365961 219.331421 0 274.844 0 680
1.01060329 0.100000001 -0.00221228677 0.0934466198 220.130798 0 274.844 0 680
1.00929979 0.100000001 -0.00237399384 0.0917773619 220.948853 0 274.844 0 680
1.00791035 0.100000001 -0.00254601168 0.0900240541 221.785385 0 274.844 0 680
1.00642917 0.100000001 -0.00272902406 0.0881818607 222.640411 0 274.844 0 680
1.00485006 0.100000001 -0.00292376758 0.0862454027 223.514267 0 274.844 0 680
1.00316642 0.100000001 -0.00313103723 0.08420901 224.407303 0 274.844 0 680
1.0013712 0.100000001 -0.00335169279 0.0820659995 225.319946 0 274.844 0 680
0.999456897 0.100000001 -0.00358666644 0.0798092708 226.253006 0 274.844 0 680
0.997415507 0.100000001 -0.0038369717 0.077430211 227.206879 0 274.844 0 680
0.995238522 0.100000001 -0.00410371417 0.0749193057 228.182022 0 274.844 0 680
0.992916902 0.100000001 -0.00438810431 0.0722648948 229.178207 0 274.844 0 680
0.990441055 0.100000001 -0.00469147282 0.0694531724 230.19577 0 274.844 0 680
0.987800814 0.100000001 -0.00501528913 0.0664666742 231.238373 0 274.844 0 680
0.984985421 0.100000001 -0.00536118375 0.0632836372 232.311905 0 274.844 0 680
0.981983514 0.100000001 -0.00573097521 0.0598753206 233.469391 0 274.844 0 680
0.978783111 0.100000001 -0.00612650272 0.0562259518 234.766495 0 274.844 0 680
0.975371607 0.100000001 -0.00654900337 0.0523414388 236.205536 0 274.844 0 680
0.971735767 0.100000001 -0.00699940625 0.0482376143 237.751862 0 274.844 0 680
0.967861732 0.100000001 -0.00747867674 0.043920923 239.385025 0 274.844 0 680
0.963735028 0.100000001 -0.00798820752 0.0393865183 241.1297 0 274.844 0 680
0.959340588 0.100000001 -0.00852942146 0.0346324742 242.892792 0 274.844 0 680
0.954662776 0.100000001 -0.00910358851 0.0296616312 244.54187 0 274.844 0 680
0.949685431 0.100000001 -0.00971172817 0.0244819168 245.979813 0 274.844 0 680
0.944391919 0.100000001 -0.0103546433 0.0191012602 247.268784 0 274.844 0 680
0.938765198 0.100000001 -0.0110330913 0.0135338223 248.491882 0 274.844 0 680
0.932787903 0.100000001 -0.0117477146 0.00778940972 249.705688 0 274.844 0 680
0.926442445 0.100000001 -0.0124988995 0.00187341857 251.356033 0 274.844 0 680
0.919711133 0.100000001 -0.0132869066 -0.00420024432 254.174347 0 274.844 0 680
0.912576309 0.100000001 -0.0141117265 -0.0103556085 257.719818 0 274.844 0 680
0.905020513 0.100000001 -0.0149730975 -0.0165083483 260.649902 0 274.844 0 680
0.897026665 0.100000001 -0.015870755 -0.0226487555 262.969208 0 274.844 0 680
0.88857827 0.100000001 -0.0168041758 -0.0287718512 265.23172 0 274.844 0 680
0.879659649 0.100000001 -0.0177726863 -0.0348521546 267.507904 0 274.844 0 680
0.870256186 0.100000001 -0.0187756365 -0.0408656262 269.813751 0 274.844 0 680
0.860354602 0.100000001 -0.0198122088 -0.0467934944 272.131165 0 274.844 0 680
0.849943243 0.100000001 -0.0208815518 -0.0526266508 274.429779 0 274.844 0 680
0.839012385 0.100000001 -0.0219827501 -0.0583709925 276.69043 0 274.844 0 680
0.827554543 0.100000001 -0.0231149096 -0.0640447289 278.934113 0 274.844 0 680
0.815564798 0.100000001 -0.0242771602 -0.0696778297 281.171967 0 274.844 0 680
0.803041106 0.100000001 -0.025468376 -0.0753094703 283.422668 0 274.844 0 680
0.789984616 0.100000001 -0.0266871795 -0.0809838548 285.714264 0 274.844 0 680
0.77639995 0.100000001 -0.0279316616 -0.0867450237 288.072998 0 274.844 0 680
0.762295475 0.100000001 -0.0291993863 -0.0926418751 290.525024 0 274.844 0 680
0.747683526 0.100000001 -0.0304870948 -0.0987050757 293.074524 0 274.844 0 680
0.732580587 0.100000001 -0.0317904036 -0.104946151 295.733612 0 274.844 0 680
0.717007413 0.100000001 -0.0331036165 -0.111380592 298.443604 0 274.844 0 680
0.700989088 0.100000001 -0.0344196238 -0.117995478 301.175018 0 274.844 0 680
0.684555011 0.100000001 -0.0357298415 -0.124753684 304.064087 0 274.844 0 680
0.667738796 0.100000001 -0.037024161 -0.131586373 307.287994 0 274.844 0 680
0.650578095 0.100000001 -0.0382910279 -0.138377607 310.945679 0 274.844 0 680
0.633114333 0.100000001 -0.0395179091 -0.144983768 315.038635 0 274.844 0 680
0.615392355 0.100000001 -0.0406916523 -0.151238471 319.488403 0 274.844 0 680
0.59746 0.100000001 -0.0417988628 -0.156962857 324.170624 0 274.844 0 680
0.579367595 0.100000001 -0.0428264223 -0.16196911 328.968018 0 274.844 0 680
0.561167393 0.100000001 -0.0437624597 -0.166114822 333.78302 0 274.844 0 680
0.542912961 0.100000001 -0.0445967938 -0.169257745 338.527771 0 274.844 0 680
0.52465853 0.100000001 -0.0453211967 -0.171305835 343.136871 0 274.844 0 680
0.506458328 0.100000001 -0.0459298179 -0.172181204 347.545105 0 274.844 0 680
0.488365923 0.100000001 -0.0464193978 -0.171863243 351.694519 0 274.844 0 680
0.470433568 0.100000001 -0.0467896775 -0.170454115 355.589172 0 274.844 0 680
0.45271159 0.100000001 -0.0470432255 -0.168034554 359.257782 0 274.844 0 680
0.435247828 0.100000001 -0.04718403 -0.164684415 362.68927 0 274.844 0 680
0.418087127 0.100000001 -0.0472182845 -0.160546571 365.890961 0 274.844 0 680
0.401270912 0.100000001 -0.0471539124 -0.15580979 368.923279 0 274.844 0 680
0.384836835 0.100000001 -0.0469995367 -0.150640577 371.847473 0 274.844 0 680
0.36881851 0.100000001 -0.04676412 -0.145193011 374.724396 0 274.844 0 680
0.353245336 0.100000001 -0.0464567158 -0.139612734 377.614227 0 274.844 0 680
0.338142397 0.100000001 -0.0460862159 -0.134027451 380.580231 0 274.844 0 680
0.323530448 0.100000001 -0.04566082 -0.128535599 383.676788 0 274.844 0 680
0.309425973 0.100000001 -0.0451879625 -0.123204619 386.950806 0 274.844 0 680
0.295841307 0.100000001 -0.0446742429 -0.118084118 390.451752 0 274.844 0 680
0.282784817 0.100000001 -0.0441256669 -0.113191977 394.210541 0 274.844 0 680
0.270261125 0.100000001 -0.043547254 -0.108526848 398.223602 0 274.844 0 680
0.25827138 0.100000001 -0.0429436092 -0.104073808 402.50177 0 274.844 0 680
0.246813538 0.100000001 -0.0423184473 -0.0997984409 407.059326 0 274.844 0 680
0.23588268 0.100000001 -0.0416753227 -0.0956708342 411.854492 0 274.844 0 680
0.225471321 0.100000001 -0.041017284 -0.0916468427 416.830048 0 274.844 0 680
0.215569737 0.100000001 -0.0403472192 -0.0876993462 421.939392 0 274.844 0 680
0.206166274 0.100000001 -0.039667971 -0.0837979689 427.117889 0 274.844 0 680
0.197247653 0.100000001 -0.0389818665 -0.0799048394 432.321747 0 274.844 0 680
0.188799258 0.100000001 -0.0382914381 -0.0760103539 437.523163 0 274.844 0 680
0.180805409 0.100000001 -0.0375991931 -0.0721094161 442.691193 0 274.844 0 680
0.173249614 0.100000001 -0.0369073692 -0.0682036281 447.839142 0 274.844 0 680
0.16611479 0.100000001 -0.0362183119 -0.064315401 453.001282 0 274.844 0 680
0.159383478 0.100000001 -0.0355342085 -0.0604618937 458.163269 0 274.844 0 680
0.15303802 0.100000001 -0.0348569996 -0.0566693135 463.285919 2.50547637e-05 274.835 0 680
0.147060725 0.100000001 -0.034188632 -0.0529787615 468.333008 0.000170679283 274.782 0 680
0.141434004 0.100000001 -0.0335309596 -0.0494446307 473.2677 0.000320342922 274.729 0 680
0.136140492 0.100000001 -0.0328856984 -0.0461214669 478.007538 0.000469586725 274.677 0 680
0.131163147 0.100000001 -0.0322544005 -0.043062754 481.656128 0.000618179911 274.626 0 680
0.126485335 0.100000001 -0.0316381332 -0.0405610576 483.582977 0.000869358308 274.539 0 680
0.122090895 0.100000001 -0.0310376885 -0.0389361866 485.409241 0.00149397086 274.322 0 680
0.117964191 0.100000001 -0.0304539194 -0.0381801948 490.693481 0.00210989313 274.116 0 680
0.114090156 0.100000001 -0.0298883247 -0.0383135602 498.691559 0.002689288 273.895 0.0400153995 680
0.110454316 0.100000001 -0.0293423559 -0.03976845 505.345886 0.00323754107 273.15 0.799864471 680
0.107042811 0.100000001 -0.0288164955 -0.0430588424 511.14328 0.00382133201 273.15 0.60163188 680
0.103842409 0.100000001 -0.0283081861 -0.0481423475 517.990601 0.00450604502 273.15 0.345615596 680
0.100840502 0.100000001 -0.0278147348 -0.0548621044 525.950073 0.0059453547 273.15 0.23978512 680
0.0980251091 0.100000001 -0.0273332915 -0.0629845336 534.668823 0.00864824001 273.15 0.18226479 680
0.0953848678 0.100000001 -0.0268572335 -0.0719060525 545.8078 0.012257061 273.15 0.146775514 680
0.0929090208 0.100000001 -0.0263811552 -0.0807868391 562.634583 0.0166940112 273.15 0.12353763 680
0.0905874014 0.100000001 -0.025901342 -0.0889197364 584.193787 0.0237474088 273.15 0.107389182 680
0.0884104164 0.100000001 -0.0254135514 -0.0954165906 608.500732 0.0347028598 273.15 0.0956155956 680
0.0863690256 0.100000001 -0.0249152486 -0.0993983224 633.086609 0.0469439514 273.15 0.0864975154 680
0.0844547209 0.100000001 -0.0244053431 -0.100560427 656.022095 0.0615600012 273.15 0.0790865421 680
0.0826595044 0.100000001 -0.0238827801 -0.0975205302 682.61731 0.0805550367 273.15 0.0735780001 680
0.0809758653 0.100000001 -0.0233476727 -0.0895149484 712.903564 0.100495517 273.15 0.0694558918 680
0.0793967569 0.100000001 -0.0228009001 -0.0774752945 739.161377 0.121006519 273.15 0.065734297 680
0.077915574 0.100000001 -0.0222429891 -0.0616749674 758.272461 0.143490821 273.15 0.0621715076 680
0.0765261295 0.100000001 -0.0216751515 -0.0420742407 772.888855 0.166959137 273.15 0.0589733794 680
0.0752226324 0.100000001 -0.0210990283 -0.0188841093 785.219238 0.190273955 273.15 0.0562116057 680
0.073999666 0.100000001 -0.0205157782 0.00767768826 795.174133 0.213317782 273.15 0.0538108982 680
0.0728521664 0.100000001 -0.019926955 0.0370848849 802.532227 0.235701546 273.15 0.0516808406 680
0.0717754021 0.100000001 -0.0193344138 0.0687905028 807.68512 0.257308304 273.15 0.0497912392 680
0.0707649547 0.100000001 -0.0187396819 0.102301173 810.735901 0.278623044 273.15 0.0481191687 680
0.0698166998 0.100000001 -0.0181444761 0.136864662 812.001526 0.299065471 273.15 0.0466430783 680
0.0689267889 0.100000001 -0.0175504602 0.172123954 812.242188 0.318712592 273.15 0.0453808494 680
0.0680916328 0.100000001 -0.0169581763 0.208008513 811.291931 0.337744772 273.15 0.0443113819 680
0.067307885 0.100000001 -0.0163683259 0.24414213 808.811951 0.355941415 273.15 0.0433884114 680
0.0665724266 0.100000001 -0.0157819618 0.280201226 805.070312 0.373239219 273.15 0.0426042341 680
0.0658823521 0.100000001 -0.0151998872 0.315885067 800.092712 0.38961044 273.15 0.0419154502 680
0.0652349552 0.100000001 -0.014623111 0.350728333 794.198914 0.404985845 273.15 0.0413376242 680
0.0646277164 0.100000001 -0.0140526652 0.384578168 788.102356 0.419596165 273.15 0.0409190096 680
0.0640582912 0.100000001 -0.0134885374 0.417495459 781.617065 0.433615595 273.15 0.0406580865 680
0.0635244984 0.100000001 -0.0129309244 0.449269176 774.583862 0.446933955 273.15 0.0405348428 680
0.0630243098 0.100000001 -0.0123802663 0.479874521 767.440125 0.459655344 273.15 0.0405794978 680
0.0625558404 0.100000001 -0.0118362077 0.509351492 759.926636 0.471847117 273.15 0.0407920703 680
0.0621173391 0.100000001 -0.0112988276 0.537516415 751.983276 0.483375669 273.15 0.0411624014 680
0.0617071804 0.100000001 -0.0107684304 0.564347506 744.008057 0.494325429 273.15 0.0417310335 680
0.0613238561 0.100000001 -0.0102446362 0.589819491 735.786133 0.504710972 273.15 0.0425069556 680
0.0609659682 0.100000001 -0.00972770752 0.613777518 727.521423 0.514456093 273.15 0.0435100533 680
0.0606322218 0.100000001 -0.00921776159 0.636265993 719.502991 0.523689151 273.15 0.0448113307 680
0.0603214191 0.100000001 -0.00871425877 0.657221317 711.558594 0.532387793 273.15 0.0464447066 680
0.0600324532 0.100000001 -0.00821752876 0.676621616 704.141724 0.540613413 273.15 0.0485234708 680
0.0597643025 0.100000001 -0.00772644281 0.694600046 697.110352 0.548536122 273.15 0.0512111485 680
0.0595160264 0.100000001 -0.00723963566 0.711093426 689.73999 0.555952609 273.15 0.0545633957 680
0.05928676 0.100000001 -0.00675753353 0.725961506 682.211975 0.562617481 273.15 0.0586661696 680
0.0590757099 0.100000001 -0.00628149485 0.739062309 675.267883 0.568472624 273.15 0.0637267455 680
0.0588821509 0.100000001 -0.0058136806 0.750419259 670.329407 0.573934495 273.15 0.0705394298 680
0.0587054219 0.100000001 -0.0053500206 0.760327518 666.169861 0.579428673 273.15 0.0803772733 680
0.0585449229 0.100000001 -0.0048843606 0.768551767 660.667969 0.584439754 273.15 0.0941252336 680
0.0584001118 0.100000001 -0.00442090115 0.774945617 654.450806 0.58816421 273.15 0.112556271 680
0.0582705024 0.100000001 -0.00397493136 0.779402435 652.034607 0.590737939 273.15 0.140849456 680
0.0581556614 0.100000001 -0.0035453241 0.782307327 652.621948 0.593109488 273.15 0.200046688 680
0.0580552066 0.100000001 -0.00308451856 0.78375417 647.880371 0.595165014 273.15 0.287281483 680
0.0579688048 0.100000001 -0.00259491044 0.78306973 644.588013 0.597847581 273.15 0.240617439 680
0.0578961707 0.100000001 -0.00218602649 0.780961871 654.908691 0.603661597 273.15 0.149988085 680
0.0578370651 0.100000001 -0.00182591131 0.776509643 664.537903 0.610904932 273.15 0.128410593 680
0.0577912936 0.100000001 -0.00125051032 0.770052493 665.026001 0.61490047 273.15 0.119271174 680
0.0577587064 0.100000001 -0.000596883407 0.761463106 675.112732 0.613749027 273.15 0.0893778875 680
0.0577391965 0.100000001 -0.000151503969 0.752396703 698.997131 0.609776914 273.15 0.047820963 680
0.0577327003 0.100000001 0 0.743243456 719.784119 0.602363884 273.15 0.0244575515 680
0.0577327003 0.100000001 0 0.743243456 693.809082 0.595082939 273.15 0.0417204574 680
0.0577391965 0.100000001 0.000151503969 0.736233234 701.799988 0.59157306 273.15 0.0650385097 680
0.0577587064 0.100000001 0.000596883407 0.725041032 736.279724 0.58862114 273.15 0.0661788955 680
0.0577912936 0.100000001 0.00125051032 0.70759207 763.335938 0.580931783 273.15 0.0489103459 680
0.0578370651 0.100000001 0.00182591131 0.684467316 745.457336 0.573721886 273.15 0.0376868583 680
0.0578961707 0.100000001 0.00218602649 0.662072897 752.560852 0.573290408 273.15 0.0411874652 680
0.0579688048 0.100000001 0.00259491044 0.647080302 784.503845 0.570095479 273.15 0.0422377624 680
0.0580552066 0.100000001 0.00308451856 0.624656796 798.354492 0.561166704 273.15 0.0383753479 680
0.0581556614 0.100000001 0.0035453241 0.59770304 797.350647 0.553496122 273.15 0.0361125991 680
0.0582705024 0.100000001 0.00397493136 0.573569894 807.653259 0.548623085 273.15 0.036229521 680
0.0584001118 0.100000001 0.00442090115 0.549947262 825.070251 0.542342901 273.15 0.0361861102 680
0.0585449229 0.100000001 0.0048843606 0.522408843 838.192444 0.533712327 273.15 0.0354569145 680
0.0587054219 0.100000001 0.0053500206 0.492512822 846.518188 0.524544775 273.15 0.0347756259 680
0.0588821509 0.100000001 0.0058136806 0.462297231 855.561218 0.515957057 273.15 0.034566585 680
0.0590757099 0.100000001 0.00628149485 0.431910068 867.259705 0.507087588 273.15 0.0346071161 680
0.05928676 0.100000001 0.00675753353 0.399844795 878.804016 0.497159928 273.15 0.03463782 680
0.0595160264 0.100000001 0.00723963566 0.365945369 888.807495 0.48632136 273.15 0.0346702747 680
0.0597643025 0.100000001 0.00772644281 0.330974698 897.280151 0.475001156 273.15 0.0347834043 680
0.0600324532 0.100000001 0.00821752876 0.295314312 905.531006 0.463523865 273.15 0.0350596756 680
0.0603214191 0.100000001 0.00871425877 0.259096086 914.004395 0.451592922 273.15 0.0354681984 680
0.0606322218 0.100000001 0.00921776159 0.22177878 921.980286 0.439103752 273.15 0.0359726474 680
0.0609659682 0.100000001 0.00972770752 0.183408663 929.82428 0.426093966 273.15 0.0365970172 680
0.0613238561 0.100000001 0.0102446362 0.144130468 937.146912 0.412369132 273.15 0.0373173431 680
0.0617071804 0.100000001 0.0107684304 0.103803232 943.647644 0.398048073 273.15 0.0381442606 680
0.0621173391 0.100000001 0.0112988276 0.0627924874 949.729187 0.383111626 273.15 0.0391037241 680
0.0625558404 0.100000001 0.0118362077 0.0211286284 954.9021 0.367443532 273.15 0.0401615575 680
0.0630243098 0.100000001 0.0123802663 -0.0211935397 959.304138 0.351231873 273.15 0.0413682684 680
0.0635244984 0.100000001 0.0129309244 -0.0638391823 963.370789 0.334392726 273.15 0.0427590981 680
0.0640582912 0.100000001 0.0134885374 -0.106943443 966.538208 0.316779613 273.15 0.0443255156 680
0.0646277164 0.100000001 0.0140526652 -0.15050894 969.062195 0.298606992 273.15 0.0461200289 680
0.0652349552 0.100000001 0.014623111 -0.19416979 971.2453 0.280173361 273.15 0.0481833369 680
0.0658823521 0.100000001 0.0151998872 -0.238066763 972.162537 0.260671169 273.15 0.0504917949 680
0.0665724266 0.100000001 0.0157819618 -0.281950355 971.376892 0.240154564 273.15 0.053088259 680
0.067307885 0.100000001 0.0163683259 -0.325030297 968.774231 0.218649596 273.15 0.0560387373 680
0.0680916328 0.100000001 0.0169581763 -0.366836458 964.037659 0.196292147 273.15 0.0594182387 680
0.0689267889 0.100000001 0.0175504602 -0.406821728 957.704041 0.173314795 273.15 0.0633774325 680
0.0698166998 0.100000001 0.0181444761 -0.444459945 949.914307 0.149983719 273.15 0.0680805296 680
0.0707649547 0.100000001 0.0187396819 -0.479770154 939.615112 0.127970129 273.15 0.0736465752 680
0.0717754021 0.100000001 0.0193344138 -0.512331128 926.384155 0.105291963 273.15 0.0802649558 680
0.0728521664 0.100000001 0.019926955 -0.54114449 910.197632 0.0820196867 273.15 0.0883367956 680
0.073999666 0.100000001 0.0205157782 -0.565560639 890.748352 0.0612271205 273.15 0.0984546244 680
0.0752226324 0.100000001 0.0210990283 -0.584982872 868.468201 0.0436256714 273.15 0.111424692 680
0.0765261295 0.100000001 0.0216751515 -0.598821163 843.090759 0.0267615411 273.15 0.128556579 680
0.077915574 0.100000001 0.0222429891 -0.607013106 812.263062 0.0161494892 273.15 0.15167965 680
0.0793967569 0.100000001 0.0228009001 -0.609655797 774.97583 0.00737887202 273.15 0.184197292 680
0.0809758653 0.100000001 0.0233476727 -0.606986284 737.374207 0.00336390012 273.15 0.235224068 680
0.0826595044 0.100000001 0.0238827801 -0.598668277 705.839844 0.000871547207 273.15 0.328889191 680
0.0844547209 0.100000001 0.0244053431 -0.58392334 676.898682 0.000226626755 273.15 0.546700239 680
0.0863690256 0.100000001 0.0249152486 -0.564504266 645.782593 0 273.15 0.807822227 680
0.0884104164 0.100000001 0.0254135514 -0.542562008 615.678406 0 274.754 0.045113042 680
0.0905874014 0.100000001 0.025901342 -0.518542707 589.425781 0 274.844 0 680
0.0929090208 0.100000001 0.0263811552 -0.493383288 568.720947 0 274.844 0 680
0.0953848678 0.100000001 0.0268572335 -0.468123645 554.4823 0 274.844 0 680
0.0980251091 0.100000001 0.0273332915 -0.443703473 543.246216 0 274.844 0 680
0.100840502 0.100000001 0.0278147348 -0.421038568 533.161194 0 274.844 0 680
0.103842409 0.100000001 0.0283081861 -0.400761127 524.89679 0 274.844 0 680
0.107042811 0.100000001 0.0288164955 -0.383062541 518.48291 0 274.844 0 680
0.110454316 0.100000001 0.0293423559 -0.367881954 511.519928 0 274.844 0 680
0.114090156 0.100000001 0.0298883247 -0.355149984 503.567078 0 274.844 0 680
0.117964191 0.100000001 0.0304539194 -0.34437564 498.688477 0 274.844 0 680
0.122090895 0.100000001 0.0310376885 -0.335134357 497.450928 0 274.844 0 680
0.126485335 0.100000001 0.0316381332 -0.327309847 496.115784 0 274.844 0 680
0.131163147 0.100000001 0.0322544005 -0.320825785 492.946716 0 274.844 0 680
0.136140492 0.100000001 0.0328856984 -0.315374345 488.760956 0 274.844 0 680
0.141434004 0.100000001 0.0335309596 -0.310631424 484.294647 0 274.844 0 680
0.147060725 0.100000001 0.034188632 -0.30648154 479.604034 0 274.844 0 680
0.15303802 0.100000001 0.0348569996 -0.302825481 474.731384 0 274.844 0 680
0.159383478 0.100000001 0.0355342085 -0.299568027 469.708374 0 274.844 0 680
0.16611479 0.100000001 0.0362183119 -0.296631545 464.573975 0 274.844 0 680
0.173249614 0.100000001 0.0369073692 -0.293962091 459.349701 0 274.844 0 680
0.180805409 0.100000001 0.0375991931 -0.291518539 454.012299 0 274.844 0 680
0.188799258 0.100000001 0.0382914381 -0.289254636 448.557709 0 274.844 0 680
0.197247653 0.100000001 0.0389818665 -0.28715381 443.026184 0 274.844 0 680
0.206166274 0.100000001 0.039667971 -0.285210609 437.462952 0 274.844 0 680
0.215569737 0.100000001 0.0403472192 -0.283421606 431.929169 0 274.844 0 680
0.225471321 0.100000001 0.041017284 -0.281821668 426.498779 0 274.844 0 680
0.23588268 0.100000001 0.0416753227 -0.280434996 421.229034 0 274.844 0 680
0.246813538 0.100000001 0.0423184473 -0.279280871 416.18277 0 274.844 0 680
0.25827138 0.100000001 0.0429436092 -0.278401315 411.396545 0 274.844 0 680
0.270261125 0.100000001 0.043547254 -0.277820289 406.862885 0 274.844 0 680
0.282784817 0.100000001 0.0441256669 -0.277565867 402.580231 0 274.844 0 680
0.295841307 0.100000001 0.0446742429 -0.277642369 398.549072 0 274.844 0 680
0.309425973 0.100000001 0.0451879625 -0.278039068 394.734375 0 274.844 0 680
0.323530448 0.100000001 0.04566082 -0.278723717 391.085236 0 274.844 0 680
0.338142397 0.100000001 0.0460862159 -0.279639035 387.555786 0 274.844 0 680
0.353245336 0.100000001 0.0464567158 -0.28071034 384.090271 0 274.844 0 680
0.36881851 0.100000001 0.04676412 -0.28182143 380.623901 0 274.844 0 680
0.384836835 0.100000001 0.0469995367 -0.282838553 377.103088 0 274.844 0 680
0.401270912 0.100000001 0.0471539124 -0.283623606 373.47406 0 274.844 0 680
0.418087127 0.100000001 0.0472182845 -0.28398484 369.663574 0 274.844 0 680
0.435247828 0.100000001 0.04718403 -0.283714682 365.626251 0 274.844 0 680
0.45271159 0.100000001 0.0470432255 -0.282669008 361.355286 0 274.844 0 680
0.470433568 0.100000001 0.0467896775 -0.280680478 356.83667 0 274.844 0 680
0.488365923 0.100000001 0.0464193978 -0.277643621 352.052612 0 274.844 0 680
0.506458328 0.100000001 0.0459298179 -0.273515344 347.02655 0 274.844 0 680
0.52465853 0.100000001 0.0453211967 -0.268243074 341.813202 0 274.844 0 680
0.542912961 0.100000001 0.0445967938 -0.261857152 336.48349 0 274.844 0 680
0.561167393 0.100000001 0.0437624597 -0.254442811 331.112244 0 274.844 0 680
0.579367595 0.100000001 0.0428264223 -0.246110961 325.785767 0 274.844 0 680
0.59746 0.100000001 0.0417988628 -0.237006441 320.607605 0 274.844 0 680
0.615392355 0.100000001 0.0406916523 -0.227296963 315.691345 0 274.844 0 680
0.633114333 0.100000001 0.0395179091 -0.217170969 311.160217 0 274.844 0 680
0.650578095 0.100000001 0.0382910279 -0.206814557 307.080383 0 274.844 0 680
0.667738796 0.100000001 0.037024161 -0.1963958 303.447296 0 274.844 0 680
0.684555011 0.100000001 0.0357298415 -0.186056226 300.141266 0 274.844 0 680
0.700989088 0.100000001 0.0344196238 -0.175905183 296.979279 0 274.844 0 680
0.717007413 0.100000001 0.0331036165 -0.166017339 293.873718 0 274.844 0 680
0.732580587 0.100000001 0.0317904036 -0.156424522 290.824463 0 274.844 0 680
0.747683526 0.100000001 0.0304870948 -0.147134334 287.862671 0 274.844 0 680
0.762295475 0.100000001 0.0291993863 -0.138137326 285.014526 0 274.844 0 680
0.77639995 0.100000001 0.0279316616 -0.129407018 285.014526 0 274.844 0 680
0.789984616 0.100000001 0.0266871795 -0.120904386 282.272827 0 274.844 0 680
0.803041106 0.100000001 0.025468376 -0.112583935 279.602234 0 274.844 0 680
0.815564798 0.100000001 0.0242771602 -0.104400598 276.974091 0 274.844 0 680
0.827554543 0.100000001 0.0231149096 -0.0963123143 274.362366 0 274.844 0 680
0.839012385 0.100000001 0.0219827501 -0.0882839262 271.746277 0 274.844 0 680
0.849943243 0.100000001 0.0208815518 -0.080286406 269.115448 0 274.844 0 680
0.860354602 0.100000001 0.0198122088 -0.0723042637 266.456604 0 274.844 0 680
0.870256186 0.100000001 0.0187756365 -0.0643381029 263.791107 0 274.844 0 680
0.879659649 0.100000001 0.0177726863 -0.0563989915 261.14975 0 274.844 0 680
0.88857827 0.100000001 0.0168041758 -0.048507046 258.550415 0 274.844 0 680
0.897026665 0.100000001 0.015870755 -0.0406875126 255.9823 0 274.844 0 680
0.905020513 0.100000001 0.0149730975 -0.0329672769 253.387985 0 274.844 0 680
0.912576309 0.100000001 0.0141117265 -0.025355354 250.236771 0 274.844 0 680
0.919711133 0.100000001 0.0132869066 -0.0178626478 246.507339 0 274.844 0 680
0.926442445 0.100000001 0.0124988995 -0.01055698 243.464767 0 274.844 0 680
0.932787903 0.100000001 0.0117477146 -0.00350114214 241.536774 0 274.844 0 680
0.938765198 0.100000001 0.0110330913 0.00329240668 240.05191 0 274.844 0 680
0.944391919 0.100000001 0.0103546433 0.00982048549 238.59407 0 274.844 0 680
0.949685431 0.100000001 0.00971172817 0.0160769951 237.109283 0 274.844 0 680
0.954662776 0.100000001 0.00910358851 0.0220551472 235.490494 0 274.844 0 680
0.959340588 0.100000001 0.00852942146 0.0277542286 233.661606 0 274.844 0 680
0.963735028 0.100000001 0.00798820752 0.0331726298 231.758041 0 274.844 0 680
0.967861732 0.100000001 0.00747867674 0.0383115262 229.910049 0 274.844 0 680
0.971735767 0.100000001 0.00699940625 0.0431771427 228.183655 0 274.844 0 680
0.975371607 0.100000001 0.00654900337 0.0477792211 226.551041 0 274.844 0 680
0.978783111 0.100000001 0.00612650272 0.0521192811 225.031296 0 274.844 0 680
0.981983514 0.100000001 0.00573097521 0.0561915375 223.654526 0 274.844 0 680
0.984985421 0.100000001 0.00536118375 0.059997227 222.416473 0 274.844 0 680
0.987800814 0.100000001 0.00501528913 0.0635532886 221.265686 0 274.844 0 680
0.990441055 0.100000001 0.00469147282 0.0668863058 220.150543 0 274.844 0 680
0.992916902 0.100000001 0.00438810431 0.0700171515 219.064087 0 274.844 0 680
0.995238522 0.100000001 0.00410371417 0.0729638562 218.007034 0 274.844 0 680
0.997415507 0.100000001 0.0038369717 0.0757410526 216.979706 0 274.844 0 680
0.999456897 0.100000001 0.00358666644 0.0783614889 215.978806 0 274.844 0 680
1.0013712 0.100000001 0.00335169279 0.0808359459 215.001358 0 274.844 0 680
1.00316642 0.100000001 0.00313103723 0.0831745118 214.047195 0 274.844 0 680
1.00485006 0.100000001 0.00292376758 0.0853860304 213.115662 0 274.844 0 680
1.00642917 0.100000001 0.00272902406 0.0874782875 212.205154 0 274.844 0 680
1.00791035 0.100000001 0.00254601168 0.089458622 211.315735 0 274.844 0 680
1.00929979 0.100000001 0.00237399384 0.0913339853 210.447891 0 274.844 0 680
1.01060329 0.100000001 0.00221228677 0.0931103081 209.600952 0 274.844 0 680
1.01182626 0.100000001 0.00206025487 0.094793655 208.774521 0 274.844 0 680
1.01297376 0.100000001 0.00191730653 0.0963891968 207.967712 0 274.844 0 680
1.01405052 0.100000001 0.0017828906 0.0979020223 207.178909 0 274.844 0 680
1.01506097 0.100000001 0.00165649317 0.0993368626 206.407791 0 274.844 0 680
1.01600922 0.100000001 0.00153763483 0.100698091 205.653137 0 274.844 0 680
1.01689913 0.100000001 0.0014258681 0.101989828 204.913391 0 274.844 0 680
1.01773429 0.100000001 0.00132077521 0.103216127 204.187668 0 274.844 0 680
1.01851804 0.100000001 0.00122196604 0.104380406 203.474976 0 274.844 0 680
1.0192535 0.100000001 0.00112907626 0.105486333 202.774582 0 274.844 0 680
1.01994357 0.100000001 0.00104176563 0.106536873 202.085342 0 274.844 0 680
1.02059097 0.100000001 0.000959716441 0.10753531 201.406357 0 274.844 0 680
1.02119821 0.100000001 0.000882632071 0.108484156 200.736404 0 274.844 0 680
1.02176763 0.100000001 0.000810235652 0.109386399 200.074661 0 274.844 0 680
1.02230142 0.100000001 0.000742268836 0.11024411 199.419495 0 274.844 0 680
1.02280161 0.100000001 0.000678490655 0.111060083 198.769745 0 274.844 0 680
1.02327008 0.100000001 0.000618677956 0.111835942 198.124313 0 274.844 0 680
1.02370858 0.100000001 0.000562627283 0.112574309 197.483597 0 274.844 0 680
1.02411874 0.100000001 0.00051014835 0.113276027 196.845062 0 274.844 0 680
1.02450207 0.100000001 0.000461062349 0.113943771 196.209763 0 274.844 0 680
1.02485995 0.100000001 0.000415201666 0.11457777 195.575043 0 274.844 0 680
1.0251937 0.100000001 0.000372409553 0.115180999 194.941238 0 274.844 0 680
1.0255045 0.100000001 0.000332539763 0.115752891 194.30275 0 274.844 0 680
1.02579347 0.100000001 0.000295456158 0.116296999 193.662476 0 274.844 0 680
1.02606162 0.100000001 0.000261032318 0.116811574 193.010513 0 274.844 0 680
1.0263099 0.100000001 0.000229151139 0.117301002 192.350952 0 274.844 0 680
1.02653916 0.100000001 0.000199704443 0.117761709 191.670639 0 274.844 0 680
1.02675021 0.100000001 0.0001725926 0.118200377 190.985489 0 274.844 0 680
1.02694377 0.100000001 0.00014772416 0.118610345 190.263474 0 274.844 0 680
1.0271205 0.100000001 0.000125015508 0.11900159 189.54425 0 274.844 0 680
1.027281 0.100000001 0.000104390541 0.119361632 188.76561 0 274.844 0 680
1.02742581 0.100000001 8.5780361e-05 0.119705737 188.038391 0 274.844 0 680
1.02755542 0.100000001 6.91229984e-05 0.120012522 187.250549 0 274.844 0 680
1.02767026 0.100000001 5.43631542e-05 0.120305225 186.678589 0 274.844 0 680
1.02777072 0.100000001 4.14519688e-05 0.120542809 186.246719 0 274.844 0 680
1.02785712 0.100000001 3.03468154e-05 0.120780826 186.871765 0 274.844 0 680
1.02792975 0.100000001 2.10111173e-05 0.120901234 189.073486 0 274.844 0 680
1.02798886 0.100000001 1.34141908e-05 0.120973766 197.512573 0 274.844 0 680
1.02803463 0.100000001 7.53111159e-06 0.120846525 222.328888 0 274.844 0 680
1.02806722 0.100000001 3.34260658e-06 0.120200954 287.526886 0 274.844 0 680
1.02808673 0.100000001 8.34969327e-07 0.119816251 616.329224 0 274.844 0 680

ZONE T="SLICE_Y_0p75_BINS07_KS_1p5mm_CUTDATA"
1.21069917 0.75 0 0.118123837 1595.46423 0 274.844 0 680
1.21069396 0.75 -6.69193463e-07 0.119068377 702.140869 0 274.844 0 680
1.21067833 0.75 -2.67896125e-06 0.119603492 325.164734 0 274.844 0 680
1.21065221 0.75 -6.03587519e-06 0.120569512 251.96376 0 274.844 0 680
1.21061552 0.75 -1.07509204e-05 0.120914854 223.051331 0 274.844 0 680
1.21056815 0.75 -1.68395436e-05 0.12093661 212.518387 0 274.844 0 680
1.21050994 0.75 -2.43217203e-05 0.120923705 209.190582 0 274.844 0 680
1.21044069 0.75 -3.32220426e-05 0.120744079 207.772049 0 274.844 0 680
1.21036018 0.75 -4.35698249e-05 0.120568939 207.699661 0 274.844 0 680
1.21026814 0.75 -5.53992311e-05 0.120328546 207.776978 0 274.844 0 680
1.21016427 0.75 -6.87494199e-05 0.120073877 208.224213 0 274.844 0 680
1.21004821 0.75 -8.36647112e-05 0.119777672 208.643372 0 274.844 0 680
1.20991957 0.75 -0.000100194771 0.119467527 209.184509 0 274.844 0 680
1.20977793 0.75 -0.000118394819 0.119124576 209.69136 0 274.844 0 680
1.2096228 0.75 -0.000138325848 0.118765585 210.235733 0 274.844 0 680
1.20945365 0.75 -0.000160054871 0.118378989 210.762451 0 274.844 0 680
1.20926991 0.75 -0.000183655182 0.117973335 211.302673 0 274.844 0 680
1.20907092 0.75 -0.000209206632 0.117541857 211.835754 0 274.844 0 680
1.20885601 0.75 -0.000236795919 0.117088787 212.376495 0 274.844 0 680
1.20862442 0.75 -0.000266516898 0.116609938 212.91655 0 274.844 0 680
1.20837532 0.75 -0.000298470891 0.11610724 213.459015 0 274.844 0 680
1.20810784 0.75 -0.000332767003 0.115577742 214.002197 0 274.844 0 680
1.20782101 0.75 -0.000369522448 0.115022123 214.552902 0 274.844 0 680
1.20751379 0.75 -0.000408862853 0.114438213 215.110245 0 274.844 0 680
1.20718506 0.75 -0.000450922552 0.113825954 215.677002 0 274.844 0 680
1.20683362 0.75 -0.000495844854 0.11318361 216.252594 0 274.844 0 680
1.20645816 0.75 -0.000543782264 0.112510666 216.838303 0 274.844 0 680
1.20605728 0.75 -0.000594897845 0.111805387 217.431564 0 274.844 0 680
1.20562947 0.75 -0.000649370443 0.111066565 218.032211 0 274.844 0 680
1.2051731 0.75 -0.000707393186 0.110292405 218.64183 0 274.844 0 680
1.20468642 0.75 -0.000769173127 0.109481327 219.261597 0 274.844 0 680
1.20416756 0.75 -0.000834932166 0.108631417 219.892273 0 274.844 0 680
1.20361449 0.75 -0.000904908033 0.107740834 220.53479 0 274.844 0 680
1.20302505 0.75 -0.000979355361 0.106807493 221.191055 0 274.844 0 680
1.20239691 0.75 -0.00105854684 0.105829306 221.864243 0 274.844 0 680
1.20172757 0.75 -0.00114277445 0.104804046 222.550171 0 274.844 0 680
1.20101434 0.75 -0.00123235087 0.103728995 223.246094 0 274.844 0 680
1.20025435 0.75 -0.00132761093 0.102601767 223.958923 0 274.844 0 680
1.19944452 0.75 -0.00142891325 0.101419643 224.691147 0 274.844 0 680
1.19858154 0.75 -0.00153664207 0.100179642 225.440979 0 274.844 0 680
1.19766187 0.75 -0.00165120927 0.0988784805 226.205017 0 274.844 0 680
1.19668171 0.75 -0.00177305656 0.0975128412 226.98645 0 274.844 0 680
1.19563701 0.75 -0.0019026581 0.0960794687 227.788452 0 274.844 0 680
1.19452343 0.75 -0.00204052331 0.0945738778 228.606873 0 274.844 0 680
1.19333632 0.75 -0.00218720017 0.0929921493 229.443176 0 274.844 0 680
1.19207073 0.75 -0.00234327907 0.0913295522 230.299118 0 274.844 0 680
1.19072136 0.75 -0.00250939714 0.089580819 231.173645 0 274.844 0 680
1.18928257 0.75 -0.00268624347 0.0877400488 232.066879 0 274.844 0 680
1.18774834 0.75 -0.00287456516 0.085800603 232.97963 0 274.844 0 680
1.18611224 0.75 -0.00307517449 0.0837548226 233.913345 0 274.844 0 680
1.18436748 0.75 -0.00328895758 0.0815932006 234.868484 0 274.844 0 680
1.1825068 0.75 -0.00351688454 0.0793045834 235.878006 0 274.844 0 680
1.18052251 0.75 -0.00376002188 0.0768772736 236.937775 0 274.844 0 680
1.17840647 0.75 -0.00401954729 0.0742946342 238.056366 0 274.844 0 680
1.17615004 0.75 -0.00429676756 0.071538575 239.237442 0 274.844 0 680
1.17374414 0.75 -0.00459314015 0.0685858652 240.464737 0 274.844 0 680
1.17117915 0.75 -0.00491013914 0.0654224977 241.805038 0 274.844 0 680
1.16844497 0.75 -0.00524875598 0.0620550103 243.182175 0 274.844 0 680
1.16553099 0.75 -0.0056097353 0.0584896281 244.543747 0 274.844 0 680
1.16242611 0.75 -0.00599385082 0.0547231399 246.002533 0 274.844 0 680
1.15911873 0.75 -0.00640221872 0.0507484823 247.607819 0 274.844 0 680
1.15559677 0.75 -0.00683597936 0.0465569235 249.37085 0 274.844 0 680
1.15184769 0.75 -0.00729615056 0.0421415195 251.411179 0 274.844 0 680
1.14785856 0.75 -0.0077835494 0.0375105962 253.807663 0 274.844 0 680
1.14361603 0.75 -0.00829881936 0.032690119 256.323944 0 274.844 0 680
1.13910644 0.75 -0.00884256744 0.027703695 258.708252 0 274.844 0 680
1.13431589 0.75 -0.00941530849 0.0225600414 260.941925 0 274.844 0 680
1.12923026 0.75 -0.0100173522 0.0172642209 263.083221 0 274.844 0 680
1.1238354 0.75 -0.0106489074 0.0118275126 265.180969 0 274.844 0 680
1.11811713 0.75 -0.0113099665 0.00626850361 267.306335 0 274.844 0 680
1.11206147 0.75 -0.0120003198 0.000612641627 269.527222 0 274.844 0 680
1.10565473 0.75 -0.0127197553 -0.005112438 271.83194 0 274.844 0 680
1.09888369 0.75 -0.0134678535 -0.0108798556 274.195007 0 274.844 0 680
1.09173578 0.75 -0.0142440748 -0.0166667961 276.609406 0 274.844 0 680
1.0841993 0.75 -0.0150478979 -0.0224569123 279.069855 0 274.844 0 680
1.07626358 0.75 -0.0158786679 -0.0282371063 281.572968 0 274.844 0 680
1.06791931 0.75 -0.0167357022 -0.0340018235 284.095703 0 274.844 0 680
1.05915868 0.75 -0.0176182672 -0.0397563726 286.625549 0 274.844 0 680
1.04997569 0.75 -0.0185256462 -0.0455188379 289.169708 0 274.844 0 680
1.0403664 0.75 -0.0194571422 -0.0513184182 291.726196 0 274.844 0 680
1.03032918 0.75 -0.0204118525 -0.0571921691 294.301544 0 274.844 0 680
1.01986494 0.75 -0.0213886732 -0.0631819516 296.916443 0 274.844 0 680
1.0089774 0.75 -0.0223860743 -0.0693321005 299.585083 0 274.844 0 680
0.997673241 0.75 -0.0234021032 -0.0756880343 302.306274 0 274.844 0 680
0.985962367 0.75 -0.0244341486 -0.0822901428 305.085114 0 274.844 0 680
0.973857984 0.75 -0.0254786967 -0.089166902 307.956207 0 274.844 0 680
0.961376728 0.75 -0.0265311827 -0.0963310897 310.956879 0 274.844 0 680
0.948538702 0.75 -0.0275859082 -0.103776455 314.146179 0 274.844 0 680
0.935367467 0.75 -0.0286359936 -0.111472659 317.63736 0 274.844 0 680
0.921889964 0.75 -0.0296733374 -0.119354285 321.517426 0 274.844 0 680
0.908136371 0.75 -0.0306886788 -0.127318233 325.821777 0 274.844 0 680
0.894139886 0.75 -0.0316719735 -0.135234624 330.532745 0 274.844 0 680
0.879936452 0.75 -0.0326126802 -0.14294976 335.591583 0 274.844 0 680
0.865564409 0.75 -0.0335000638 -0.150289327 340.913239 0 274.844 0 680
0.851064093 0.75 -0.0343236104 -0.157064259 346.38089 0 274.844 0 680
0.836477383 0.75 -0.0350738057 -0.163117006 351.899719 0 274.844 0 680
0.821847209 0.75 -0.0357424901 -0.168282583 357.381805 0 274.844 0 680
0.807217035 0.75 -0.0363230691 -0.172473878 362.759613 0 274.844 0 680
0.792630324 0.75 -0.0368108538 -0.175538182 367.955627 0 274.844 0 680
0.778130008 0.75 -0.0372032319 -0.177503645 372.923492 0 274.844 0 680
0.763757965 0.75 -0.0374999959 -0.178404495 377.606293 0 274.844 0 680
0.749554531 0.75 -0.0377032041 -0.178150192 381.976501 0 274.844 0 680
0.735558047 0.75 -0.0378160531 -0.176977515 386.085999 0 274.844 0 680
0.721804453 0.75 -0.0378435067 -0.175003558 389.955414 0 274.844 0 680
0.708326951 0.75 -0.0377919151 -0.172329292 393.644623 0 274.844 0 680
0.695155716 0.75 -0.0376681893 -0.169132754 397.215729 0 274.844 0 680
0.682317689 0.75 -0.0374795126 -0.165538013 400.728485 0 274.844 0 680
0.669836433 0.75 -0.0372331408 -0.16169773 404.243378 0 274.844 0 680
0.65773205 0.75 -0.0369362004 -0.157729864 407.82666 0 274.844 0 680
0.646021176 0.75 -0.0365952631 -0.153735682 411.534882 0 274.844 0 680
0.634717022 0.75 -0.0362162874 -0.149778157 415.397064 0 274.844 0 680
0.623829473 0.75 -0.0358045623 -0.145907193 419.447357 0 274.844 0 680
0.613365234 0.75 -0.0353649013 -0.142147779 423.687927 0 274.844 0 680
0.603328012 0.75 -0.0349013272 -0.138506666 428.128784 0 274.844 0 680
0.593718726 0.75 -0.0344175308 -0.134974167 432.778198 0 274.844 0 680
0.584535739 0.75 -0.0339164894 -0.131520852 437.629852 0 274.844 0 680
0.575775107 0.75 -0.0334010515 -0.128121704 442.684082 0 274.844 0 680
0.567430832 0.75 -0.0328736606 -0.124737374 447.938019 0 274.844 0 680
0.559495122 0.75 -0.0323366314 -0.121343873 453.427765 0 274.844 0 680
0.551958634 0.75 -0.031792242 -0.117910363 459.156006 0 274.844 0 680
0.544810727 0.75 -0.0312423576 -0.114391245 465.07782 3.66768218e-05 274.831 0 680
0.538039687 0.75 -0.0306890076 -0.110770553 471.118103 0.000181198731 274.779 0 680
0.531632947 0.75 -0.0301342018 -0.107036285 477.154205 0.000334478769 274.725 0 680
0.525577289 0.75 -0.0295797336 -0.103185602 483.101044 0.000492919586 274.671 0 680
0.519859022 0.75 -0.0290274825 -0.0992410779 488.915955 0.000924349471 274.523 0 680
0.514464153 0.75 -0.0284792019 -0.0952297971 494.583771 0.00163214153 274.285 0 680
0.509378531 0.75 -0.0279364469 -0.0911863521 500.132812 0.00235738978 274.046 0 680
0.504587975 0.75 -0.0274007778 -0.0871658623 505.577911 0.00309041003 273.809 0 680
0.50007839 0.75 -0.0268736805 -0.0832486078 510.886841 0.00391816813 273.546 0 680
0.495835859 0.75 -0.0263565303 -0.0795255527 516.083069 0.00568252383 273.15 0.0770365223 680
0.491846722 0.75 -0.0258505711 -0.076115869 521.256165 0.00749880541 273.15 0.267923117 680
0.488097649 0.75 -0.0253566583 -0.0730729029 526.458435 0.00932377018 273.15 0.384699434 680
0.484575686 0.75 -0.0248754267 -0.0705523342 531.694824 0.0111435764 273.15 0.462950289 680
0.481268304 0.75 -0.0244075598 -0.068681106 536.920105 0.0129034482 273.15 0.517460704 680
0.478163424 0.75 -0.0239542589 -0.0677565858 542.357117 0.0145505425 273.15 0.846053064 680
0.475249448 0.75 -0.0235166875 -0.0684290901 548.487732 0.0164535958 273.15 0.485865384 680
0.472515268 0.75 -0.0230952321 -0.0707522854 555.713562 0.0192445163 273.15 0.311388224 680
0.469950278 0.75 -0.0226878431 -0.0746474415 564.470093 0.0225473773 273.15 0.22759743 680
0.467544373 0.75 -0.0222923622 -0.0801749155 575.949463 0.0264569428 273.15 0.178931847 680
0.465287952 0.75 -0.0219065053 -0.0869284272 590.873108 0.0314939134 273.15 0.147568285 680
0.463171908 0.75 -0.0215249645 -0.0940585285 608.767395 0.0381017439 273.15 0.125888973 680
0.461187618 0.75 -0.0211434073 -0.100765601 629.494568 0.0461484864 273.15 0.110194497 680
0.459326936 0.75 -0.0207588569 -0.106344379 652.597046 0.0585651435 273.15 0.0985170603 680
0.457582173 0.75 -0.0203679128 -0.10993392 677.283325 0.0733053163 273.15 0.0896087065 680
0.455946082 0.75 -0.0199685437 -0.11074993 702.657471 0.0896219313 273.15 0.0825872868 680
0.454411846 0.75 -0.0195598755 -0.10817118 728.189758 0.107308909 273.15 0.0769058689 680
0.452973054 0.75 -0.0191410628 -0.101879828 753.003845 0.128003046 273.15 0.0722428635 680
0.451623687 0.75 -0.0187121963 -0.0917000249 775.996155 0.149871975 273.15 0.0683059394 680
0.450358096 0.75 -0.0182739806 -0.077463381 797.078552 0.172327325 273.15 0.0649437681 680
0.449170989 0.75 -0.017826838 -0.059101861 816.054138 0.195182741 273.15 0.062045861 680
0.448057407 0.75 -0.0173717396 -0.0368651934 832.943054 0.217996389 273.15 0.0595197901 680
0.447012708 0.75 -0.0169100006 -0.0109639922 848.340881 0.240892977 273.15 0.0573491156 680
0.446032551 0.75 -0.0164425497 0.0185292661 860.537354 0.263935328 273.15 0.0553965904 680
0.445112877 0.75 -0.0159706322 0.0502414517 863.48938 0.286357909 273.15 0.0533029586 680
0.444249895 0.75 -0.0154957348 0.0830577686 855.981995 0.308002383 273.15 0.051037509 680
0.443440063 0.75 -0.0150190818 0.117322803 849.494019 0.328780144 273.15 0.0491965897 680
0.442680076 0.75 -0.0145420489 0.152924567 850.220581 0.348566204 273.15 0.0480154157 680
0.441966849 0.75 -0.0140659697 0.189261883 854.132324 0.367577583 273.15 0.0472306237 680
0.441297506 0.75 -0.0135912786 0.22605212 858.296875 0.385978401 273.15 0.046675168 680
0.440669364 0.75 -0.0131185378 0.263027281 860.264526 0.403579533 273.15 0.0462078005 680
0.440079925 0.75 -0.0126485912 0.299793571 859.950806 0.42031008 273.15 0.0457532816 680
0.439526859 0.75 -0.0121820824 0.336004764 857.366882 0.436147898 273.15 0.0453745462 680
0.439007997 0.75 -0.0117198201 0.371007651 852.201355 0.451025903 273.15 0.0450502522 680
0.43852132 0.75 -0.0112626313 0.404702336 845.760681 0.465154827 273.15 0.044856295 680
0.438064949 0.75 -0.0108105062 0.437236905 838.711426 0.478700459 273.15 0.0448370911 680
0.437637136 0.75 -0.0103636023 0.468424022 831.062195 0.491556495 273.15 0.0449857675 680
0.437236256 0.75 -0.00992227259 0.498236775 823.37677 0.503821433 273.15 0.0453471951 680
0.436860797 0.75 -0.00948623205 0.526696265 815.427124 0.515557408 273.15 0.045932889 680
0.436509356 0.75 -0.00905554412 0.553643882 807.13501 0.526639223 273.15 0.046742212 680
0.436180631 0.75 -0.00863045264 0.579052806 798.909973 0.537146032 273.15 0.0478342064 680
0.435873412 0.75 -0.00821065317 0.602900684 790.557617 0.547091007 273.15 0.0492396392 680
0.43558658 0.75 -0.00779635619 0.625052035 782.325867 0.556404054 273.15 0.0510082282 680
0.435319096 0.75 -0.00738765557 0.645552993 774.497864 0.565203965 273.15 0.05325507 680
0.43507 0.75 -0.00698411884 0.664332747 767.003235 0.573470235 273.15 0.0560762435 680
0.434838406 0.75 -0.00658601022 0.68140763 760.185181 0.581256151 273.15 0.0596702583 680
0.434623494 0.75 -0.0061924251 0.696823716 754.081299 0.588713706 273.15 0.0643587932 680
0.434424511 0.75 -0.00580226926 0.7105937 747.809814 0.595658422 273.15 0.0703846961 680
0.434240764 0.75 -0.00541588429 0.722508669 741.946167 0.601872563 273.15 0.0781783611 680
0.434071616 0.75 -0.00503435893 0.732623219 736.706421 0.607305348 273.15 0.0884544253 680
0.433916486 0.75 -0.00465942511 0.740761638 733.432739 0.612304747 273.15 0.103172727 680
0.433774845 0.75 -0.00428782075 0.747241676 729.57489 0.617225349 273.15 0.125963911 680
0.433646212 0.75 -0.00391461348 0.751710713 722.549561 0.621684611 273.15 0.163174853 680
0.433646212 0.75 -0.00391461348 0.751710713 713.104309 0.625171244 273.15 0.232142553 680
0.433530152 0.75 -0.00354316986 0.754145384 710.229187 0.627781868 273.15 0.287722081 680
0.433426275 0.75 -0.00318574347 0.755202115 722.23822 0.629506767 273.15 0.221589878 680
0.433334235 0.75 -0.00284143098 0.753927708 731.020447 0.628998697 273.15 0.160028309 680
0.433253724 0.75 -0.00247211435 0.751245618 737.843201 0.627549469 273.15 0.119119518 680
0.433184477 0.75 -0.00207971364 0.746777654 757.636658 0.629713774 273.15 0.0891715214 680
0.433126264 0.75 -0.00175201003 0.740372419 770.811829 0.635666549 273.15 0.0892317742 680
0.433078893 0.75 -0.00146339257 0.730610907 771.422974 0.642244995 273.15 0.0932401493 680
0.433042209 0.75 -0.00100223243 0.71862644 783.905334 0.64628154 273.15 0.0741925836 680
0.433016092 0.75 -0.000478377422 0.704661369 814.649963 0.646559656 273.15 0.0406616405 680
0.433000455 0.75 -0.000121424179 0.690982521 844.44751 0.640436172 273.15 0.0211188141 680
0.432995249 0.75 0 0.677383125 810.170654 0.633657992 273.15 0.0367065631 680
0.433000455 0.75 0.000121424179 0.667383075 818.505005 0.631007135 273.15 0.0590527244 680
0.433016092 0.75 0.000478377422 0.652194619 861.579224 0.627221763 273.15 0.0618836358 680
0.433042209 0.75 0.00100223243 0.628658235 896.822937 0.61699903 273.15 0.0466739722 680
0.433078893 0.75 0.00146339257 0.597710848 875.041748 0.607627273 273.15 0.0363732651 680
0.433126264 0.75 0.00175201003 0.568934977 880.756348 0.606194019 273.15 0.0401671492 680
0.433184477 0.75 0.00207971364 0.550763607 918.729797 0.601670444 273.15 0.0417596921 680
0.433253724 0.75 0.00247211435 0.522829831 936.483154 0.590990901 273.15 0.0384285562 680
0.433334235 0.75 0.00284143098 0.489431679 934.891785 0.581978142 273.15 0.0365079679 680
0.433426275 0.75 0.00318574347 0.460241884 945.792297 0.576169908 273.15 0.0369390137 680
0.433530152 0.75 0.00354316986 0.431997865 965.668762 0.568907082 273.15 0.0372275263 680
0.433646212 0.75 0.00391461348 0.399153471 980.755676 0.559215724 273.15 0.0367971286 680
0.433774845 0.75 0.00428782075 0.363693029 989.934509 0.54908824 273.15 0.0363771953 680
0.433916486 0.75 0.00465942511 0.328129262 999.540344 0.539705098 273.15 0.0364196785 680
0.434071616 0.75 0.00503435893 0.292663425 1012.20673 0.530115783 273.15 0.0367179811 680
0.434240764 0.75 0.00541588429 0.255440235 1024.77161 0.519479692 273.15 0.0370045044 680
0.434424511 0.75 0.00580226926 0.216269135 1035.51575 0.507951319 273.15 0.0372871049 680
0.434623494 0.75 0.0061924251 0.176048055 1044.36597 0.495984286 273.15 0.0376484841 680
0.434838406 0.75 0.00658601022 0.135236368 1052.81921 0.483916342 273.15 0.0381806009 680
0.43507 0.75 0.00698411884 0.093995586 1061.48438 0.471434176 273.15 0.0388583727 680
0.435319096 0.75 0.00738765557 0.0516872853 1069.54443 0.458424836 273.15 0.039645642 680
0.43558658 0.75 0.00779635619 0.00835228246 1077.42981 0.444921941 273.15 0.0405722894 680
0.435873412 0.75 0.00821065317 -0.0358396471 1084.71899 0.430724531 273.15 0.0416164398 680
0.436180631 0.75 0.00863045264 -0.0810673684 1091.06799 0.415949404 273.15 0.0427794866 680
0.436509356 0.75 0.00905554412 -0.12691094 1096.94263 0.400577873 273.15 0.044081144 680
0.436860797 0.75 0.00948623205 -0.173356548 1101.75745 0.384488314 273.15 0.0455328822 680
0.437236256 0.75 0.00992227259 -0.220388159 1105.61084 0.367870808 273.15 0.0471778437 680
0.437637136 0.75 0.0103636023 -0.267609626 1108.93054 0.350636601 273.15 0.049053479 680
0.438064949 0.75 0.0108105062 -0.315145463 1110.95508 0.332633436 273.15 0.0511535443 680
0.43852132 0.75 0.0112626313 -0.363002509 1111.89722 0.314027518 273.15 0.0535399504 680
0.439007997 0.75 0.0117198201 -0.410793543 1111.11316 0.294596106 273.15 0.056217283 680
0.439526859 0.75 0.0121820824 -0.458958298 1105.84998 0.274487019 273.15 0.0590934418 680
0.440079925 0.75 0.0126485912 -0.507252157 1096.17603 0.2536439 273.15 0.0622059256 680
0.440669364 0.75 0.0131185378 -0.554132044 1084.03955 0.231846839 273.15 0.0657092035 680
0.441297506 0.75 0.0135912786 -0.598926365 1069.75745 0.209189802 273.15 0.0697315037 680
0.441966849 0.75 0.0140659697 -0.641019583 1055.49573 0.185979232 273.15 0.0745762661 680
0.442680076 0.75 0.0145420489 -0.680056036 1045.89905 0.161977619 273.15 0.0808190703 680
0.443440063 0.75 0.0150190818 -0.715738952 1045.151 0.137906849 273.15 0.0893055573 680
0.444249895 0.75 0.0154957348 -0.747307956 1045.09253 0.115030594 273.15 0.100199476 680
0.445112877 0.75 0.0159706322 -0.774817407 1031.7959 0.0914942846 273.15 0.113082677 680
0.446032551 0.75 0.0164425497 -0.799031913 1006.25842 0.0679196417 273.15 0.128990993 680
0.447012708 0.75 0.0169100006 -0.818218112 975.496948 0.049427323 273.15 0.150371447 680
0.448057407 0.75 0.0173717396 -0.830377996 942.10144 0.0318910703 273.15 0.180992186 680
0.449170989 0.75 0.017826838 -0.835850894 906.044556 0.0185416099 273.15 0.228441373 680
0.450358096 0.75 0.0182739806 -0.834332228 868.089478 0.00938896276 273.15 0.311207354 680
0.451623687 0.75 0.0187121963 -0.82590723 829.708618 0.00396774383 273.15 0.490905106 680
0.452973054 0.75 0.0191410628 -0.811655819 791.347229 0.00102188357 273.15 0.845580518 680
0.454411846 0.75 0.0195598755 -0.792089105 753.856995 0.000304781803 274.775 0 680
0.455946082 0.75 0.0199685437 -0.767843783 718.096924 0 274.844 0 680
0.457582173 0.75 0.0203679128 -0.74016428 684.752747 0 274.844 0 680
0.459326936 0.75 0.0207588569 -0.710079074 654.651306 0 274.844 0 680
0.461187618 0.75 0.0211434073 -0.6786654 628.63623 0 274.844 0 680
0.463171908 0.75 0.0215249645 -0.647213399 607.036865 0 274.844 0 680
0.465287952 0.75 0.0219065053 -0.616636932 589.761536 0 274.844 0 680
0.467544373 0.75 0.0222923622 -0.587733209 576.787231 0 274.844 0 680
0.469950278 0.75 0.0226878431 -0.561311901 567.120605 0 274.844 0 680
0.472515268 0.75 0.0230952321 -0.537605286 559.621765 0 274.844 0 680
0.475249448 0.75 0.0235166875 -0.516564012 553.949097 0 274.844 0 680
0.478163424 0.75 0.0239542589 -0.498166651 549.396484 0 274.844 0 680
0.481268304 0.75 0.0244075598 -0.482136548 545.195007 0 274.844 0 680
0.484575686 0.75 0.0248754267 -0.468014687 541.032227 0 274.844 0 680
0.488097649 0.75 0.0253566583 -0.455386072 536.82843 0 274.844 0 680
0.491846722 0.75 0.0258505711 -0.443980426 532.561768 0 274.844 0 680
0.495835859 0.75 0.0263565303 -0.433633417 528.154968 0 274.844 0 680
0.50007839 0.75 0.0268736805 -0.424200714 523.515869 0 274.844 0 680
0.504587975 0.75 0.0274007778 -0.415526658 518.596558 0 274.844 0 680
0.509378531 0.75 0.0279364469 -0.407461196 513.407349 0 274.844 0 680
0.514464153 0.75 0.0284792019 -0.399881035 507.920959 0 274.844 0 680
0.519859022 0.75 0.0290274825 -0.392686009 502.107239 0 274.844 0 680
0.525577289 0.75 0.0295797336 -0.385803968 496.006653 0 274.844 0 680
0.531632947 0.75 0.0301342018 -0.379178435 489.693848 0 274.844 0 680
0.538039687 0.75 0.0306890076 -0.372764975 483.290985 0 274.844 0 680
0.544810727 0.75 0.0312423576 -0.366550356 476.921814 0 274.844 0 680
0.551958634 0.75 0.031792242 -0.360531896 470.669495 0 274.844 0 680
0.559495122 0.75 0.0323366314 -0.354713142 464.587799 0 274.844 0 680
0.567430832 0.75 0.0328736606 -0.349130511 458.679901 0 274.844 0 680
0.575775107 0.75 0.0334010515 -0.343807161 452.936981 0 274.844 0 680
0.584535739 0.75 0.0339164894 -0.338758588 447.363037 0 274.844 0 680
0.593718726 0.75 0.0344175308 -0.334017128 441.968964 0 274.844 0 680
0.603328012 0.75 0.0349013272 -0.329598159 436.776764 0 274.844 0 680
0.613365234 0.75 0.0353649013 -0.32552284 431.790253 0 274.844 0 680
0.623829473 0.75 0.0358045623 -0.321790934 426.985535 0 274.844 0 680
0.634717022 0.75 0.0362162874 -0.318383127 422.346954 0 274.844 0 680
0.646021176 0.75 0.0365952631 -0.315260142 417.856384 0 274.844 0 680
0.65773205 0.75 0.0369362004 -0.312358022 413.472595 0 274.844 0 680
0.669836433 0.75 0.0372331408 -0.309596986 409.138763 0 274.844 0 680
0.682317689 0.75 0.0374795126 -0.30686456 404.785645 0 274.844 0 680
0.695155716 0.75 0.0376681893 -0.304021209 400.346893 0 274.844 0 680
0.708326951 0.75 0.0377919151 -0.30091399 395.762451 0 274.844 0 680
0.721804453 0.75 0.0378435067 -0.297390491 390.971252 0 274.844 0 680
0.735558047 0.75 0.0378160531 -0.29329291 385.916168 0 274.844 0 680
0.749554531 0.75 0.0377032041 -0.288465112 380.586639 0 274.844 0 680
0.763757965 0.75 0.0374999959 -0.282780975 374.991852 0 274.844 0 680
0.778130008 0.75 0.0372032319 -0.276178688 369.125397 0 274.844 0 680
0.792630324 0.75 0.0368108538 -0.268606484 363.019623 0 274.844 0 680
0.807217035 0.75 0.0363230691 -0.260046303 356.736145 0 274.844 0 680
0.821847209 0.75 0.0357424901 -0.250561029 350.357819 0 274.844 0 680
0.836477383 0.75 0.0350738057 -0.240254626 343.972107 0 274.844 0 680
0.851064093 0.75 0.0343236104 -0.229264274 337.673645 0 274.844 0 680
0.865564409 0.75 0.0335000638 -0.217747629 331.567139 0 274.844 0 680
0.879936452 0.75 0.0326126802 -0.205877453 331.567139 0 274.844 0 680
0.894139886 0.75 0.0316719735 -0.193838656 325.76004 0 274.844 0 680
0.908136371 0.75 0.0306886788 -0.181803793 320.336853 0 274.844 0 680
0.921889964 0.75 0.0296733374 -0.169918403 315.34671 0 274.844 0 680
0.935367467 0.75 0.0286359936 -0.158302113 310.798889 0 274.844 0 680
0.948538702 0.75 0.0275859082 -0.14704439 306.650696 0 274.844 0 680
0.961376728 0.75 0.0265311827 -0.136198997 302.814026 0 274.844 0 680
0.973857984 0.75 0.0254786967 -0.125785157 299.178101 0 274.844 0 680
0.985962367 0.75 0.0244341486 -0.11580012 295.684326 0 274.844 0 680
0.997673241 0.75 0.0234021032 -0.106223837 292.297729 0 274.844 0 680
1.0089774 0.75 0.0223860743 -0.0970218331 288.982788 0 274.844 0 680
1.01986494 0.75 0.0213886732 -0.088151224 285.731567 0 274.844 0 680
1.03032918 0.75 0.0204118525 -0.0795669109 282.541656 0 274.844 0 680
1.0403664 0.75 0.0194571422 -0.0712274238 279.39917 0 274.844 0 680
1.04997569 0.75 0.0185256462 -0.0630944669 276.288422 0 274.844 0 680
1.05915868 0.75 0.0176182672 -0.0551360138 273.205597 0 274.844 0 680
1.06791931 0.75 0.0167357022 -0.0473278314 270.156403 0 274.844 0 680
1.07626358 0.75 0.0158786679 -0.0396554433 267.135986 0 274.844 0 680
1.0841993 0.75 0.0150478979 -0.0321175419 264.14917 0 274.844 0 680
1.09173578 0.75 0.0142440748 -0.0247200597 261.218658 0 274.844 0 680
1.09888369 0.75 0.0134678535 -0.0174740944 258.362549 0 274.844 0 680
1.10565473 0.75 0.0127197553 -0.0103937294 255.582016 0 274.844 0 680
1.11206147 0.75 0.0120003198 -0.0034964378 252.889038 0 274.844 0 680
1.11811713 0.75 0.0113099665 0.00319682574 250.320251 0 274.844 0 680
1.1238354 0.75 0.0106489074 0.00966662169 247.868149 0 274.844 0 680
1.12923026 0.75 0.0100173522 0.0158972703 245.471817 0 274.844 0 680
1.13431589 0.75 0.00941530849 0.0218791198 243.05545 0 274.844 0 680
1.13910644 0.75 0.00884256744 0.0276098456 240.557953 0 274.844 0 680
1.14361603 0.75 0.00829881936 0.0330906063 237.960159 0 274.844 0 680
1.14785856 0.75 0.0077835494 0.0383190699 235.300003 0 274.844 0 680
1.15184769 0.75 0.00729615056 0.0432852581 232.788452 0 274.844 0 680
1.15559677 0.75 0.00683597936 0.0479789302 230.620255 0 274.844 0 680
1.15911873 0.75 0.00640221872 0.0524016097 228.724518 0 274.844 0 680
1.16242611 0.75 0.00599385082 0.0565650426 226.992981 0 274.844 0 680
1.16553099 0.75 0.0056097353 0.0604820661 225.42482 0 274.844 0 680
1.16844497 0.75 0.00524875598 0.0641636103 223.991516 0 274.844 0 680
1.17117915 0.75 0.00491013914 0.0676187053 222.581009 0 274.844 0 680
1.17374414 0.75 0.00459314015 0.0708515644 221.199142 0 274.844 0 680
1.17615004 0.75 0.00429676756 0.0738655925 219.910782 0 274.844 0 680
1.17840647 0.75 0.00401954729 0.0766757801 218.667023 0 274.844 0 680
1.18052251 0.75 0.00376002188 0.0793028623 217.482758 0 274.844 0 680
1.1825068 0.75 0.00351688454 0.0817636028 216.368454 0 274.844 0 680
1.18436748 0.75 0.00328895758 0.0840732902 215.311447 0 274.844 0 680
1.18611224 0.75 0.00307517449 0.0862439573 214.317047 0 274.844 0 680
1.18774834 0.75 0.00287456516 0.0882868171 213.355927 0 274.844 0 680
1.18928257 0.75 0.00268624347 0.0902119428 212.423615 0 274.844 0 680
1.19072136 0.75 0.00250939714 0.0920278579 211.514404 0 274.844 0 680
1.19207073 0.75 0.00234327907 0.0937421992 210.628021 0 274.844 0 680
1.19333632 0.75 0.00218720017 0.0953619108 209.764374 0 274.844 0 680
1.19452343 0.75 0.00204052331 0.096893236 208.922318 0 274.844 0 680
1.19563701 0.75 0.0019026581 0.0983418599 208.099808 0 274.844 0 680
1.19668171 0.75 0.00177305656 0.0997128114 207.295395 0 274.844 0 680
1.19766187 0.75 0.00165120927 0.101011313 206.510712 0 274.844 0 680
1.19858154 0.75 0.00153664207 0.102241509 205.742935 0 274.844 0 680
1.19944452 0.75 0.00142891325 0.103407465 204.990509 0 274.844 0 680
1.20025435 0.75 0.00132761093 0.104513034 204.255173 0 274.844 0 680
1.20101434 0.75 0.00123235087 0.105561793 203.537689 0 274.844 0 680
1.20172757 0.75 0.00114277445 0.106556982 202.835892 0 274.844 0 680
1.20239691 0.75 0.00105854684 0.107501581 202.143936 0 274.844 0 680
1.20302505 0.75 0.000979355361 0.108398564 201.463394 0 274.844 0 680
1.20361449 0.75 0.000904908033 0.109250538 200.796799 0 274.844 0 680
1.20416756 0.75 0.000834932166 0.110059939 200.141281 0 274.844 0 680
1.20468642 0.75 0.000769173127 0.110829145 199.495102 0 274.844 0 680
1.2051731 0.75 0.000707393186 0.111560218 198.857025 0 274.844 0 680
1.20562947 0.75 0.000649370443 0.112255275 198.226089 0 274.844 0 680
1.20605728 0.75 0.000594897845 0.112916082 197.601212 0 274.844 0 680
1.20645816 0.75 0.000543782264 0.113544546 196.981445 0 274.844 0 680
1.20683362 0.75 0.000495844854 0.114142098 196.366241 0 274.844 0 680
1.20718506 0.75 0.000450922552 0.114710495 195.757034 0 274.844 0 680
1.20751379 0.75 0.000408862853 0.115250528 195.153137 0 274.844 0 680
1.20782101 0.75 0.000369522448 0.115763925 194.554718 0 274.844 0 680
1.20810784 0.75 0.000332767003 0.116251051 193.959641 0 274.844 0 680
1.20837532 0.75 0.000298470891 0.116713829 193.368713 0 274.844 0 680
1.20862442 0.75 0.000266516898 0.117151983 192.778656 0 274.844 0 680
1.20885601 0.75 0.000236795919 0.117567852 192.191895 0 274.844 0 680
1.20907092 0.75 0.000209206632 0.117960192 191.601044 0 274.844 0 680
1.20926991 0.75 0.000183655182 0.11833217 191.009705 0 274.844 0 680
1.20945365 0.75 0.000160054871 0.118680932 190.415207 0 274.844 0 680
1.2096228 0.75 0.000138325848 0.119011089 189.834641 0 274.844 0 680
1.20977793 0.75 0.000118394819 0.119316943 189.251755 0 274.844 0 680
1.20991957 0.75 0.000100194771 0.119605832 188.708344 0 274.844 0 680
1.21004821 0.75 8.36647112e-05 0.119866952 188.172073 0 274.844 0 680
1.21016427 0.75 6.87494199e-05 0.120111778 187.764648 0 274.844 0 680
1.21026814 0.75 5.53992311e-05 0.120322488 187.42894 0 274.844 0 680
1.21036018 0.75 4.35698249e-05 0.120513506 187.523117 0 274.844 0 680
1.21044069 0.75 3.32220426e-05 0.120656595 188.029419 0 274.844 0 680
1.21050994 0.75 2.43217203e-05 0.12079107 190.084259 0 274.844 0 680
1.21056815 0.75 1.68395436e-05 0.12080472 194.7742 0 274.844 0 680
1.21061552 0.75 1.07509204e-05 0.120774455 207.658691 0 274.844 0 680
1.21065221 0.75 6.03587519e-06 0.120481856 240.830536 0 274.844 0 680
1.21067833 0.75 2.67896125e-06 0.119663231 319.220337 0 274.844 0 680
1.21069396 0.75 6.69193463e-07 0.119113393 702.489258 0 274.844 0 680

ZONE T="SLICE_Y_1p40_BINS07_KS_1p5mm_CUTDATA"
1.39330511 1.39999998 0 0.110536851 1878.90588 0 274.844 0 680
1.39330119 1.39999998 -5.03417604e-07 0.111072987 825.482605 0 274.844 0 680
1.39328943 1.39999998 -2.01531594e-06 0.111944221 379.48584 0 274.844 0 680
1.39326978 1.39999998 -4.54063884e-06 0.113025911 288.871277 0 274.844 0 680
1.39324218 1.39999998 -8.08765014e-06 0.113431461 249.966736 0 274.844 0 680
1.39320655 1.39999998 -1.26679699e-05 0.113574125 234.282898 0 274.844 0 680
1.39316276 1.39999998 -1.82966255e-05 0.113638744 228.194107 0 274.844 0 680
1.39311066 1.39999998 -2.49921167e-05 0.113557138 225.297897 0 274.844 0 680
1.3930501 1.39999998 -3.27764961e-05 0.113450192 224.231064 0 274.844 0 680
1.39298086 1.39999998 -4.16754642e-05 0.113259435 223.595078 0 274.844 0 680
1.39290271 1.39999998 -5.17184793e-05 0.113050111 223.644897 0 274.844 0 680
1.3928154 1.39999998 -6.29388822e-05 0.112789296 223.855255 0 274.844 0 680
1.39271864 1.39999998 -7.53740356e-05 0.112509765 224.285629 0 274.844 0 680
1.39261208 1.39999998 -8.90654788e-05 0.112196557 224.761581 0 274.844 0 680
1.39249538 1.39999998 -0.000104059096 0.11186415 225.309921 0 274.844 0 680
1.39236814 1.39999998 -0.0001204053 0.111504488 225.867401 0 274.844 0 680
1.39222991 1.39999998 -0.000138159228 0.111125134 226.454147 0 274.844 0 680
1.39208022 1.39999998 -0.000157380948 0.110721029 227.042969 0 274.844 0 680
1.39191855 1.39999998 -0.000178135683 0.110296033 227.644608 0 274.844 0 680
1.39174432 1.39999998 -0.000200494037 0.109846778 228.248077 0 274.844 0 680
1.39155693 1.39999998 -0.00022453223 0.109375075 228.859528 0 274.844 0 680
1.39135571 1.39999998 -0.000250332343 0.108878471 229.474594 0 274.844 0 680
1.39113994 1.39999998 -0.000277982551 0.108357593 230.097046 0 274.844 0 680
1.39090882 1.39999998 -0.000307577359 0.107810512 230.725433 0 274.844 0 680
1.39066153 1.39999998 -0.000339217825 0.107237168 231.362366 0 274.844 0 680
1.39039715 1.39999998 -0.000373011756 0.106635936 232.007462 0 274.844 0 680
1.3901147 1.39999998 -0.000409073878 0.106006317 232.660843 0 274.844 0 680
1.38981313 1.39999998 -0.000447526858 0.105346672 233.320831 0 274.844 0 680
1.3894913 1.39999998 -0.00048850524 0.104655929 233.98822 0 274.844 0 680
1.38914798 1.39999998 -0.000532154306 0.103932284 234.664017 0 274.844 0 680
1.38878187 1.39999998 -0.00057862982 0.103174351 235.349533 0 274.844 0 680
1.38839154 1.39999998 -0.00062809871 0.102380253 236.045441 0 274.844 0 680
1.38797548 1.39999998 -0.000680739816 0.101548329 236.752731 0 274.844 0 680
1.38753206 1.39999998 -0.000736744689 0.100676544 237.47229 0 274.844 0 680
1.38705953 1.39999998 -0.000796318467 0.0997630209 238.205292 0 274.844 0 680
1.386556 1.39999998 -0.000859680807 0.098805584 238.952484 0 274.844 0 680
1.38601945 1.39999998 -0.000927066921 0.0978020057 239.714676 0 274.844 0 680
1.38544773 1.39999998 -0.000998728693 0.0967499614 240.492142 0 274.844 0 680
1.38483852 1.39999998 -0.00107493591 0.0956469849 241.287506 0 274.844 0 680
1.38418932 1.39999998 -0.00115597763 0.0944902822 242.10054 0 274.844 0 680
1.38349747 1.39999998 -0.00124216368 0.0932770669 242.929214 0 274.844 0 680
1.38276012 1.39999998 -0.00133382637 0.0920042545 243.774963 0 274.844 0 680
1.38197422 1.39999998 -0.00143132239 0.0906686485 244.638611 0 274.844 0 680
1.3811365 1.39999998 -0.00153503495 0.0892667249 245.519806 0 274.844 0 680
1.38024347 1.39999998 -0.00164537631 0.0877946988 246.41835 0 274.844 0 680
1.3792914 1.39999998 -0.00176279059 0.0862484202 247.334335 0 274.844 0 680
1.3792914 1.39999998 -0.00176279059 0.0862484202 248.267654 0 274.844 0 680
1.3782763 1.39999998 -0.00188775708 0.0846232697 249.217957 0 274.844 0 680
1.37719393 1.39999998 -0.00202079418 0.0829141214 250.184952 0 274.844 0 680
1.37603977 1.39999998 -0.0021624639 0.0811150894 251.168259 0 274.844 0 680
1.37480898 1.39999998 -0.00231337732 0.0792194828 252.16777 0 274.844 0 680
1.37349643 1.39999998 -0.00247420102 0.0772193 253.184265 0 274.844 0 680
1.37209669 1.39999998 -0.0026456648 0.0751052722 254.22023 0 274.844 0 680
1.37060396 1.39999998 -0.00282857098 0.0728657469 255.283417 0 274.844 0 680
1.36901211 1.39999998 -0.00302380549 0.0704871118 256.365204 0 274.844 0 680
1.36731466 1.39999998 -0.00323235141 0.0679518133 257.548737 0 274.844 0 680
1.36550476 1.39999998 -0.00345530514 0.0652366355 258.938385 0 274.844 0 680
1.36357518 1.39999998 -0.0036937756 0.0623306707 260.500183 0 274.844 0 680
1.36151832 1.39999998 -0.00394850863 0.0592411123 262.166809 0 274.844 0 680
1.35932621 1.39999998 -0.0042200644 0.0559776239 263.914093 0 274.844 0 680
1.35699049 1.39999998 -0.00450902495 0.0525420979 265.756561 0 274.844 0 680
1.35450243 1.39999998 -0.00481622997 0.0489290915 267.721222 0 274.844 0 680
1.35185294 1.39999998 -0.00514253732 0.0451333001 269.819733 0 274.844 0 680
1.34903261 1.39999998 -0.00548871267 0.0411554538 272.041107 0 274.844 0 680
1.34603168 1.39999998 -0.0058553707 0.0370032601 274.368591 0 274.844 0 680
1.34284013 1.39999998 -0.00624299548 0.0326878503 276.785675 0 274.844 0 680
1.33944768 1.39999998 -0.00665204364 0.0282234084 279.227936 0 274.844 0 680
1.33584386 1.39999998 -0.0070829025 0.0236287825 281.619904 0 274.844 0 680
1.33201808 1.39999998 -0.00753580499 0.0189210456 283.976868 0 274.844 0 680
1.32795965 1.39999998 -0.00801090826 0.0141124381 286.35022 0 274.844 0 680
1.32365794 1.39999998 -0.00850820662 0.00922093634 288.746918 0 274.844 0 680
1.31910242 1.39999998 -0.00902754224 0.00427032541 291.168732 0 274.844 0 680
1.31428279 1.39999998 -0.00956875567 -0.000717658899 293.62619 0 274.844 0 680
1.3091891 1.39999998 -0.0101315314 -0.00572105916 296.102295 0 274.844 0 680
1.30381191 1.39999998 -0.0107154633 -0.0107195107 298.569183 0 274.844 0 680
1.2981424 1.39999998 -0.0113201595 -0.0156997498 301.021545 0 274.844 0 680
1.29217256 1.39999998 -0.0119451271 -0.020655131 303.469269 0 274.844 0 680
1.28589537 1.39999998 -0.0125898527 -0.0255863741 305.932587 0 274.844 0 680
1.27930496 1.39999998 -0.0132537844 -0.0305034593 308.435181 0 274.844 0 680
1.27239683 1.39999998 -0.0139363831 -0.0354276188 310.953125 0 274.844 0 680
1.265168 1.39999998 -0.0146371243 -0.0403904095 313.468933 0 274.844 0 680
1.25761725 1.39999998 -0.0153553291 -0.0454332642 316.023499 0 274.844 0 680
1.24974527 1.39999998 -0.0160901671 -0.0506048314 318.664948 0 274.844 0 680
1.24155483 1.39999998 -0.0168404871 -0.055955492 321.413269 0 274.844 0 680
1.233051 1.39999998 -0.0176048205 -0.0615374744 324.319916 0 274.844 0 680
1.2242412 1.39999998 -0.0183812025 -0.067401737 327.463135 0 274.844 0 680
1.21513537 1.39999998 -0.0191669901 -0.0735854432 330.889008 0 274.844 0 680
1.20574603 1.39999998 -0.0199587491 -0.0801069513 334.620514 0 274.844 0 680
1.19608831 1.39999998 -0.0207521929 -0.0869594514 338.657318 0 274.844 0 680
1.18617991 1.39999998 -0.0215421461 -0.0941194072 343.012207 0 274.844 0 680
1.17604112 1.39999998 -0.022322514 -0.101535581 347.701782 0 274.844 0 680
1.16569464 1.39999998 -0.0230863301 -0.109123088 352.707611 0 274.844 0 680
1.15516543 1.39999998 -0.0238260383 -0.116777644 357.983093 0 274.844 0 680
1.14448054 1.39999998 -0.0245337085 -0.12437056 363.440399 0 274.844 0 680
1.13366881 1.39999998 -0.0252012651 -0.131750152 368.975037 0 274.844 0 680
1.12276058 1.39999998 -0.0258207987 -0.13876 374.522491 0 274.844 0 680
1.11178736 1.39999998 -0.026385152 -0.145258784 380.04538 0 274.844 0 680
1.10078145 1.39999998 -0.0268881867 -0.151118845 385.510803 0 274.844 0 680
1.08977553 1.39999998 -0.0273249418 -0.156230077 390.896027 0 274.844 0 680
1.07880231 1.39999998 -0.0276918902 -0.160507515 396.174194 0 274.844 0 680
1.06789408 1.39999998 -0.0279870664 -0.163906887 401.317322 0 274.844 0 680
1.05708235 1.39999998 -0.0282103146 -0.166444361 406.326416 0 274.844 0 680
1.04639746 1.39999998 -0.0283631831 -0.168173805 411.206116 0 274.844 0 680
1.03586825 1.39999998 -0.0284480766 -0.1691439 415.960205 0 274.844 0 680
1.02552177 1.39999998 -0.0284687292 -0.169447869 420.600494 0 274.844 0 680
1.01538298 1.39999998 -0.0284299182 -0.16923058 425.144989 0 274.844 0 680
1.00547459 1.39999998 -0.0283368423 -0.168619126 429.629333 0 274.844 0 680
0.995816857 1.39999998 -0.0281949055 -0.167730674 434.091736 0 274.844 0 680
0.986427518 1.39999998 -0.0280095661 -0.166679695 438.581787 0 274.844 0 680
0.977321692 1.39999998 -0.0277861853 -0.165563405 443.155243 0 274.844 0 680
0.968511893 1.39999998 -0.0275297066 -0.164456636 447.843658 0 274.844 0 680
0.960008059 1.39999998 -0.0272446126 -0.163405031 452.674835 0 274.844 0 680
0.951817626 1.39999998 -0.0269348821 -0.1624396 457.671204 0 274.844 0 680
0.943945639 1.39999998 -0.026604136 -0.161565274 462.848511 0 274.844 0 680
0.936394887 1.39999998 -0.0262554007 -0.160769552 468.206818 0 274.844 0 680
0.92916606 1.39999998 -0.0258914527 -0.160024524 473.738739 0 274.844 0 680
0.922257927 1.39999998 -0.0255145317 -0.159282893 479.439819 0.000111522408 274.804 0 680
0.915667521 1.39999998 -0.0251267806 -0.158501431 485.306305 0.000246555486 274.758 0 680
0.909390331 1.39999998 -0.0247300376 -0.157627508 491.382751 0.00038796477 274.71 0 680
0.903420493 1.39999998 -0.0243260438 -0.156622186 497.676025 0.000763793476 274.584 0 680
0.897750981 1.39999998 -0.0239165132 -0.15544118 504.12912 0.00142756582 274.364 0 680
0.892373788 1.39999998 -0.0235028488 -0.154029578 510.690491 0.00212206319 274.14 0 680
0.887280103 1.39999998 -0.0230865775 -0.15236567 517.299866 0.0028418377 273.914 0 680
0.882460472 1.39999998 -0.0226692108 -0.150436893 523.913452 0.00430331612 273.454 0 680
0.877904951 1.39999998 -0.0222520981 -0.148243397 530.519897 0.00620378228 273.15 0.125085533 680
0.873603241 1.39999998 -0.0218366534 -0.145808101 537.084961 0.00815047603 273.15 0.300446004 680
0.869544815 1.39999998 -0.0214241955 -0.14316006 543.576843 0.0101283221 273.15 0.409684569 680
0.865719028 1.39999998 -0.0210158945 -0.140343741 549.981079 0.0121100703 273.15 0.483380467 680
0.862115212 1.39999998 -0.0206129239 -0.13741976 556.269348 0.0150541188 273.15 0.559030473 680
0.858722763 1.39999998 -0.0202164017 -0.13447766 562.463318 0.0184042398 273.15 0.616163373 680
0.855531212 1.39999998 -0.0198273625 -0.131631553 568.610779 0.0217472725 273.15 0.655617714 680
0.852530284 1.39999998 -0.019446742 -0.128991514 574.746521 0.0250924528 273.15 0.684577584 680
0.84970995 1.39999998 -0.0190751836 -0.126658514 580.852966 0.028412478 273.15 0.706548154 680
0.847060465 1.39999998 -0.018713165 -0.124744684 586.938416 0.0316188857 273.15 0.843000889 680
0.844572403 1.39999998 -0.0183612004 -0.123475201 593.165955 0.0346172899 273.15 0.538373291 680
0.842236679 1.39999998 -0.0180201935 -0.123181477 600.111023 0.0374424458 273.15 0.342694104 680
0.840044568 1.39999998 -0.0176910194 -0.124253675 608.365723 0.0409271531 273.15 0.249657467 680
0.837987712 1.39999998 -0.0173739689 -0.126927301 618.269897 0.0454288162 273.15 0.195935592 680
0.836058133 1.39999998 -0.0170675003 -0.13111043 630.897705 0.0507282242 273.15 0.161617473 680
0.834248231 1.39999998 -0.0167699899 -0.136761412 647.033569 0.0575253367 273.15 0.138358101 680
0.832550782 1.39999998 -0.0164797193 -0.143567026 666.495361 0.0664122403 273.15 0.121723749 680
0.830958934 1.39999998 -0.0161926956 -0.150698036 689.174622 0.0772186592 273.15 0.107795015 680
0.829466203 1.39999998 -0.0159056597 -0.157406896 714.552246 0.0899877399 273.15 0.097125411 680
0.828066458 1.39999998 -0.0156163719 -0.162983373 741.613464 0.105880521 273.15 0.0888288021 680
0.826753915 1.39999998 -0.0153222744 -0.166553169 769.686279 0.124046437 273.15 0.0822967589 680
0.825523125 1.39999998 -0.015021839 -0.167385802 798.147461 0.143721595 273.15 0.0770609006 680
0.824368957 1.39999998 -0.014714408 -0.164936185 826.204346 0.164655536 273.15 0.0727917477 680
0.82328659 1.39999998 -0.0143993456 -0.158746645 853.218445 0.18635121 273.15 0.0692357197 680
0.822271494 1.39999998 -0.01407672 -0.148621172 878.444885 0.208684638 273.15 0.0662089363 680
0.821319422 1.39999998 -0.0137470613 -0.134459242 901.096619 0.231995717 273.15 0.0635932237 680
0.820426391 1.39999998 -0.013410687 -0.116170369 920.705261 0.255348682 273.15 0.0612901412 680
0.819588671 1.39999998 -0.0130683278 -0.0940054432 937.21167 0.278549939 273.15 0.0592496172 680
0.81880277 1.39999998 -0.012720973 -0.0682575405 950.397705 0.301468611 273.15 0.0574304163 680
0.818065422 1.39999998 -0.0123693213 -0.0391892195 960.37207 0.323773921 273.15 0.0558020994 680
0.817373574 1.39999998 -0.0120143095 -0.00737240631 967.583069 0.345334649 273.15 0.0543566383 680
0.816724374 1.39999998 -0.0116570561 0.0265931301 972.172607 0.366063803 273.15 0.0530758612 680
0.816115158 1.39999998 -0.0112984818 0.0621701144 974.812866 0.385825038 273.15 0.0519619882 680
0.815543439 1.39999998 -0.0109396218 0.0986899957 975.988342 0.404825985 273.15 0.0510275178 680
0.815006896 1.39999998 -0.0105814793 0.135733411 975.522034 0.42323038 273.15 0.0502636246 680
0.814503365 1.39999998 -0.010224381 0.173158243 973.373413 0.440845728 273.15 0.0493221022 680
0.81403083 1.39999998 -0.00986874982 0.210653827 969.667236 0.457598239 273.15 0.0484357104 680
0.81358741 1.39999998 -0.00951522067 0.247877717 964.658936 0.47346738 273.15 0.0476937406 680
0.813171351 1.39999998 -0.0091642777 0.284508765 958.867249 0.488383025 273.15 0.0471014641 680
0.812781025 1.39999998 -0.00881652927 0.32017082 952.778198 0.502560377 273.15 0.0466895066 680
0.81241491 1.39999998 -0.00847259752 0.354676425 946.12854 0.516165972 273.15 0.0464566313 680
0.812071593 1.39999998 -0.00813247502 0.388020664 939.137512 0.529090345 273.15 0.0463991053 680
0.81174976 1.39999998 -0.00779628038 0.420084029 931.750793 0.541433215 273.15 0.0465296134 680
0.811448188 1.39999998 -0.00746427898 0.4508017 923.743469 0.553256154 273.15 0.0468544364 680
0.811165739 1.39999998 -0.00713625653 0.480162412 915.592285 0.564431131 273.15 0.0473885536 680
0.810901359 1.39999998 -0.0068122607 0.508060873 907.10022 0.575037897 273.15 0.0481535718 680
0.810654067 1.39999998 -0.00649247495 0.534439802 898.494629 0.585088968 273.15 0.0491855517 680
0.810422955 1.39999998 -0.00617667025 0.559259176 889.95166 0.594511569 273.15 0.0505123213 680
0.810207178 1.39999998 -0.00586500493 0.582439125 881.383423 0.603427947 273.15 0.0522026457 680
0.810005956 1.39999998 -0.00555754961 0.603966117 873.278076 0.611816704 273.15 0.0543407314 680
0.809818568 1.39999998 -0.00525397896 0.623810887 865.540833 0.619734824 273.15 0.0570418015 680
0.809644345 1.39999998 -0.00495449175 0.641974032 857.586975 0.627342701 273.15 0.060489364 680
0.809482672 1.39999998 -0.00465840745 0.658497334 849.358215 0.634444773 273.15 0.0648313612 680
0.809332982 1.39999998 -0.00436490291 0.673343897 841.715698 0.640804112 273.15 0.0702802762 680
0.809194754 1.39999998 -0.0040742351 0.686403275 835.73468 0.64636296 273.15 0.0772133246 680
0.809067508 1.39999998 -0.00378722306 0.697608829 831.145142 0.65151304 273.15 0.0865599588 680
0.808950808 1.39999998 -0.00350516967 0.706977844 825.945679 0.656667411 273.15 0.0999625623 680
0.808844255 1.39999998 -0.00322562095 0.71461767 820.347656 0.66139251 273.15 0.119431451 680
0.808747487 1.39999998 -0.0029448664 0.720426261 817.469604 0.664992988 273.15 0.148647174 680
0.808660178 1.39999998 -0.00266543859 0.724330544 819.873596 0.667498946 273.15 0.200054646 680
0.808582034 1.39999998 -0.00239655561 0.726466298 826.919556 0.669324338 273.15 0.213458344 680
0.808512795 1.39999998 -0.00213753788 0.726800203 829.271851 0.669567704 273.15 0.162018463 680
0.808452229 1.39999998 -0.00185971017 0.725198984 828.743774 0.669029236 273.15 0.123099066 680
0.808400135 1.39999998 -0.00156451687 0.721871972 842.429749 0.671303332 273.15 0.094853878 680
0.808356343 1.39999998 -0.00131799359 0.71698916 864.873474 0.676532924 273.15 0.0931831449 680
0.808320707 1.39999998 -0.00110087385 0.708736598 869.951172 0.681767285 273.15 0.0945273414 680
0.808293111 1.39999998 -0.000753954537 0.697957337 875.522705 0.684543133 273.15 0.076244764 680
0.808273463 1.39999998 -0.000359871441 0.685277045 895.850281 0.684435725 273.15 0.0436413549 680
0.808261701 1.39999998 -9.13443914e-05 0.673266768 933.545288 0.679201782 273.15 0.0234700292 680
0.808257784 1.39999998 0 0.661931992 909.853149 0.673766792 273.15 0.0401026346 680
0.808261701 1.39999998 9.13443914e-05 0.651970208 912.35553 0.672232211 273.15 0.0616376251 680
0.808273463 1.39999998 0.000359871441 0.637036324 946.167664 0.669684887 273.15 0.0634881184 680
0.808293111 1.39999998 0.000753954537 0.614837885 988.194458 0.660891414 273.15 0.0489500202 680
0.808320707 1.39999998 0.00110087385 0.587350845 984.934631 0.652549744 273.15 0.0392646492 680
0.808356343 1.39999998 0.00131799359 0.56141299 977.965149 0.651326895 273.15 0.0426312573 680
0.808400135 1.39999998 0.00156451687 0.541519642 1012.23627 0.647163212 273.15 0.0439659283 680
0.808452229 1.39999998 0.00185971017 0.51545155 1045.22693 0.637181997 273.15 0.0410532542 680
0.808512795 1.39999998 0.00213753788 0.48539713 1050.9425 0.62865591 273.15 0.0393213034 680
0.808582034 1.39999998 0.00239655561 0.456512451 1053.54443 0.623068273 273.15 0.0394788794 680
0.808660178 1.39999998 0.00266543859 0.428238571 1068.69238 0.616073668 273.15 0.039578028 680
0.808747487 1.39999998 0.0029448664 0.396885067 1086.55225 0.606752217 273.15 0.0391901843 680
0.808844255 1.39999998 0.00322562095 0.363442302 1099.24365 0.596981645 273.15 0.0388547108 680
0.808950808 1.39999998 0.00350516967 0.329205722 1108.25452 0.587886989 273.15 0.0388755761 680
0.809067508 1.39999998 0.00378722306 0.294510365 1119.11938 0.578577399 273.15 0.0391189903 680
0.809194754 1.39999998 0.0040742351 0.258344561 1131.68799 0.568257987 273.15 0.0394061431 680
0.809332982 1.39999998 0.00436490291 0.2206067 1143.35327 0.557074904 273.15 0.0397245586 680
0.809482672 1.39999998 0.00465840745 0.18174772 1152.87085 0.545460701 273.15 0.0401245989 680
0.809644345 1.39999998 0.00495449175 0.142183796 1160.86487 0.533739448 273.15 0.0406715386 680
0.809818568 1.39999998 0.00525397896 0.10195256 1168.67456 0.521617591 273.15 0.0413575433 680
0.810005956 1.39999998 0.00555754961 0.0607717484 1176.28113 0.508988023 273.15 0.0421715565 680
0.810207178 1.39999998 0.00586500493 0.0186309479 1183.24988 0.495887786 273.15 0.0431164131 680
0.810422955 1.39999998 0.00617667025 -0.0244234838 1189.72546 0.482125252 273.15 0.044186078 680
0.810654067 1.39999998 0.00649247495 -0.0683801621 1195.37976 0.467813045 273.15 0.0453975201 680
0.810901359 1.39999998 0.0068122607 -0.113022067 1200.08936 0.452937245 273.15 0.0466323197 680
0.811165739 1.39999998 0.00713625653 -0.158287421 1204.00525 0.437380165 273.15 0.0478887968 680
0.811448188 1.39999998 0.00746427898 -0.204057217 1206.72498 0.42132917 273.15 0.0493110865 680
0.81174976 1.39999998 0.00779628038 -0.250111192 1208.61084 0.404695451 273.15 0.05092429 680
0.812071593 1.39999998 0.00813247502 -0.296479881 1209.71204 0.387338936 273.15 0.0527457967 680
0.81241491 1.39999998 0.00847259752 -0.343063474 1209.78674 0.369413376 273.15 0.0548125133 680
0.812781025 1.39999998 0.00881652927 -0.389637649 1209.23657 0.350693673 273.15 0.0571643338 680
0.813171351 1.39999998 0.0091642777 -0.436221123 1207.46484 0.330899477 273.15 0.0598102622 680
0.81358741 1.39999998 0.00951522067 -0.482466787 1203.55798 0.310135484 273.15 0.0627816916 680
0.81403083 1.39999998 0.00986874982 -0.527664483 1197.25366 0.288447887 273.15 0.066140756 680
0.814503365 1.39999998 0.010224381 -0.571270823 1188.1239 0.265960097 273.15 0.0699598193 680
0.815006896 1.39999998 0.0105814793 -0.612698019 1176.32703 0.243419334 273.15 0.0743771791 680
0.815543439 1.39999998 0.0109396218 -0.65147388 1162.5188 0.220361203 273.15 0.0795544237 680
0.816115158 1.39999998 0.0112984818 -0.687461913 1146.12915 0.196294919 273.15 0.0856596977 680
0.816724374 1.39999998 0.0116570561 -0.720112562 1126.32935 0.171447948 273.15 0.0929635912 680
0.817373574 1.39999998 0.0120143095 -0.74846828 1102.80957 0.145899191 273.15 0.101884574 680
0.818065422 1.39999998 0.0123693213 -0.771875203 1075.23645 0.120566092 273.15 0.113066785 680
0.81880277 1.39999998 0.012720973 -0.789545894 1043.35913 0.0973678306 273.15 0.127493873 680
0.819588671 1.39999998 0.0130683278 -0.801000774 1007.74786 0.0741628185 273.15 0.14688845 680
0.820426391 1.39999998 0.013410687 -0.806334674 968.748047 0.05241739 273.15 0.174601734 680
0.821319422 1.39999998 0.0137470613 -0.80506593 927.794434 0.0358627513 273.15 0.217362329 680
0.822271494 1.39999998 0.01407672 -0.797261298 886.638916 0.0204571784 273.15 0.291906029 680
0.82328659 1.39999998 0.0143993456 -0.783940673 845.495422 0.0114967953 273.15 0.4500615 680
0.824368957 1.39999998 0.014714408 -0.765592635 805.136108 0.00453685503 273.15 0.850933909 680
0.825523125 1.39999998 0.015021839 -0.742778778 766.598083 0.00190897216 274.422 0 680
0.826753915 1.39999998 0.0153222744 -0.716628194 730.625854 0.000509307079 274.726 0 680
0.828066458 1.39999998 0.0156163719 -0.688107252 698.053589 7.92075734e-05 274.825 0 680
0.829466203 1.39999998 0.0159056597 -0.658229589 669.81189 0 274.844 0 680
0.830958934 1.39999998 0.0161926956 -0.628180504 646.268433 0 274.844 0 680
0.832550782 1.39999998 0.0164797193 -0.598803043 627.349487 0 274.844 0 680
0.834248231 1.39999998 0.0167699899 -0.570833445 613.009827 0 274.844 0 680
0.836058133 1.39999998 0.0170675003 -0.544999242 602.233948 0 274.844 0 680
0.837987712 1.39999998 0.0173739689 -0.521525621 593.858643 0 274.844 0 680
0.840044568 1.39999998 0.0176910194 -0.500382423 587.372314 0 274.844 0 680
0.842236679 1.39999998 0.0180201935 -0.481538922 581.980713 0 274.844 0 680
0.844572403 1.39999998 0.0183612004 -0.46475172 576.956482 0 274.844 0 680
0.847060465 1.39999998 0.018713165 -0.449633271 571.998291 0 274.844 0 680
0.84970995 1.39999998 0.0190751836 -0.43581745 567.002136 0 274.844 0 680
0.852530284 1.39999998 0.019446742 -0.423056215 561.924316 0 274.844 0 680
0.855531212 1.39999998 0.0198273625 -0.411191314 556.677612 0 274.844 0 680
0.858722763 1.39999998 0.0202164017 -0.400083125 556.677612 0 274.844 0 680
0.862115212 1.39999998 0.0206129239 -0.389585346 551.164795 0 274.844 0 680
0.865719028 1.39999998 0.0210158945 -0.379561633 545.341858 0 274.844 0 680
0.869544815 1.39999998 0.0214241955 -0.369902462 539.22522 0 274.844 0 680
0.873603241 1.39999998 0.0218366534 -0.360523432 532.835999 0 274.844 0 680
0.877904951 1.39999998 0.0222520981 -0.35137251 526.221802 0 274.844 0 680
0.882460472 1.39999998 0.0226692108 -0.342411578 519.433594 0 274.844 0 680
0.887280103 1.39999998 0.0230865775 -0.333614111 512.506714 0 274.844 0 680
0.892373788 1.39999998 0.0235028488 -0.32498306 505.508026 0 274.844 0 680
0.897750981 1.39999998 0.0239165132 -0.316531837 498.514313 0 274.844 0 680
0.903420493 1.39999998 0.0243260438 -0.308285326 491.589172 0 274.844 0 680
0.909390331 1.39999998 0.0247300376 -0.300297469 484.799652 0 274.844 0 680
0.915667521 1.39999998 0.0251267806 -0.292610586 478.160034 0 274.844 0 680
0.922257927 1.39999998 0.0255145317 -0.285259157 471.64743 0 274.844 0 680
0.92916606 1.39999998 0.0258914527 -0.27828756 465.265808 0 274.844 0 680
0.936394887 1.39999998 0.0262554007 -0.271725297 459.020264 0 274.844 0 680
0.943945639 1.39999998 0.026604136 -0.265601844 452.92392 0 274.844 0 680
0.951817626 1.39999998 0.0269348821 -0.259924322 446.976654 0 274.844 0 680
0.960008059 1.39999998 0.0272446126 -0.254681081 441.162323 0 274.844 0 680
0.968511893 1.39999998 0.0275297066 -0.2498395 435.458893 0 274.844 0 680
0.977321692 1.39999998 0.0277861853 -0.24534069 429.833191 0 274.844 0 680
0.986427518 1.39999998 0.0280095661 -0.241109088 424.248291 0 274.844 0 680
0.995816857 1.39999998 0.0281949055 -0.237040371 418.64743 0 274.844 0 680
1.00547459 1.39999998 0.0283368423 -0.23300603 412.976868 0 274.844 0 680
1.01538298 1.39999998 0.0284299182 -0.228864402 407.198059 0 274.844 0 680
1.02552177 1.39999998 0.0284687292 -0.224473208 401.276825 0 274.844 0 680
1.03586825 1.39999998 0.0284480766 -0.219690338 395.185669 0 274.844 0 680
1.04639746 1.39999998 0.0283631831 -0.214376926 388.921173 0 274.844 0 680
1.05708235 1.39999998 0.0282103146 -0.208420679 382.486206 0 274.844 0 680
1.06789408 1.39999998 0.0279870664 -0.201768205 375.876068 0 274.844 0 680
1.07880231 1.39999998 0.0276918902 -0.194378719 369.103821 0 274.844 0 680
1.08977553 1.39999998 0.0273249418 -0.186245233 362.205566 0 274.844 0 680
1.10078145 1.39999998 0.0268881867 -0.177432328 355.221375 0 274.844 0 680
1.11178736 1.39999998 0.026385152 -0.168039396 348.186279 0 274.844 0 680
1.12276058 1.39999998 0.0258207987 -0.158192649 341.14801 0 274.844 0 680
1.13366881 1.39999998 0.0252012651 -0.148033395 334.159241 0 274.844 0 680
1.14448054 1.39999998 0.0245337085 -0.137711957 327.285461 0 274.844 0 680
1.15516543 1.39999998 0.0238260383 -0.127386048 320.62619 0 274.844 0 680
1.16569464 1.39999998 0.0230863301 -0.117202096 314.265442 0 274.844 0 680
1.17604112 1.39999998 0.022322514 -0.107280754 308.250458 0 274.844 0 680
1.18617991 1.39999998 0.0215421461 -0.0977161825 302.60083 0 274.844 0 680
1.19608831 1.39999998 0.0207521929 -0.0885796174 297.300903 0 274.844 0 680
1.20574603 1.39999998 0.0199587491 -0.0799079984 292.345337 0 274.844 0 680
1.21513537 1.39999998 0.0191669901 -0.071710974 287.745178 0 274.844 0 680
1.2242412 1.39999998 0.0183812025 -0.0639810339 283.474701 0 274.844 0 680
1.233051 1.39999998 0.0176048205 -0.0566872805 279.471222 0 274.844 0 680
1.24155483 1.39999998 0.0168404871 -0.0497849472 275.674133 0 274.844 0 680
1.24974527 1.39999998 0.0160901671 -0.0432207398 272.033173 0 274.844 0 680
1.25761725 1.39999998 0.0153553291 -0.0369410887 268.523682 0 274.844 0 680
1.265168 1.39999998 0.0146371243 -0.0308964662 265.131165 0 274.844 0 680
1.27239683 1.39999998 0.0139363831 -0.0250414461 261.830017 0 274.844 0 680
1.27930496 1.39999998 0.0132537844 -0.0193366781 258.613281 0 274.844 0 680
1.28589537 1.39999998 0.0125898527 -0.013751463 255.483154 0 274.844 0 680
1.29217256 1.39999998 0.0119451271 -0.00826470833 252.433472 0 274.844 0 680
1.2981424 1.39999998 0.0113201595 -0.0028659557 249.457809 0 274.844 0 680
1.30381191 1.39999998 0.0107154633 0.0024476652 246.558945 0 274.844 0 680
1.3091891 1.39999998 0.0101315314 0.00767184794 243.762695 0 274.844 0 680
1.31428279 1.39999998 0.00956875567 0.0127976174 241.079147 0 274.844 0 680
1.31910242 1.39999998 0.00902754224 0.0178133156 238.495331 0 274.844 0 680
1.32365794 1.39999998 0.00850820662 0.0227055009 236.008728 0 274.844 0 680
1.32795965 1.39999998 0.00801090826 0.0274616368 233.5961 0 274.844 0 680
1.33201808 1.39999998 0.00753580499 0.032070756 231.212082 0 274.844 0 680
1.33584386 1.39999998 0.0070829025 0.0365253091 228.820618 0 274.844 0 680
1.33944768 1.39999998 0.00665204364 0.0408188924 226.447876 0 274.844 0 680
1.34284013 1.39999998 0.00624299548 0.0449416749 224.169037 0 274.844 0 680
1.34603168 1.39999998 0.0058553707 0.0488846414 222.020813 0 274.844 0 680
1.34903261 1.39999998 0.00548871267 0.0526430681 220.004059 0 274.844 0 680
1.35185294 1.39999998 0.00514253732 0.0562138073 218.131058 0 274.844 0 680
1.35450243 1.39999998 0.00481622997 0.0595959499 216.401917 0 274.844 0 680
1.35699049 1.39999998 0.00450902495 0.0627937317 214.799271 0 274.844 0 680
1.35932621 1.39999998 0.0042200644 0.0658152625 213.296112 0 274.844 0 680
1.36151832 1.39999998 0.00394850863 0.0686683953 211.879593 0 274.844 0 680
1.36357518 1.39999998 0.0036937756 0.0713550225 210.57724 0 274.844 0 680
1.36550476 1.39999998 0.00345530514 0.0738726929 209.426544 0 274.844 0 680
1.36731466 1.39999998 0.00323235141 0.0762227774 208.420502 0 274.844 0 680
1.36901211 1.39999998 0.00302380549 0.0784158558 207.502472 0 274.844 0 680
1.37060396 1.39999998 0.00282857098 0.0804682672 206.623199 0 274.844 0 680
1.37209669 1.39999998 0.0026456648 0.082394965 205.768127 0 274.844 0 680
1.37349643 1.39999998 0.00247420102 0.0842080861 204.933746 0 274.844 0 680
1.37480898 1.39999998 0.00231337732 0.0859176517 204.117905 0 274.844 0 680
1.37603977 1.39999998 0.0021624639 0.0875320137 203.319168 0 274.844 0 680
1.37719393 1.39999998 0.00202079418 0.0890583917 202.53714 0 274.844 0 680
1.3782763 1.39999998 0.00188775708 0.0905031636 201.771744 0 274.844 0 680
1.3792914 1.39999998 0.00176279059 0.09187188 201.022095 0 274.844 0 680
1.38024347 1.39999998 0.00164537631 0.0931695551 200.287872 0 274.844 0 680
1.3811365 1.39999998 0.00153503495 0.0944007337 199.569077 0 274.844 0 680
1.38197422 1.39999998 0.00143132239 0.0955695063 198.865005 0 274.844 0 680
1.38276012 1.39999998 0.00133382637 0.096679315 198.174866 0 274.844 0 680
1.38349747 1.39999998 0.00124216368 0.0977337211 197.498428 0 274.844 0 680
1.38418932 1.39999998 0.00115597763 0.0987358838 196.835495 0 274.844 0 680
1.38483852 1.39999998 0.00107493591 0.0996887162 196.185471 0 274.844 0 680
1.38544773 1.39999998 0.000998728693 0.100594945 195.547867 0 274.844 0 680
1.38601945 1.39999998 0.000927066921 0.101457126 194.922073 0 274.844 0 680
1.386556 1.39999998 0.000859680807 0.102277607 194.307266 0 274.844 0 680
1.38705953 1.39999998 0.000796318467 0.103058651 193.70256 0 274.844 0 680
1.38753206 1.39999998 0.000736744689 0.103802286 193.107391 0 274.844 0 680
1.38797548 1.39999998 0.000680739816 0.104510576 192.521515 0 274.844 0 680
1.38839154 1.39999998 0.00062809871 0.105185278 191.942383 0 274.844 0 680
1.38878187 1.39999998 0.00057862982 0.1058283 191.367584 0 274.844 0 680
1.38914798 1.39999998 0.000532154306 0.10644114 190.798203 0 274.844 0 680
1.3894913 1.39999998 0.00048850524 0.107025489 190.235779 0 274.844 0 680
1.38981313 1.39999998 0.000447526858 0.107582547 189.678146 0 274.844 0 680
1.3901147 1.39999998 0.000409073878 0.108113922 189.124405 0 274.844 0 680
1.39039715 1.39999998 0.000373011756 0.108620554 188.573715 0 274.844 0 680
1.39066153 1.39999998 0.000339217825 0.109103933 188.027878 0 274.844 0 680
1.39090882 1.39999998 0.000307577359 0.109564498 187.486298 0 274.844 0 680
1.39113994 1.39999998 0.000277982551 0.110003717 186.949921 0 274.844 0 680
1.39135571 1.39999998 0.000250332343 0.110421613 186.41597 0 274.844 0 680
1.39155693 1.39999998 0.00022453223 0.110819899 185.886597 0 274.844 0 680
1.39174432 1.39999998 0.000200494037 0.111197971 185.357544 0 274.844 0 680
1.39191855 1.39999998 0.000178135683 0.111557931 184.834625 0 274.844 0 680
1.39208022 1.39999998 0.000157380948 0.111898191 184.310028 0 274.844 0 680
1.39222991 1.39999998 0.000138159228 0.112221532 183.789841 0 274.844 0 680
1.39236814 1.39999998 0.0001204053 0.112524718 183.269104 0 274.844 0 680
1.39249538 1.39999998 0.000104059096 0.112811685 182.78299 0 274.844 0 680
1.39261208 1.39999998 8.90654788e-05 0.113076158 182.31546 0 274.844 0 680
1.39271864 1.39999998 7.53740356e-05 0.113324396 181.944138 0 274.844 0 680
1.3928154 1.39999998 6.29388822e-05 0.113543257 181.63504 0 274.844 0 680
1.39290271 1.39999998 5.17184793e-05 0.113746002 181.599487 0 274.844 0 680
1.39298086 1.39999998 4.16754642e-05 0.113904066 181.742966 0 274.844 0 680
1.3930501 1.39999998 3.27764961e-05 0.114043921 182.691254 0 274.844 0 680
1.39311066 1.39999998 2.49921167e-05 0.114109226 184.162384 0 274.844 0 680
1.39316276 1.39999998 1.82966255e-05 0.11414326 187.948212 0 274.844 0 680
1.39320655 1.39999998 1.26679699e-05 0.114040732 195.986008 0 274.844 0 680
1.39324218 1.39999998 8.08765014e-06 0.113852873 215.49054 0 274.844 0 680
1.39326978 1.39999998 4.54063884e-06 0.113428883 260.735504 0 274.844 0 680
1.39328943 1.39999998 2.01531594e-06 0.112420611 357.482483 0 274.844 0 680
1.39330119 1.39999998 5.03417604e-07 0.111715667 813.658936 0 274.844 0 680

