VARIABLES = "X" "Y" "Z" "Cp" "HTC" "Beta" "Ts" "FF" "RhoIce"

ZONE T="SLICE_Y_0p10_BINS07_KS_0p5mm_CUTDATA"
1.02809322 0.100000001 0 0.146523148 345.881165 0 274.844 0 680
1.02806722 0.100000001 -3.34260658e-06 0.147890344 227.262253 0 274.844 0 680
1.02798886 0.100000001 -1.34141908e-05 0.147207931 170.129959 0 274.844 0 680
1.02785712 0.100000001 -3.03468153e-05 0.146913782 160.44194 0 274.844 0 680
1.02767026 0.100000001 -5.43631542e-05 0.146256894 161.447769 0 274.844 0 680
1.02742581 0.100000001 -8.5780361e-05 0.145278424 162.439026 0 274.844 0 680
1.0271205 0.100000001 -0.000125015508 0.144231051 164.011246 0 274.844 0 680
1.02675021 0.100000001 -0.0001725926 0.142999157 165.386017 0 274.844 0 680
1.0263099 0.100000001 -0.000229151139 0.14168568 166.776352 0 274.844 0 680
1.02579347 0.100000001 -0.000295456158 0.140202984 168.103119 0 274.844 0 680
1.0251937 0.100000001 -0.000372409553 0.138613328 169.378357 0 274.844 0 680
1.02450207 0.100000001 -0.000461062349 0.136856005 170.670975 0 274.844 0 680
1.02370858 0.100000001 -0.000562627282 0.134959742 171.946045 0 274.844 0 680
1.02280161 0.100000001 -0.000678490655 0.132886052 173.249802 0 274.844 0 680
1.02176763 0.100000001 -0.000810235652 0.130643353 174.56189 0 274.844 0 680
1.02059097 0.100000001 -0.000959716441 0.128200009 175.900833 0 274.844 0 680
1.0192535 0.100000001 -0.00112907626 0.125549346 177.264893 0 274.844 0 680
1.01773429 0.100000001 -0.00132077521 0.122662954 178.666351 0 274.844 0 680
1.01600922 0.100000001 -0.00153763483 0.119525135 180.108246 0 274.844 0 680
1.01405052 0.100000001 -0.0017828906 0.116106987 181.597458 0 274.844 0 680
1.01182626 0.100000001 -0.00206025487 0.1123854 183.137039 0 274.844 0 680
1.00929979 0.100000001 -0.00237399384 0.108329192 184.732788 0 274.844 0 680
1.00642917 0.100000001 -0.00272902406 0.103907004 186.387222 0 274.844 0 680
1.00316642 0.100000001 -0.00313103723 0.0990797356 188.103729 0 274.844 0 680
0.999456897 0.100000001 -0.00358666644 0.09380088 189.882858 0 274.844 0 680
0.995238522 0.100000001 -0.00410371417 0.0880052969 191.700119 0 274.844 0 680
0.990441055 0.100000001 -0.00469147282 0.0816017836 193.515594 0 274.844 0 680
0.984985421 0.100000001 -0.00536118375 0.0744350031 195.473221 0 274.844 0 680
0.978783112 0.100000001 -0.00612650272 0.066317521 197.834244 0 274.844 0 680
0.971735767 0.100000001 -0.00699940625 0.0572446473 200.566498 0 274.844 0 680
0.963735028 0.100000001 -0.00798820752 0.0473036654 203.078323 0 274.844 0 680
0.954662776 0.100000001 -0.00910358851 0.0364695191 204.813309 0 274.844 0 680
0.944391919 0.100000001 -0.0103546433 0.0247935243 206.485718 0 274.844 0 680
0.932787903 0.100000001 -0.0117477146 0.0124131851 209.985886 0 274.844 0 680
0.919711133 0.100000001 -0.0132869066 -0.000412544439 214.130356 0 274.844 0 680
0.905020514 0.100000001 -0.0149730975 -0.0133758252 217.88533 0 274.844 0 680
0.88857827 0.100000001 -0.0168041758 -0.0262009781 221.830322 0 274.844 0 680
0.870256186 0.100000001 -0.0187756365 -0.038650848 225.642212 0 274.844 0 680
0.849943243 0.100000001 -0.0208815518 -0.0506118685 229.264542 0 274.844 0 680
0.827554543 0.100000001 -0.0231149096 -0.0621364042 232.688675 0 274.844 0 680
0.803041106 0.100000001 -0.025468376 -0.0734769255 235.880524 0 274.844 0 680
0.77639995 0.100000001 -0.0279316616 -0.0850251764 238.978851 0 274.844 0 680
0.747683526 0.100000001 -0.0304870948 -0.097198613 242.387848 0 274.844 0 680
0.717007413 0.100000001 -0.0331036165 -0.110254981 246.571869 0 274.844 0 680
0.684555011 0.100000001 -0.0357298415 -0.124094091 251.773697 0 274.844 0 680
0.650578095 0.100000001 -0.0382910279 -0.138150007 258.002625 0 274.844 0 680
0.615392355 0.100000001 -0.0406916522 -0.151333943 265.296295 0 274.844 0 680
0.579367595 0.100000001 -0.0428264223 -0.162255406 273.203339 0 274.844 0 680
0.542912962 0.100000001 -0.0445967938 -0.16957733 280.861389 0 274.844 0 680
0.506458328 0.100000001 -0.0459298179 -0.172315359 287.169556 0 274.844 0 680
0.470433568 0.100000001 -0.0467896775 -0.17027688 292.551758 0 274.844 0 680
0.435247828 0.100000001 -0.04718403 -0.164243609 297.671021 0 274.844 0 680
0.401270912 0.100000001 -0.0471539124 -0.155296266 301.957794 0 274.844 0 680
0.36881851 0.100000001 -0.04676412 -0.144638792 305.683197 0 274.844 0 680
0.338142397 0.100000001 -0.0460862159 -0.133502454 309.411804 0 274.844 0 680
0.309425974 0.100000001 -0.0451879625 -0.122689389 313.623322 0 274.844 0 680
0.282784817 0.100000001 -0.0441256669 -0.112639301 318.62854 0 274.844 0 680
0.25827138 0.100000001 -0.0429436091 -0.103418991 324.269836 0 274.844 0 680
0.23588268 0.100000001 -0.0416753227 -0.0948609486 330.356384 0 274.844 0 680
0.215569738 0.100000001 -0.0403472192 -0.0867163092 337.004486 0 274.844 0 680
0.197247653 0.100000001 -0.0389818665 -0.0787201673 344.244568 0 274.844 0 680
0.18080541 0.100000001 -0.0375991931 -0.0706744716 352.008667 0 274.844 0 680
0.16611479 0.100000001 -0.0362183119 -0.0625514239 360.112488 0 274.844 0 680
0.153038021 0.100000001 -0.0348569996 -0.0544632077 367.997894 0.000191926796 274.755 0 680
0.141434004 0.100000001 -0.0335309596 -0.0467035361 375.139801 0.000496292021 273.15 0.792880356 680
0.131163147 0.100000001 -0.0322544005 -0.0397990793 381.734436 0.00109388295 273.15 0.589271486 680
0.122090895 0.100000001 -0.0310376885 -0.0343497135 387.956421 0.00236343872 273.15 0.325528175 680
0.114090156 0.100000001 -0.0298883246 -0.0326036811 393.518951 0.00357746379 273.15 0.218017235 680
0.107042812 0.100000001 -0.0288164955 -0.0375038125 401.419189 0.00503086625 273.15 0.160452008 680
0.100840502 0.100000001 -0.0278147348 -0.0499122478 416.197815 0.00886859372 273.15 0.126263663 680
0.095384868 0.100000001 -0.0268572335 -0.0670726597 436.678009 0.0153416153 273.15 0.104162775 680
0.0905874016 0.100000001 -0.025901342 -0.0830887854 461.530884 0.029866999 273.15 0.0891971588 680
0.0863690258 0.100000001 -0.0249152486 -0.0920571834 490.027649 0.0533199459 273.15 0.0789512396 680
0.0826595046 0.100000001 -0.0238827801 -0.0881500095 519.234436 0.0888371766 273.15 0.071725145 680
0.0793967571 0.100000001 -0.0228009001 -0.0680944398 548.28363 0.130047783 273.15 0.0665980279 680
0.0765261296 0.100000001 -0.0216751515 -0.0324792862 568.319092 0.176072657 273.15 0.0622285046 680
0.0739996662 0.100000001 -0.0205157782 0.0158282854 572.905029 0.222045511 273.15 0.0579455607 680
0.0717754023 0.100000001 -0.0193344138 0.077754885 580.494568 0.266139269 273.15 0.055177547 680
0.0698166999 0.100000001 -0.0181444761 0.148266643 589.091492 0.307854593 273.15 0.0534392223 680
0.0680916329 0.100000001 -0.0169581763 0.219876975 585.721069 0.346292555 273.15 0.0516152456 680
0.0665724268 0.100000001 -0.0157819618 0.292428076 578.91864 0.381551772 273.15 0.0503046177 680
0.0652349553 0.100000001 -0.014623111 0.36296314 569.703003 0.413247019 273.15 0.0494374596 680
0.0640582914 0.100000001 -0.0134885374 0.429855436 558.951965 0.441736698 273.15 0.049117174 680
0.06302431 0.100000001 -0.0123802663 0.492367893 547.5448 0.467753828 273.15 0.0494565032 680
0.0621173393 0.100000001 -0.0112988276 0.55000639 535.567688 0.49135226 273.15 0.0505230725 680
0.0613238562 0.100000001 -0.0102446362 0.602206171 523.33783 0.51257062 273.15 0.052450601 680
0.060632222 0.100000001 -0.00921776159 0.648581147 511.362305 0.53154397 273.15 0.055507157 680
0.0600324533 0.100000001 -0.00821752876 0.688846827 500.556732 0.548538685 273.15 0.0602583252 680
0.0595160266 0.100000001 -0.00723963566 0.723420978 489.958771 0.563587189 273.15 0.0674510226 680
0.0590757101 0.100000001 -0.00628149485 0.750668526 481.001221 0.57620877 273.15 0.0784236118 680
0.0587054221 0.100000001 -0.0053500206 0.772096276 472.900482 0.586981237 273.15 0.096987009 680
0.058400112 0.100000001 -0.00442090115 0.785617709 465.814301 0.59511286 273.15 0.129842311 680
0.0581556616 0.100000001 -0.0035453241 0.793182254 462.322052 0.598888278 273.15 0.211394399 680
0.057968805 0.100000001 -0.00259491044 0.794330418 460.272583 0.602370381 273.15 0.223977759 680
0.0578370652 0.100000001 -0.00182591131 0.787101507 467.86911 0.616126835 273.15 0.146890789 680
0.0577587065 0.100000001 -0.000596883407 0.777374923 484.624176 0.629424334 273.15 0.0973889381 680
0.0577327005 0.100000001 0 0.753504992 499.255829 0.619542301 273.15 0.0565746948 680
0.0577587065 0.100000001 0.000596883407 0.734211206 512.406372 0.603625119 273.15 0.0684461072 680
0.0578370652 0.100000001 0.00182591131 0.702789605 528.604126 0.592286229 273.15 0.0634134561 680
0.057968805 0.100000001 0.00259491044 0.652121186 539.828552 0.582519233 273.15 0.0495485589 680
0.0581556616 0.100000001 0.0035453241 0.613237202 554.05249 0.571628511 273.15 0.0477755144 680
0.058400112 0.100000001 0.00442090115 0.558108926 572.076477 0.557202995 273.15 0.0442785323 680
0.0587054221 0.100000001 0.0053500206 0.505663097 586.861084 0.5424245 273.15 0.0429820567 680
0.0590757101 0.100000001 0.00628149485 0.443003118 604.035034 0.524638057 273.15 0.0418571159 680
0.0595160266 0.100000001 0.00723963566 0.378367782 619.285645 0.50552094 273.15 0.0414237343 680
0.0600324533 0.100000001 0.00821752876 0.30763343 634.280579 0.483782887 273.15 0.0413384661 680
0.060632222 0.100000001 0.00921776159 0.234050959 647.439636 0.460291505 273.15 0.0416813791 680
0.0613238562 0.100000001 0.0102446362 0.156780943 660.073608 0.434889615 273.15 0.0424862206 680
0.0621173393 0.100000001 0.0112988276 0.0759110078 671.48584 0.407069117 273.15 0.0436855033 680
0.06302431 0.100000001 0.0123802663 -0.00778945256 681.392456 0.376761049 273.15 0.0452882312 680
0.0640582914 0.100000001 0.0134885374 -0.093821317 689.841248 0.343785882 273.15 0.0473449528 680
0.0652349553 0.100000001 0.014623111 -0.181728378 697.052368 0.308188528 273.15 0.0500111841 680
0.0665724268 0.100000001 0.0157819618 -0.270585686 701.773682 0.269974738 273.15 0.0533129983 680
0.0680916329 0.100000001 0.0169581763 -0.35744065 701.993652 0.228091687 273.15 0.0572635829 680
0.0698166999 0.100000001 0.0181444761 -0.436189562 697.336182 0.182842389 273.15 0.0620847195 680
0.0717754023 0.100000001 0.0193344138 -0.507366359 674.991455 0.136551023 273.15 0.0669935048 680
0.0739996662 0.100000001 0.0205157782 -0.560897231 653.302795 0.0908131525 273.15 0.0737374052 680
0.0765261296 0.100000001 0.0216751515 -0.591228724 638.812866 0.0497359261 273.15 0.0841024593 680
0.0793967571 0.100000001 0.0228009001 -0.602526605 608.300354 0.0197464433 273.15 0.0964638144 680
0.0826595046 0.100000001 0.0238827801 -0.591809332 568.318115 0.00463869749 273.15 0.112091795 680
0.0863690258 0.100000001 0.0249152486 -0.560955167 528.365051 0.000458601513 273.15 0.133702964 680
0.0905874016 0.100000001 0.025901342 -0.516533375 490.47522 0 273.15 0.165054157 680
0.095384868 0.100000001 0.0268572335 -0.466117084 458.940887 0 273.15 0.215837047 680
0.100840502 0.100000001 0.0278147348 -0.417342454 434.942841 0 273.15 0.310244709 680
0.107042812 0.100000001 0.0288164955 -0.377885312 418.864624 0 273.15 0.542176843 680
0.114090156 0.100000001 0.0298883246 -0.3500036 410.958954 0 273.15 0.803053319 680
0.122090895 0.100000001 0.0310376885 -0.331313848 406.090332 0 274.844 0 680
0.131163147 0.100000001 0.0322544005 -0.318448544 400.625641 0 274.844 0 680
0.141434004 0.100000001 0.0335309596 -0.309052527 394.589844 0 274.844 0 680
0.153038021 0.100000001 0.0348569996 -0.302132666 387.669189 0 274.844 0 680
0.16611479 0.100000001 0.0362183119 -0.296696693 379.598328 0 274.844 0 680
0.18080541 0.100000001 0.0375991931 -0.292109579 370.953766 0 274.844 0 680
0.197247653 0.100000001 0.0389818665 -0.288082808 362.426208 0 274.844 0 680
0.215569738 0.100000001 0.0403472192 -0.284562707 354.329285 0 274.844 0 680
0.23588268 0.100000001 0.0416753227 -0.281709582 346.789886 0 274.844 0 680
0.25827138 0.100000001 0.0429436091 -0.279778749 339.784393 0 274.844 0 680
0.282784817 0.100000001 0.0441256669 -0.279020965 333.202637 0 274.844 0 680
0.309425974 0.100000001 0.0451879625 -0.279543608 327.204773 0 274.844 0 680
0.338142397 0.100000001 0.0460862159 -0.281176329 321.967377 0 274.844 0 680
0.36881851 0.100000001 0.04676412 -0.283440948 317.232391 0 274.844 0 680
0.401270912 0.100000001 0.0471539124 -0.285423875 312.516785 0 274.844 0 680
0.435247828 0.100000001 0.04718403 -0.285818517 307.220459 0 274.844 0 680
0.470433568 0.100000001 0.0467896775 -0.283107966 301.013611 0 274.844 0 680
0.506458328 0.100000001 0.0459298179 -0.276076734 294.463745 0 274.844 0 680
0.542912962 0.100000001 0.0445967938 -0.264498591 287.075897 0 274.844 0 680
0.579367595 0.100000001 0.0428264223 -0.24873969 278.426239 0 274.844 0 680
0.615392355 0.100000001 0.0406916522 -0.229718268 269.539124 0 274.844 0 680
0.650578095 0.100000001 0.0382910279 -0.208897918 261.321625 0 274.844 0 680
0.684555011 0.100000001 0.0357298415 -0.187701225 254.210175 0 274.844 0 680
0.717007413 0.100000001 0.0331036165 -0.167224973 248.199799 0 274.844 0 680
0.747683526 0.100000001 0.0304870948 -0.148000658 243.297668 0 274.844 0 680
0.77639995 0.100000001 0.0279316616 -0.13008146 239.225479 0 274.844 0 680
0.803041106 0.100000001 0.025468376 -0.113164052 235.46315 0 274.844 0 680
0.827554543 0.100000001 0.0231149096 -0.0968051329 231.591644 0 274.844 0 680
0.849943243 0.100000001 0.0208815518 -0.0806295946 227.489471 0 274.844 0 680
0.870256186 0.100000001 0.0187756365 -0.0643922165 223.191086 0 274.844 0 680
0.88857827 0.100000001 0.0168041758 -0.0480641797 218.724716 0 274.844 0 680
0.905020514 0.100000001 0.0149730975 -0.0317760035 214.15564 0 274.844 0 680
0.919711133 0.100000001 0.0132869066 -0.0157368332 209.816422 0 274.844 0 680
0.932787903 0.100000001 0.0117477146 -0.00023960472 205.190598 0 274.844 0 680
0.944391919 0.100000001 0.0103546433 0.0144236712 201.216049 0 274.844 0 680
0.954662776 0.100000001 0.00910358851 0.0280416496 198.981857 0 274.844 0 680
0.963735028 0.100000001 0.00798820752 0.0405245423 196.692993 0 274.844 0 680
0.971735767 0.100000001 0.00699940625 0.0518575795 193.751541 0 274.844 0 680
0.978783112 0.100000001 0.00612650272 0.0620957203 190.71698 0 274.844 0 680
0.984985421 0.100000001 0.00536118375 0.071205847 188.054169 0 274.844 0 680
0.990441055 0.100000001 0.00469147282 0.0792355686 185.793015 0 274.844 0 680
0.995238522 0.100000001 0.00410371417 0.0863738805 183.703613 0 274.844 0 680
0.999456897 0.100000001 0.00358666644 0.0927781761 181.652359 0 274.844 0 680
1.00316642 0.100000001 0.00313103723 0.0985499918 179.66803 0 274.844 0 680
1.00642917 0.100000001 0.00272902406 0.103767365 179.66803 0 274.844 0 680
1.00929979 0.100000001 0.00237399384 0.108490773 177.772797 0 274.844 0 680
1.01182626 0.100000001 0.00206025487 0.112772964 175.965164 0 274.844 0 680
1.01405052 0.100000001 0.0017828906 0.116657577 174.234711 0 274.844 0 680
1.01600922 0.100000001 0.00153763483 0.120187245 172.576401 0 274.844 0 680
1.01773429 0.100000001 0.00132077521 0.123393409 170.98233 0 274.844 0 680
1.0192535 0.100000001 0.00112907626 0.12631388 169.444809 0 274.844 0 680
1.02059097 0.100000001 0.000959716441 0.128970698 167.951706 0 274.844 0 680
1.02176763 0.100000001 0.000810235652 0.131397679 166.498688 0 274.844 0 680
1.02280161 0.100000001 0.000678490655 0.133607283 165.068237 0 274.844 0 680
1.02370858 0.100000001 0.000562627282 0.135632917 163.659195 0 274.844 0 680
1.02450207 0.100000001 0.000461062349 0.137473896 162.246353 0 274.844 0 680
1.0251937 0.100000001 0.000372409553 0.139166251 160.85112 0 274.844 0 680
1.0251937 0.100000001 0.000372409553 0.139166251 159.415512 0 274.844 0 680
1.02579347 0.100000001 0.000295456158 0.140692309 157.978088 0 274.844 0 680
1.0263099 0.100000001 0.000229151139 0.142102674 156.460739 0 274.844 0 680
1.02675021 0.100000001 0.0001725926 0.14335297 154.831848 0 274.844 0 680
1.0271205 0.100000001 0.000125015508 0.144509867 153.217743 0 274.844 0 680
1.02742581 0.100000001 8.5780361e-05 0.145502731 151.320831 0 274.844 0 680
1.02767026 0.100000001 5.43631542e-05 0.146382123 150.079865 0 274.844 0 680
1.02785712 0.100000001 3.03468153e-05 0.147026449 149.842087 0 274.844 0 680
1.02798886 0.100000001 1.34141908e-05 0.147268698 161.043915 0 274.844 0 680
1.02806722 0.100000001 3.34260658e-06 0.147691905 221.832153 0 274.844 0 680

ZONE T="SLICE_Y_0p75_BINS07_KS_0p5mm_CUTDATA"
1.21069917 0.749999999 0 0.146422848 393.469666 0 274.844 0 680
1.21067833 0.749999999 -2.67896125e-06 0.14782308 249.4039 0 274.844 0 680
1.21061552 0.749999999 -1.07509204e-05 0.147261173 180.278366 0 274.844 0 680
1.21050994 0.749999999 -2.43217203e-05 0.147248104 167.862244 0 274.844 0 680
1.21036018 0.749999999 -4.35698249e-05 0.146813154 167.887253 0 274.844 0 680
1.21016427 0.749999999 -6.87494199e-05 0.145997077 168.201523 0 274.844 0 680
1.20991957 0.749999999 -0.000100194772 0.145162523 169.431519 0 274.844 0 680
1.2096228 0.749999999 -0.000138325848 0.144144356 170.640076 0 274.844 0 680
1.20926991 0.749999999 -0.000183655182 0.143058181 171.938309 0 274.844 0 680
1.20885601 0.749999999 -0.000236795919 0.141804039 173.204773 0 274.844 0 680
1.20837532 0.749999999 -0.000298470891 0.140466273 174.429779 0 274.844 0 680
1.207821 0.749999999 -0.000369522449 0.138979554 175.673904 0 274.844 0 680
1.20718506 0.749999999 -0.000450922552 0.137375936 176.90358 0 274.844 0 680
1.20645816 0.749999999 -0.000543782264 0.135620236 178.161453 0 274.844 0 680
1.20562947 0.749999999 -0.000649370443 0.133719683 179.42897 0 274.844 0 680
1.20468642 0.749999999 -0.000769173127 0.13164787 180.726532 0 274.844 0 680
1.20361449 0.749999999 -0.000904908034 0.129398391 182.064224 0 274.844 0 680
1.20239691 0.749999999 -0.00105854684 0.126948327 183.444519 0 274.844 0 680
1.20101434 0.749999999 -0.00123235087 0.124281652 184.842087 0 274.844 0 680
1.19944452 0.749999999 -0.00142891325 0.121374451 186.293976 0 274.844 0 680
1.19766187 0.749999999 -0.00165120927 0.118205696 187.817627 0 274.844 0 680
1.19563701 0.749999999 -0.0019026581 0.114744231 189.383255 0 274.844 0 680
1.19333632 0.749999999 -0.00218720018 0.110962018 191.002609 0 274.844 0 680
1.19072136 0.749999999 -0.00250939714 0.10682185 192.676956 0 274.844 0 680
1.18774833 0.749999999 -0.00287456516 0.102276377 194.438644 0 274.844 0 680
1.18436748 0.749999999 -0.00328895758 0.0972636715 196.338028 0 274.844 0 680
1.18052251 0.749999999 -0.00376002188 0.0917019174 198.331726 0 274.844 0 680
1.17615004 0.749999999 -0.00429676756 0.0854376778 200.379913 0 274.844 0 680
1.17117915 0.749999999 -0.00491013914 0.0783211887 202.807388 0 274.844 0 680
1.16553099 0.749999999 -0.0056097353 0.0703206509 205.255142 0 274.844 0 680
1.15911873 0.749999999 -0.00640221872 0.061449036 207.867172 0 274.844 0 680
1.15184769 0.749999999 -0.00729615056 0.05171955 211.044617 0 274.844 0 680
1.14361603 0.749999999 -0.00829881937 0.0411754847 214.069229 0 274.844 0 680
1.13431589 0.749999999 -0.0094153085 0.0298963133 216.695557 0 274.844 0 680
1.1238354 0.749999999 -0.0106489074 0.0180333555 219.549545 0 274.844 0 680
1.11206147 0.749999999 -0.0120003198 0.00581886154 223.047974 0 274.844 0 680
1.09888369 0.749999999 -0.0134678535 -0.00649156375 227.014084 0 274.844 0 680
1.0841993 0.749999999 -0.0150478979 -0.018687712 231.136353 0 274.844 0 680
1.06791931 0.749999999 -0.0167357022 -0.0306591727 235.093948 0 274.844 0 680
1.04997569 0.749999999 -0.0185256462 -0.0424652584 238.723114 0 274.844 0 680
1.03032918 0.749999999 -0.0204118525 -0.0543568879 242.167892 0 274.844 0 680
1.00897739 0.749999999 -0.0223860743 -0.0667115301 245.701263 0 274.844 0 680
0.985962366 0.749999999 -0.0244341486 -0.0799434558 249.728714 0 274.844 0 680
0.961376727 0.749999999 -0.0265311827 -0.0943456516 254.673889 0 274.844 0 680
0.935367466 0.749999999 -0.0286359937 -0.109903291 260.645905 0 274.844 0 680
0.90813637 0.749999999 -0.0306886789 -0.126154512 267.648163 0 274.844 0 680
0.879936452 0.749999999 -0.0326126803 -0.142111778 275.738739 0 274.844 0 680
0.851064093 0.749999999 -0.0343236104 -0.156493098 284.608307 0 274.844 0 680
0.821847208 0.749999999 -0.0357424901 -0.167790726 293.428741 0 274.844 0 680
0.792630324 0.749999999 -0.0368108539 -0.175254539 301.593262 0 274.844 0 680
0.763757965 0.749999999 -0.0374999959 -0.178054392 308.666626 0 274.844 0 680
0.735558046 0.749999999 -0.0378160531 -0.176282838 314.605835 0 274.844 0 680
0.70832695 0.749999999 -0.0377919151 -0.171659708 319.738068 0 274.844 0 680
0.682317689 0.749999999 -0.0374795126 -0.165025339 324.282074 0 274.844 0 680
0.65773205 0.749999999 -0.0369362005 -0.157256424 328.808746 0 274.844 0 680
0.634717021 0.749999999 -0.0362162874 -0.149343535 333.796753 0 274.844 0 680
0.613365233 0.749999999 -0.0353649013 -0.141720369 339.42453 0 274.844 0 680
0.593718725 0.749999999 -0.0344175308 -0.134546116 345.732269 0 274.844 0 680
0.575775106 0.749999999 -0.0334010515 -0.127682269 352.606262 0 274.844 0 680
0.559495121 0.749999999 -0.0323366314 -0.120898142 359.838989 0 274.844 0 680
0.544810726 0.749999999 -0.0312423576 -0.113929972 367.402008 0.000109404136 274.793 0 680
0.531632947 0.749999999 -0.0301342018 -0.106588528 375.432465 0.000408474327 274.66 0 680
0.519859021 0.749999999 -0.0290274825 -0.0988584533 383.967896 0.00129238411 274.274 0 680
0.50937853 0.749999999 -0.0279364469 -0.0908629596 392.885254 0.00273502199 273.496 0 680
0.50007839 0.749999999 -0.0268736806 -0.0828744322 401.40802 0.00492957886 273.15 0.849164188 680
0.491846722 0.749999999 -0.0258505711 -0.0756673887 409.143097 0.00857802574 273.15 0.414395899 680
0.484575686 0.749999999 -0.0248754267 -0.0695990026 415.9664 0.0122137889 273.15 0.265577883 680
0.478163424 0.749999999 -0.023954259 -0.0665372238 423.282928 0.0158367176 273.15 0.191224933 680
0.472515268 0.749999999 -0.0230952321 -0.0697006956 434.509155 0.0214601979 273.15 0.14778851 680
0.467544373 0.749999999 -0.0222923622 -0.0798381642 450.183441 0.02897783 273.15 0.119983755 680
0.463171907 0.749999999 -0.0215249645 -0.0944919065 470.65741 0.0407586433 273.15 0.101178631 680
0.459326936 0.749999999 -0.0207588569 -0.108079694 497.370239 0.0623507798 273.15 0.088582702 680
0.455946082 0.749999999 -0.0199685437 -0.113738999 527.60614 0.0930608436 273.15 0.0799559206 680
0.452973053 0.749999999 -0.0191410628 -0.10564512 557.904297 0.131633416 273.15 0.0737419277 680
0.450358096 0.749999999 -0.0182739806 -0.082273595 586.012512 0.175668702 273.15 0.0692143142 680
0.448057406 0.749999999 -0.0173717396 -0.0431095213 608.953491 0.220876083 273.15 0.065639995 680
0.44603255 0.749999999 -0.0164425497 0.0110238083 626.383179 0.266617447 273.15 0.0628391579 680
0.444249894 0.749999999 -0.0154957349 0.0762108043 638.720703 0.310433716 273.15 0.0606973097 680
0.442680075 0.749999999 -0.0145420489 0.148008525 647.355835 0.350946754 273.15 0.0591841899 680
0.441297505 0.749999999 -0.0135912786 0.222467273 650.550049 0.388230085 273.15 0.0580895431 680
0.440079924 0.749999999 -0.0126485912 0.295720577 634.429688 0.422396153 273.15 0.0562968329 680
0.439007996 0.749999999 -0.0117198201 0.366308361 608.869812 0.453033239 273.15 0.0546920337 680
0.438064948 0.749999999 -0.0108105062 0.433737099 597.376709 0.480580181 273.15 0.05494323 680
0.437236255 0.749999999 -0.00992227259 0.495833635 592.535095 0.505666077 273.15 0.0565830022 680
0.436509355 0.749999999 -0.00905554412 0.551947713 584.052856 0.528354943 273.15 0.0590025932 680
0.435873412 0.749999999 -0.00821065318 0.601596832 573.498413 0.548675954 273.15 0.0625805631 680
0.435319095 0.749999999 -0.00738765557 0.644656062 563.728394 0.566724539 273.15 0.068030633 680
0.434838405 0.749999999 -0.00658601023 0.680809498 555.774414 0.582761228 273.15 0.0764587373 680
0.434424511 0.749999999 -0.00580226926 0.710229695 549.181763 0.596835554 273.15 0.089747794 680
0.434071615 0.749999999 -0.00503435894 0.732034385 545.266052 0.608499169 273.15 0.111776799 680
0.433774845 0.749999999 -0.00428782076 0.746799886 545.122803 0.618409038 273.15 0.154631853 680
0.433530151 0.749999999 -0.00354316986 0.754467547 550.123718 0.626531124 273.15 0.245979369 680
0.433334234 0.749999999 -0.00284143098 0.753769338 555.257751 0.629476905 273.15 0.234483734 680
0.433184476 0.749999999 -0.00207971364 0.745383084 556.927368 0.627864063 273.15 0.14022629 680
0.433078892 0.749999999 -0.00146339258 0.72709775 564.702393 0.633436143 273.15 0.111723796 680
0.433016091 0.749999999 -0.000478377422 0.708476007 582.590454 0.645064294 273.15 0.0828588754 680
0.432995248 0.749999999 0 0.671286285 601.395996 0.641987622 273.15 0.0505305305 680
0.433016091 0.749999999 0.000478377422 0.6435197 611.967712 0.632100523 273.15 0.0640206933 680
0.433078892 0.749999999 0.00146339258 0.60157156 629.770569 0.621226072 273.15 0.0614096038 680
0.433184476 0.749999999 0.00207971364 0.534691334 643.463867 0.609561443 273.15 0.0491965115 680
0.433334234 0.749999999 0.00284143098 0.485671371 659.78949 0.596846104 273.15 0.0483968258 680
0.433530151 0.749999999 0.00354316986 0.417839766 680.437683 0.580267191 273.15 0.045636151 680
0.433774845 0.749999999 0.00428782076 0.354132622 695.890259 0.563599467 273.15 0.044900801 680
0.434071615 0.749999999 0.00503435894 0.2789056 713.93335 0.543880939 273.15 0.0442619883 680
0.434424511 0.749999999 0.00580226926 0.202441558 729.330811 0.523001969 273.15 0.0442722738 680
0.434838405 0.749999999 0.00658601023 0.119637035 744.298096 0.499590605 273.15 0.0446214415 680
0.435319095 0.749999999 0.00738765557 0.0344140306 757.076355 0.474543929 273.15 0.0454122499 680
0.435873412 0.749999999 0.00821065318 -0.0543799438 769.713013 0.447691083 273.15 0.0467355289 680
0.436509355 0.749999999 0.00905554412 -0.146686837 781.101074 0.418538094 273.15 0.0485218167 680
0.437236255 0.749999999 0.00992227259 -0.242455915 786.584412 0.386936516 273.15 0.0504847541 680
0.438064948 0.749999999 0.0108105062 -0.340357751 784.510071 0.352749497 273.15 0.0526432358 680
0.439007996 0.749999999 0.0117198201 -0.438534468 788.930542 0.316033125 273.15 0.0559456162 680
0.440079924 0.749999999 0.0126485912 -0.532785833 809.979919 0.276280433 273.15 0.0613553338 680
0.441297505 0.749999999 0.0135912786 -0.623346627 819.479309 0.233469918 273.15 0.0674387887 680
0.442680075 0.749999999 0.0145420489 -0.707848847 803.910522 0.187343016 273.15 0.0733195692 680
0.444249894 0.749999999 0.0154957349 -0.778673708 779.349976 0.139396489 273.15 0.0803652257 680
0.44603255 0.749999999 0.0164425497 -0.830672085 749.398315 0.0929500982 273.15 0.0893827453 680
0.448057406 0.749999999 0.0173717396 -0.858481109 713.301636 0.0501828268 273.15 0.101249933 680
0.450358096 0.749999999 0.0182739806 -0.859315455 671.288391 0.0189882237 273.15 0.117255285 680
0.452973053 0.749999999 0.0191410628 -0.83274579 624.90741 0.00416466268 273.15 0.139307782 680
0.455946082 0.749999999 0.0199685437 -0.785134077 577.651672 0.000367141154 273.15 0.171065405 680
0.459326936 0.749999999 0.0207588569 -0.723698616 533.183899 0 273.15 0.220803127 680
0.463171907 0.749999999 0.0215249645 -0.65542382 497.102386 0 273.15 0.311761498 680
0.467544373 0.749999999 0.0222923622 -0.590616643 471.845398 0 273.15 0.524348557 680
0.472515268 0.749999999 0.0230952321 -0.537339211 454.652557 0 273.15 0.834002376 680
0.478163424 0.749999999 0.023954259 -0.497095585 444.020172 0 274.844 0 680
0.484575686 0.749999999 0.0248754267 -0.467124552 437.837433 0 274.844 0 680
0.491846722 0.749999999 0.0258505711 -0.443946302 432.038605 0 274.844 0 680
0.50007839 0.749999999 0.0268736806 -0.424925238 424.869354 0 274.844 0 680
0.50937853 0.749999999 0.0279364469 -0.408682108 416.224548 0 274.844 0 680
0.519859021 0.749999999 0.0290274825 -0.394141823 406.624939 0 274.844 0 680
0.531632947 0.749999999 0.0301342018 -0.380721509 397.016815 0 274.844 0 680
0.544810726 0.749999999 0.0312423576 -0.368161082 387.713348 0 274.844 0 680
0.559495121 0.749999999 0.0323366314 -0.356382489 378.71579 0 274.844 0 680
0.575775106 0.749999999 0.0334010515 -0.345525503 370.017731 0 274.844 0 680
0.593718725 0.749999999 0.0344175308 -0.335805207 361.594208 0 274.844 0 680
0.613365233 0.749999999 0.0353649013 -0.327403098 353.60553 0 274.844 0 680
0.634717021 0.749999999 0.0362162874 -0.320376545 346.28598 0 274.844 0 680
0.65773205 0.749999999 0.0369362005 -0.314488292 339.66629 0 274.844 0 680
0.682317689 0.749999999 0.0374795126 -0.309144497 333.5336 0 274.844 0 680
0.70832695 0.749999999 0.0377919151 -0.303369492 327.438995 0 274.844 0 680
0.735558046 0.749999999 0.0378160531 -0.295930564 320.804718 0 274.844 0 680
0.763757965 0.749999999 0.0374999959 -0.285593182 313.201904 0 274.844 0 680
0.792630324 0.749999999 0.0368108539 -0.271538466 304.559387 0 274.844 0 680
0.821847208 0.749999999 0.0357424901 -0.253561348 294.992706 0 274.844 0 680
0.851064093 0.749999999 0.0343236104 -0.232177496 284.786346 0 274.844 0 680
0.879936452 0.749999999 0.0326126803 -0.208544791 274.643677 0 274.844 0 680
0.90813637 0.749999999 0.0306886789 -0.184089229 265.35025 0 274.844 0 680
0.935367466 0.749999999 0.0286359937 -0.160144225 257.180634 0 274.844 0 680
0.961376727 0.749999999 0.0265311827 -0.137602255 250.139832 0 274.844 0 680
0.985962366 0.749999999 0.0244341486 -0.116836309 244.260849 0 274.844 0 680
1.00897739 0.749999999 0.0223860743 -0.0977784991 239.353027 0 274.844 0 680
1.03032918 0.749999999 0.0204118525 -0.0800862238 234.968567 0 274.844 0 680
1.04997569 0.749999999 0.0185256462 -0.0633281171 230.626389 0 274.844 0 680
1.06791931 0.749999999 0.0167357022 -0.0471368171 226.079773 0 274.844 0 680
1.0841993 0.749999999 0.0150478979 -0.0312887728 221.279388 0 274.844 0 680
1.09888369 0.749999999 0.0134678535 -0.0157477595 216.38092 0 274.844 0 680
1.11206147 0.749999999 0.0120003198 -0.000621275278 211.710495 0 274.844 0 680
1.1238354 0.749999999 0.0106489074 0.013902938 207.560135 0 274.844 0 680
1.13431589 0.749999999 0.0094153085 0.0276048072 204.07341 0 274.844 0 680
1.14361603 0.749999999 0.00829881937 0.0403157398 200.846466 0 274.844 0 680
1.15184769 0.749999999 0.00729615056 0.0519551747 197.328918 0 274.844 0 680
1.15911873 0.749999999 0.00640221872 0.0625020042 193.767868 0 274.844 0 680
1.16553099 0.749999999 0.0056097353 0.0719704926 190.802322 0 274.844 0 680
1.17117915 0.749999999 0.00491013914 0.080399856 188.10228 0 274.844 0 680
1.17615004 0.749999999 0.00429676756 0.0878334865 185.490219 0 274.844 0 680
1.18052251 0.749999999 0.00376002188 0.0943459645 183.235306 0 274.844 0 680
1.18436748 0.749999999 0.00328895758 0.100086734 181.102921 0 274.844 0 680
1.18774833 0.749999999 0.00287456516 0.105200127 179.100784 0 274.844 0 680
1.19072136 0.749999999 0.00250939714 0.109778047 177.196823 0 274.844 0 680
1.19333632 0.749999999 0.00218720018 0.113893822 175.373825 0 274.844 0 680
1.19563701 0.749999999 0.0019026581 0.11760398 175.373825 0 274.844 0 680
1.19766187 0.749999999 0.00165120927 0.120956138 173.640137 0 274.844 0 680
1.19944452 0.749999999 0.00142891325 0.123988062 171.98082 0 274.844 0 680
1.20101434 0.749999999 0.00123235087 0.126737878 170.38327 0 274.844 0 680
1.20239691 0.749999999 0.00105854684 0.129233137 168.865997 0 274.844 0 680
1.20361449 0.749999999 0.000904908034 0.131504059 167.407318 0 274.844 0 680
1.20468642 0.749999999 0.000769173127 0.133569568 165.969086 0 274.844 0 680
1.20562947 0.749999999 0.000649370443 0.13545689 164.567673 0 274.844 0 680
1.20645816 0.749999999 0.000543782264 0.137174532 163.193588 0 274.844 0 680
1.20718506 0.749999999 0.000450922552 0.13875109 161.837173 0 274.844 0 680
1.207821 0.749999999 0.000369522449 0.140181854 160.472565 0 274.844 0 680
1.20837532 0.749999999 0.000298470891 0.141502321 159.11731 0 274.844 0 680
1.20885601 0.749999999 0.000236795919 0.14268595 157.721039 0 274.844 0 680
1.20926991 0.749999999 0.000183655182 0.143789083 156.312485 0 274.844 0 680
1.2096228 0.749999999 0.000138325848 0.1447483 154.841064 0 274.844 0 680
1.20991957 0.749999999 0.000100194772 0.145631731 153.290054 0 274.844 0 680
1.21016427 0.749999999 6.87494199e-05 0.146379203 151.842896 0 274.844 0 680
1.21036018 0.749999999 4.35698249e-05 0.147037715 150.356049 0 274.844 0 680
1.21050994 0.749999999 2.43217203e-05 0.147446036 149.966705 0 274.844 0 680
1.21061552 0.749999999 1.07509204e-05 0.14741759 151.528107 0 274.844 0 680
1.21067833 0.749999999 2.67896125e-06 0.147653133 166.452454 0 274.844 0 680
1.21067833 0.749999999 2.67896125e-06 0.147653133 240.545258 0 274.844 0 680

ZONE T="SLICE_Y_1p40_BINS07_KS_0p5mm_CUTDATA"
1.39330511 1.39999998 0 0.137120768 441.394867 0 274.844 0 680
1.39328943 1.39999998 -2.01531594e-06 0.137974098 267.505219 0 274.844 0 680
1.39324218 1.39999998 -8.08765014e-06 0.13794139 194.138931 0 274.844 0 680
1.39316276 1.39999998 -1.82966255e-05 0.138084397 182.792709 0 274.844 0 680
1.3930501 1.39999998 -3.27764961e-05 0.137727484 180.877335 0 274.844 0 680
1.39290271 1.39999998 -5.17184793e-05 0.137140393 180.813828 0 274.844 0 680
1.39271864 1.39999998 -7.53740356e-05 0.13638784 181.751633 0 274.844 0 680
1.39249538 1.39999998 -0.000104059096 0.135441363 182.97728 0 274.844 0 680
1.39222991 1.39999998 -0.000138159228 0.134411916 184.358673 0 274.844 0 680
1.39191855 1.39999998 -0.000178135683 0.133240223 185.727036 0 274.844 0 680
1.39155693 1.39999998 -0.00022453223 0.13197805 187.110886 0 274.844 0 680
1.39113994 1.39999998 -0.000277982551 0.130576655 188.485062 0 274.844 0 680
1.39066153 1.39999998 -0.000339217825 0.129066631 189.864792 0 274.844 0 680
1.3901147 1.39999998 -0.000409073878 0.127409711 191.25856 0 274.844 0 680
1.3894913 1.39999998 -0.00048850524 0.125619039 192.660812 0 274.844 0 680
1.38878187 1.39999998 -0.00057862982 0.123663776 194.086426 0 274.844 0 680
1.38797548 1.39999998 -0.000680739816 0.121542409 195.537415 0 274.844 0 680
1.38705953 1.39999998 -0.000796318467 0.119228266 197.028259 0 274.844 0 680
1.38601945 1.39999998 -0.000927066921 0.116710924 198.556473 0 274.844 0 680
1.38483852 1.39999998 -0.00107493591 0.113964245 200.130127 0 274.844 0 680
1.38349747 1.39999998 -0.00124216368 0.110970005 201.756668 0 274.844 0 680
1.38197422 1.39999998 -0.00143132239 0.107700042 203.443069 0 274.844 0 680
1.38024347 1.39999998 -0.00164537631 0.104129143 205.193283 0 274.844 0 680
1.3782763 1.39999998 -0.00188775708 0.100221917 207.014252 0 274.844 0 680
1.37603977 1.39999998 -0.0021624639 0.0959417745 208.913559 0 274.844 0 680
1.37349643 1.39999998 -0.00247420102 0.0912373811 210.808304 0 274.844 0 680
1.37060396 1.39999998 -0.00282857098 0.086027734 212.623932 0 274.844 0 680
1.36731466 1.39999998 -0.00323235141 0.0801683515 214.573395 0 274.844 0 680
1.36357518 1.39999998 -0.0036937756 0.0735298321 217.188065 0 274.844 0 680
1.35932621 1.39999998 -0.0042200644 0.0661095232 220.220581 0 274.844 0 680
1.35450243 1.39999998 -0.00481622997 0.0579443015 223.244095 0 274.844 0 680
1.34903261 1.39999998 -0.00548871267 0.0490479581 226.355072 0 274.844 0 680
1.34284013 1.39999998 -0.00624299548 0.0394679345 229.529282 0 274.844 0 680
1.33584386 1.39999998 -0.0070829025 0.0293100178 232.617737 0 274.844 0 680
1.32795965 1.39999998 -0.00801090826 0.0187405311 235.658875 0 274.844 0 680
1.31910242 1.39999998 -0.00902754224 0.00796603877 238.912292 0 274.844 0 680
1.3091891 1.39999998 -0.0101315314 -0.00278978981 242.502396 0 274.844 0 680
1.2981424 1.39999998 -0.0113201595 -0.0133395325 246.378311 0 274.844 0 680
1.28589537 1.39999998 -0.0125898527 -0.0236049332 250.275345 0 274.844 0 680
1.27239683 1.39999998 -0.0139363831 -0.0336775631 254.151428 0 274.844 0 680
1.25761725 1.39999998 -0.0153553291 -0.0438312665 258.164978 0 274.844 0 680
1.24155483 1.39999998 -0.0168404871 -0.054470025 262.455536 0 274.844 0 680
1.2242412 1.39999998 -0.0183812025 -0.066032514 267.345093 0 274.844 0 680
1.20574603 1.39999998 -0.0199587491 -0.0788620263 272.933441 0 274.844 0 680
1.18617991 1.39999998 -0.0215421461 -0.0930306092 278.987152 0 274.844 0 680
1.16569464 1.39999998 -0.0230863301 -0.108219005 285.150391 0 274.844 0 680
1.14448054 1.39999998 -0.0245337085 -0.123685591 291.558105 0 274.844 0 680
1.12276058 1.39999998 -0.0258207987 -0.138290614 298.53833 0 274.844 0 680
1.10078145 1.39999998 -0.0268881867 -0.150816903 305.995514 0 274.844 0 680
1.07880231 1.39999998 -0.0276918902 -0.160260558 313.595367 0 274.844 0 680
1.05708235 1.39999998 -0.0282103146 -0.16622363 321.038177 0 274.844 0 680
1.03586825 1.39999998 -0.0284480766 -0.168831825 328.121399 0 274.844 0 680
1.01538298 1.39999998 -0.0284299182 -0.168740898 334.850861 0 274.844 0 680
0.995816857 1.39999998 -0.0281949055 -0.167102233 341.384338 0 274.844 0 680
0.977321692 1.39999998 -0.0277861853 -0.164854586 347.833527 0 274.844 0 680
0.960008059 1.39999998 -0.0272446126 -0.162616074 354.549469 0 274.844 0 680
0.943945639 1.39999998 -0.026604136 -0.160707816 361.826538 0 274.844 0 680
0.92916606 1.39999998 -0.0258914527 -0.159116775 369.75058 0 274.844 0 680
0.915667521 1.39999998 -0.0251267806 -0.157566369 378.318756 0.000179785507 274.763 0 680
0.903420493 1.39999998 -0.0243260438 -0.155663028 387.439667 0.000501240313 274.625 0 680
0.892373788 1.39999998 -0.0235028488 -0.153024182 396.942657 0.00177695171 274.086 0 680
0.882460472 1.39999998 -0.0226692108 -0.149379835 406.580872 0.00350686605 273.385 0 680
0.873603241 1.39999998 -0.0218366534 -0.144684017 416.15094 0.00724323746 273.15 0.37571004 680
0.865719028 1.39999998 -0.0210158945 -0.139101282 425.519501 0.0112017551 273.15 0.844693542 680
0.858722763 1.39999998 -0.0202164017 -0.133075342 434.647247 0.0170549992 273.15 0.479764253 680
0.852530284 1.39999998 -0.019446742 -0.127312914 443.514587 0.0238285828 273.15 0.29902035 680
0.847060465 1.39999998 -0.018713165 -0.122659586 451.643005 0.0304540526 273.15 0.21327208 680
0.842236679 1.39999998 -0.0180201935 -0.120951146 460.016876 0.0366142653 273.15 0.163176835 680
0.837987712 1.39999998 -0.0173739689 -0.124679439 471.619568 0.0440260321 273.15 0.131327957 680
0.834248231 1.39999998 -0.0167699899 -0.135520369 488.102051 0.0541997924 273.15 0.110543795 680
0.830958934 1.39999998 -0.0161926956 -0.150936931 511.445221 0.0700371116 273.15 0.0971249342 680
0.828066458 1.39999998 -0.0156163719 -0.164722487 543.055969 0.0938151032 273.15 0.0859434828 680
0.825523125 1.39999998 -0.015021839 -0.170497045 578.886292 0.127807871 273.15 0.0781946853 680
0.82328659 1.39999998 -0.0143993456 -0.162758008 613.948669 0.16803664 273.15 0.072706148 680
0.821319422 1.39999998 -0.0137470613 -0.139467895 645.54071 0.212012514 273.15 0.0686788857 680
0.819588671 1.39999998 -0.0130683278 -0.100019872 671.49231 0.258285135 273.15 0.0656509474 680
0.818065422 1.39999998 -0.0123693213 -0.0455813594 690.574829 0.304072589 273.15 0.0632955432 680
0.816724374 1.39999998 -0.0116570561 0.0202473477 702.296814 0.347722322 273.15 0.0614371412 680
0.815543439 1.39999998 -0.0109396218 0.0928118527 707.0047 0.38813594 273.15 0.0599860996 680
0.814503365 1.39999998 -0.010224381 0.167990014 706.601318 0.425417542 273.15 0.0587421916 680
0.81358741 1.39999998 -0.00951522067 0.243299022 706.601318 0.425417542 273.15 0.0587421916 680
0.812781025 1.39999998 -0.00881652927 0.316295654 702.5802 0.459652036 273.15 0.0574125089 680
0.812071593 1.39999998 -0.00813247502 0.385032952 695.060486 0.4904176 273.15 0.0566115379 680
0.811448188 1.39999998 -0.00746427898 0.448691428 684.97113 0.518137991 273.15 0.0564146265 680
0.810901359 1.39999998 -0.0068122607 0.506722391 673.712891 0.543409526 273.15 0.0569915771 680
0.810422955 1.39999998 -0.00617667025 0.558555663 661.917053 0.566313386 273.15 0.0584744848 680
0.810005956 1.39999998 -0.00555754961 0.6037485 649.843994 0.586872816 273.15 0.0610481426 680
0.809644345 1.39999998 -0.00495449175 0.642248809 639.007568 0.605191767 273.15 0.0651447847 680
0.809332982 1.39999998 -0.00436490291 0.673741281 629.789612 0.621534407 273.15 0.0714653209 680
0.809067508 1.39999998 -0.00378722306 0.6981619 622.123901 0.635955095 273.15 0.0811929703 680
0.809067508 1.39999998 -0.00378722306 0.6981619 616.67157 0.647994518 273.15 0.0962874219 680
0.808844255 1.39999998 -0.00322562095 0.7150383 611.848633 0.658328831 273.15 0.122290336 680
0.808660178 1.39999998 -0.00266543859 0.724752963 612.606506 0.666512191 273.15 0.172928363 680
0.808512795 1.39999998 -0.00213753788 0.726992667 622.148987 0.670464754 273.15 0.196771279 680
0.808400135 1.39999998 -0.00156451687 0.721924782 626.30365 0.671235681 273.15 0.144489497 680
0.808320707 1.39999998 -0.00110087385 0.705878913 643.641663 0.676529408 273.15 0.114223115 680
0.808273463 1.39999998 -0.000359871441 0.689001679 658.858826 0.68405354 273.15 0.0858838484 680
0.808257784 1.39999998 0 0.659416676 673.557495 0.679339767 273.15 0.0541180223 680
0.808273463 1.39999998 0.000359871441 0.626358032 678.133606 0.671370625 273.15 0.0664422289 680
0.808320707 1.39999998 0.00110087385 0.589536428 699.634949 0.662640452 273.15 0.0636763349 680
0.808400135 1.39999998 0.00156451687 0.529577017 726.652039 0.652585566 273.15 0.0522681102 680
0.808512795 1.39999998 0.00213753788 0.480511397 743.597168 0.641059697 273.15 0.0513619818 680
0.808660178 1.39999998 0.00266543859 0.41643253 769.610046 0.625687718 273.15 0.0487422645 680
0.808844255 1.39999998 0.00322562095 0.353099197 778.71106 0.609965324 273.15 0.0476339832 680
0.809067508 1.39999998 0.00378722306 0.281011999 792.157593 0.591194332 273.15 0.0467180423 680
0.809332982 1.39999998 0.00436490291 0.206254363 803.733887 0.571168721 273.15 0.0465207957 680
0.809644345 1.39999998 0.00495449175 0.125961527 817.050964 0.548637331 273.15 0.0467806049 680
0.810005956 1.39999998 0.00555754961 0.0427256078 827.801575 0.524449825 273.15 0.0474836975 680
0.810422955 1.39999998 0.00617667025 -0.0441372953 837.955017 0.498497993 273.15 0.0487107858 680
0.810901359 1.39999998 0.0068122607 -0.134464025 848.093689 0.470333129 273.15 0.0504682884 680
0.811448188 1.39999998 0.00746427898 -0.227349684 856.289978 0.439787209 273.15 0.0524093919 680
0.812071593 1.39999998 0.00813247502 -0.321684986 861.911255 0.406828731 273.15 0.0545701198 680
0.812781025 1.39999998 0.00881652927 -0.416715622 865.536682 0.371395916 273.15 0.0573162027 680
0.81358741 1.39999998 0.00951522067 -0.5113132 865.405884 0.332707852 273.15 0.0606142506 680
0.814503365 1.39999998 0.010224381 -0.601834059 858.765991 0.290115654 273.15 0.0644224882 680
0.815543439 1.39999998 0.0109396218 -0.683146298 846.237671 0.244844928 273.15 0.0690095052 680
0.816724374 1.39999998 0.0116570561 -0.751627028 827.490723 0.197671458 273.15 0.0745808482 680
0.818065422 1.39999998 0.0123693213 -0.802475691 799.727966 0.147328958 273.15 0.0812650621 680
0.819588671 1.39999998 0.0130683278 -0.830081105 763.296814 0.0982685462 273.15 0.0897638947 680
0.821319422 1.39999998 0.0137470613 -0.831681669 719.278931 0.0535353273 273.15 0.100999109 680
0.82328659 1.39999998 0.0143993456 -0.807008803 668.566162 0.0217570178 273.15 0.116549961 680
0.825523125 1.39999998 0.015021839 -0.761728227 615.674194 0.00511402171 273.15 0.139291257 680
0.828066458 1.39999998 0.0156163719 -0.702632785 566.141235 0.000554414524 273.15 0.174658105 680
0.830958934 1.39999998 0.0161926956 -0.636918843 525.627075 0 273.15 0.234935164 680
0.834248231 1.39999998 0.0167699899 -0.573865831 497.805237 0 273.15 0.345514774 680
0.837987712 1.39999998 0.0173739689 -0.520866573 480.405334 0 273.15 0.634731829 680
0.842236679 1.39999998 0.0180201935 -0.47965318 469.692719 0 273.15 0.789691091 680
0.847060465 1.39999998 0.018713165 -0.447731346 462.478516 0 274.844 0 680
0.852530284 1.39999998 0.019446742 -0.421910524 455.228912 0 274.844 0 680
0.858722763 1.39999998 0.0202164017 -0.399694651 446.825592 0 274.844 0 680
0.865719028 1.39999998 0.0210158945 -0.379792124 437.599884 0 274.844 0 680
0.873603241 1.39999998 0.0218366534 -0.36119324 427.484009 0 274.844 0 680
0.882460472 1.39999998 0.0226692108 -0.343339086 416.664276 0 274.844 0 680
0.892373788 1.39999998 0.0235028488 -0.32605511 405.474396 0 274.844 0 680
0.903420493 1.39999998 0.0243260438 -0.309426248 394.230988 0 274.844 0 680
0.915667521 1.39999998 0.0251267806 -0.293776631 383.234406 0 274.844 0 680
0.92916606 1.39999998 0.0258914527 -0.279497176 372.713593 0 274.844 0 680
0.943945639 1.39999998 0.026604136 -0.266901553 362.817017 0 274.844 0 680
0.960008059 1.39999998 0.0272446126 -0.25612241 353.575806 0 274.844 0 680
0.977321692 1.39999998 0.0277861853 -0.246967897 344.920502 0 274.844 0 680
0.995816857 1.39999998 0.0281949055 -0.238883182 336.559662 0 274.844 0 680
1.01538298 1.39999998 0.0284299182 -0.230945423 328.078674 0 274.844 0 680
1.03586825 1.39999998 0.0284480766 -0.222010836 319.304077 0 274.844 0 680
1.05708235 1.39999998 0.0282103146 -0.210946724 310.118256 0 274.844 0 680
1.07880231 1.39999998 0.0276918902 -0.197004259 300.481934 0 274.844 0 680
1.10078145 1.39999998 0.0268881867 -0.180016413 290.586334 0 274.844 0 680
1.12276058 1.39999998 0.0258207987 -0.160518005 280.767242 0 274.844 0 680
1.14448054 1.39999998 0.0245337085 -0.139639586 271.398865 0 274.844 0 680
1.16569464 1.39999998 0.0230863301 -0.118686154 262.616241 0 274.844 0 680
1.18617991 1.39999998 0.0215421461 -0.098781608 254.17981 0 274.844 0 680
1.20574603 1.39999998 0.0199587491 -0.0805980414 246.02977 0 274.844 0 680
1.2242412 1.39999998 0.0183812025 -0.0643517971 238.415405 0 274.844 0 680
1.24155483 1.39999998 0.0168404871 -0.0498742871 231.645172 0 274.844 0 680
1.25761725 1.39999998 0.0153553291 -0.0367662273 225.702408 0 274.844 0 680
1.27239683 1.39999998 0.0139363831 -0.0245614517 220.209671 0 274.844 0 680
1.28589537 1.39999998 0.0125898527 -0.0128513025 215.055786 0 274.844 0 680
1.2981424 1.39999998 0.0113201595 -0.00137235865 210.117767 0 274.844 0 680
1.3091891 1.39999998 0.0101315314 0.00996846426 205.447037 0 274.844 0 680
1.31910242 1.39999998 0.00902754224 0.0211146716 201.257263 0 274.844 0 680
1.32795965 1.39999998 0.00801090826 0.0319278389 197.545044 0 274.844 0 680
1.33584386 1.39999998 0.0070829025 0.0422500707 194.17131 0 274.844 0 680
1.34284013 1.39999998 0.00624299548 0.0519448109 190.875824 0 274.844 0 680
1.34903261 1.39999998 0.00548871267 0.0609200448 187.620514 0 274.844 0 680
1.35450243 1.39999998 0.00481622997 0.0691248775 184.577179 0 274.844 0 680
1.35932621 1.39999998 0.0042200644 0.0765514523 181.802017 0 274.844 0 680
1.36357518 1.39999998 0.0036937756 0.0832187608 179.17128 0 274.844 0 680
1.36731466 1.39999998 0.00323235141 0.0891359597 176.862045 0 274.844 0 680
1.37060396 1.39999998 0.00282857098 0.0943416134 175.008362 0 274.844 0 680
1.37349643 1.39999998 0.00247420102 0.0989535972 173.273758 0 274.844 0 680
1.37603977 1.39999998 0.0021624639 0.103089929 171.580109 0 274.844 0 680
1.3782763 1.39999998 0.00188775708 0.106822446 169.95723 0 274.844 0 680
1.38024347 1.39999998 0.00164537631 0.110205613 168.399139 0 274.844 0 680
1.38197422 1.39999998 0.00143132239 0.113278329 166.903717 0 274.844 0 680
1.38349747 1.39999998 0.00124216368 0.116076849 165.458664 0 274.844 0 680
1.38483852 1.39999998 0.00107493591 0.118627161 164.057785 0 274.844 0 680
1.38601945 1.39999998 0.000927066921 0.120958015 162.696014 0 274.844 0 680
1.38705953 1.39999998 0.000796318467 0.123086251 161.37088 0 274.844 0 680
1.38797548 1.39999998 0.000680739816 0.125038028 160.072067 0 274.844 0 680
1.38878187 1.39999998 0.00057862982 0.126822233 158.797073 0 274.844 0 680
1.3894913 1.39999998 0.00048850524 0.128465578 157.532639 0 274.844 0 680
1.3901147 1.39999998 0.000409073878 0.129967526 156.276398 0 274.844 0 680
1.39066153 1.39999998 0.000339217825 0.131358311 155.014496 0 274.844 0 680
1.39113994 1.39999998 0.000277982551 0.132624462 153.74678 0 274.844 0 680
1.39155693 1.39999998 0.00022453223 0.133801594 152.471542 0 274.844 0 680
1.39191855 1.39999998 0.000178135683 0.134863377 151.163513 0 274.844 0 680
1.39222991 1.39999998 0.000138159228 0.135850787 149.867981 0 274.844 0 680
1.39249538 1.39999998 0.000104059096 0.136713043 148.54097 0 274.844 0 680
1.39271864 1.39999998 7.53740356e-05 0.137503505 147.462463 0 274.844 0 680
1.39290271 1.39999998 5.17184793e-05 0.138128161 146.770325 0 274.844 0 680
1.3930501 1.39999998 3.27764961e-05 0.138567194 147.473541 0 274.844 0 680
1.39316276 1.39999998 1.82966255e-05 0.138813719 151.095047 0 274.844 0 680
1.39324218 1.39999998 8.08765014e-06 0.13851133 165.734344 0 274.844 0 680
1.39328943 1.39999998 2.01531594e-06 0.138494223 249.16481 0 274.844 0 680

ZONE T="SLICE_Y_0p10_BINS01_KS_1p0mm_CUTDATA"
1.02809322 0.100000001 0 0.130768508 456.462067 0 274.844 0 680
1.02806722 0.100000001 -3.34260658e-06 0.131945699 276.889954 0 274.844 0 680
1.02798886 0.100000001 -1.34141908e-05 0.131309435 196.145615 0 274.844 0 680
1.02785712 0.100000001 -3.03468153e-05 0.131120518 184.53093 0 274.844 0 680
1.02767026 0.100000001 -5.43631542e-05 0.130607441 184.975082 0 274.844 0 680
1.02742581 0.100000001 -8.5780361e-05 0.129809216 185.922791 0 274.844 0 680
1.0271205 0.100000001 -0.000125015508 0.128974587 187.445343 0 274.844 0 680
1.02675021 0.100000001 -0.0001725926 0.127975434 188.649261 0 274.844 0 680
1.0263099 0.100000001 -0.000229151139 0.126898766 189.97319 0 274.844 0 680
1.02579347 0.100000001 -0.000295456158 0.125675499 191.154846 0 274.844 0 680
1.0251937 0.100000001 -0.000372409553 0.124349996 192.353073 0 274.844 0 680
1.02450207 0.100000001 -0.000461062349 0.122875772 193.537781 0 274.844 0 680
1.02370858 0.100000001 -0.000562627282 0.121271811 194.741806 0 274.844 0 680
1.02280161 0.100000001 -0.000678490655 0.119506262 195.970444 0 274.844 0 680
1.02176763 0.100000001 -0.000810235652 0.117584288 197.226013 0 274.844 0 680
1.02059097 0.100000001 -0.000959716441 0.115476631 198.510086 0 274.844 0 680
1.0192535 0.100000001 -0.00112907626 0.113177486 199.824615 0 274.844 0 680
1.01773429 0.100000001 -0.00132077521 0.110658281 201.180496 0 274.844 0 680
1.01600922 0.100000001 -0.00153763483 0.107904986 202.587234 0 274.844 0 680
1.01405052 0.100000001 -0.0017828906 0.104888164 204.050842 0 274.844 0 680
1.01182626 0.100000001 -0.00206025487 0.101585843 205.575531 0 274.844 0 680
1.00929979 0.100000001 -0.00237399384 0.0979657099 207.165176 0 274.844 0 680
1.00642917 0.100000001 -0.00272902406 0.0939963087 208.823425 0 274.844 0 680
1.00316642 0.100000001 -0.00313103723 0.0896369368 210.555817 0 274.844 0 680
0.999456897 0.100000001 -0.00358666644 0.0848408714 212.364685 0 274.844 0 680
0.995238522 0.100000001 -0.00410371417 0.0795430019 214.228699 0 274.844 0 680
0.990441055 0.100000001 -0.00469147282 0.0736543387 216.116302 0 274.844 0 680
0.984985421 0.100000001 -0.00536118375 0.0670329407 218.165527 0 274.844 0 680
0.978783112 0.100000001 -0.00612650272 0.0595152043 220.625992 0 274.844 0 680
0.971735767 0.100000001 -0.00699940625 0.0510850288 223.47879 0 274.844 0 680
0.963735028 0.100000001 -0.00798820752 0.041806031 226.201401 0 274.844 0 680
0.954662776 0.100000001 -0.00910358851 0.0316538438 228.189575 0 274.844 0 680
0.944391919 0.100000001 -0.0103546433 0.0206487309 230.224136 0 274.844 0 680
0.932787903 0.100000001 -0.0117477146 0.00890569855 234.099182 0 274.844 0 680
0.919711133 0.100000001 -0.0132869066 -0.00333318114 238.604904 0 274.844 0 680
0.905020514 0.100000001 -0.0149730975 -0.0157943889 242.766815 0 274.844 0 680
0.88857827 0.100000001 -0.0168041758 -0.0282161571 247.138931 0 274.844 0 680
0.870256186 0.100000001 -0.0187756365 -0.040368434 251.457474 0 274.844 0 680
0.849943243 0.100000001 -0.0208815518 -0.0521274544 255.616196 0 274.844 0 680
0.827554543 0.100000001 -0.0231149096 -0.0635254085 259.568115 0 274.844 0 680
0.803041106 0.100000001 -0.025468376 -0.0747837871 263.300568 0 274.844 0 680
0.77639995 0.100000001 -0.0279316616 -0.0862529352 266.948639 0 274.844 0 680
0.747683526 0.100000001 -0.0304870948 -0.0983155966 270.88443 0 274.844 0 680
0.717007413 0.100000001 -0.0331036165 -0.111212075 275.633575 0 274.844 0 680
0.684555011 0.100000001 -0.0357298415 -0.124844231 281.513763 0 274.844 0 680
0.650578095 0.100000001 -0.0382910279 -0.138663441 288.606384 0 274.844 0 680
0.615392355 0.100000001 -0.0406916522 -0.151603386 296.988617 0 274.844 0 680
0.579367595 0.100000001 -0.0428264223 -0.162271053 306.156616 0 274.844 0 680
0.542912962 0.100000001 -0.0445967938 -0.169390008 315.053436 0 274.844 0 680
0.506458328 0.100000001 -0.0459298179 -0.172038272 322.499725 0 274.844 0 680
0.470433568 0.100000001 -0.0467896775 -0.169978648 328.986603 0 274.844 0 680
0.435247828 0.100000001 -0.04718403 -0.163954049 335.119659 0 274.844 0 680
0.401270912 0.100000001 -0.0471539124 -0.155040517 340.294647 0 274.844 0 680
0.36881851 0.100000001 -0.04676412 -0.144431621 344.834412 0 274.844 0 680
0.338142397 0.100000001 -0.0460862159 -0.133340955 349.369598 0 274.844 0 680
0.309425974 0.100000001 -0.0451879625 -0.122558802 354.451019 0 274.844 0 680
0.282784817 0.100000001 -0.0441256669 -0.112517394 360.451904 0 274.844 0 680
0.25827138 0.100000001 -0.0429436091 -0.103279777 367.226532 0 274.844 0 680
0.23588268 0.100000001 -0.0416753227 -0.0946836248 374.580811 0 274.844 0 680
0.215569738 0.100000001 -0.0403472192 -0.0864862949 382.613831 0 274.844 0 680
0.197247653 0.100000001 -0.0389818665 -0.0784343407 391.324829 0 274.844 0 680
0.18080541 0.100000001 -0.0375991931 -0.0703424215 400.574371 0 274.844 0 680
0.16611479 0.100000001 -0.0362183119 -0.0621949621 410.084595 0 274.844 0 680
0.153038021 0.100000001 -0.0348569996 -0.054119736 419.312012 0 274.844 0 680
0.141434004 0.100000001 -0.0335309596 -0.0464119837 427.736298 0 274.844 0 680
0.131163147 0.100000001 -0.0322544005 -0.0396431983 435.489899 0 273.962 0.163189441 680
0.122090895 0.100000001 -0.0310376885 -0.0344641246 442.705566 0 273.15 0.817157507 680
0.114090156 0.100000001 -0.0298883246 -0.0329542533 449.388611 0 273.15 0.450012714 680
0.107042812 0.100000001 -0.0288164955 -0.0378278233 459.17041 0 273.15 0.273560673 680
0.100840502 0.100000001 -0.0278147348 -0.0497421026 476.792999 0 273.15 0.193353623 680
0.095384868 0.100000001 -0.0268572335 -0.0660027266 501.676422 0 273.15 0.148296565 680
0.0905874016 0.100000001 -0.025901342 -0.0810048953 533.227783 0.0154904127 273.15 0.120607741 680
0.0863690258 0.100000001 -0.0249152486 -0.0888687596 570.136963 0.0511043817 273.15 0.103527837 680
0.0826595046 0.100000001 -0.0238827801 -0.0839875937 608.515259 0.0936870798 273.15 0.0924760178 680
0.0793967571 0.100000001 -0.0228009001 -0.0633432195 646.99646 0.140251607 273.15 0.0850528926 680
0.0765261296 0.100000001 -0.0216751515 -0.0273199081 674.817139 0.18795839 273.15 0.078938067 680
0.0739996662 0.100000001 -0.0205157782 0.0206957422 682.99823 0.234799564 273.15 0.0730242357 680
0.0717754023 0.100000001 -0.0193344138 0.0818573385 695.938416 0.279306889 273.15 0.0693071038 680
0.0698166999 0.100000001 -0.0181444761 0.15207389 710.460205 0.32058242 273.15 0.0669451952 680
0.0680916329 0.100000001 -0.0169581763 0.223341167 708.248169 0.358594447 273.15 0.0643334389 680
0.0665724268 0.100000001 -0.0157819618 0.295416325 701.936584 0.393508196 273.15 0.0624309182 680
0.0652349553 0.100000001 -0.014623111 0.365523905 692.316101 0.424900562 273.15 0.0610901937 680
0.0640582914 0.100000001 -0.0134885374 0.432020694 680.361633 0.453192055 273.15 0.0604066774 680
0.06302431 0.100000001 -0.0123802663 0.494191587 667.157654 0.479040414 273.15 0.0605239384 680
0.0621173393 0.100000001 -0.0112988276 0.551512778 652.773315 0.502494991 273.15 0.0614980906 680
0.0613238562 0.100000001 -0.0102446362 0.603418529 637.648621 0.523612499 273.15 0.0634806156 680
0.060632222 0.100000001 -0.00921776159 0.649546921 622.331909 0.542492509 273.15 0.0667599961 680
0.0600324533 0.100000001 -0.00821752876 0.689583659 608.039551 0.559419334 273.15 0.0719830468 680
0.0595160266 0.100000001 -0.00723963566 0.723963499 593.279602 0.574410439 273.15 0.0799334273 680
0.0590757101 0.100000001 -0.00628149485 0.751048863 580.557312 0.586984634 273.15 0.0921573415 680
0.0587054221 0.100000001 -0.0053500206 0.772354066 568.853882 0.59770155 273.15 0.112845026 680
0.058400112 0.100000001 -0.00442090115 0.785841703 558.461426 0.60571903 273.15 0.149119407 680
0.0581556616 0.100000001 -0.0035453241 0.793431818 553.071838 0.609629512 273.15 0.238729849 680
0.057968805 0.100000001 -0.00259491044 0.794675767 550.854797 0.613858223 273.15 0.254697323 680
0.0578370652 0.100000001 -0.00182591131 0.787620127 560.980225 0.6281901 273.15 0.169814751 680
0.0577587065 0.100000001 -0.000596883407 0.77806282 583.28479 0.640904129 273.15 0.113949232 680
0.0577327005 0.100000001 0 0.754560351 603.148499 0.630127132 273.15 0.0670886859 680
0.0577587065 0.100000001 0.000596883407 0.735504389 620.65448 0.613928974 273.15 0.0813563466 680
0.0578370652 0.100000001 0.00182591131 0.704371333 644.272461 0.602825522 273.15 0.076098986 680
0.057968805 0.100000001 0.00259491044 0.654400229 659.147217 0.593346298 273.15 0.0599412248 680
0.0581556616 0.100000001 0.0035453241 0.615736127 677.404968 0.582654119 273.15 0.0580918007 680
0.058400112 0.100000001 0.00442090115 0.561136603 701.029968 0.56845957 273.15 0.0542136021 680
0.0587054221 0.100000001 0.0053500206 0.509214699 719.125854 0.553892732 273.15 0.0528674275 680
0.0590757101 0.100000001 0.00628149485 0.447006464 740.648865 0.536343575 273.15 0.0517711677 680
0.0595160266 0.100000001 0.00723963566 0.382979482 758.828186 0.517450273 273.15 0.0514658578 680
0.0600324533 0.100000001 0.00821752876 0.312764883 776.757141 0.496018291 273.15 0.0516088605 680
0.060632222 0.100000001 0.00921776159 0.239745602 791.811951 0.472787559 273.15 0.0522639975 680
0.0613238562 0.100000001 0.0102446362 0.16300483 806.010193 0.447767556 273.15 0.0535106584 680
0.0621173393 0.100000001 0.0112988276 0.08271458 818.399536 0.420352757 273.15 0.0552635714 680
0.06302431 0.100000001 0.0123802663 -0.000385317457 828.606323 0.390509963 273.15 0.0575421974 680
0.0640582914 0.100000001 0.0134885374 -0.0857444927 836.683899 0.358182728 273.15 0.0604335815 680
0.0652349553 0.100000001 0.014623111 -0.172836825 843.054565 0.323087245 273.15 0.0641710758 680
0.0665724268 0.100000001 0.0157819618 -0.260799944 846.280212 0.284866512 273.15 0.0688082799 680
0.0680916329 0.100000001 0.0169581763 -0.346690565 844.15155 0.242339194 273.15 0.074470751 680
0.0698166999 0.100000001 0.0181444761 -0.424976736 835.248779 0.196268037 273.15 0.0814962983 680
0.0717754023 0.100000001 0.0193344138 -0.495791018 804.303406 0.147020698 273.15 0.0888673142 680
0.0739996662 0.100000001 0.0205157782 -0.548478961 775.556946 0.0945233032 273.15 0.0996442139 680
0.0765261296 0.100000001 0.0216751515 -0.578911543 754.740295 0.0393750779 273.15 0.117037117 680
0.0793967571 0.100000001 0.0228009001 -0.591371298 713.208069 0.00158704387 273.15 0.140706345 680
0.0826595046 0.100000001 0.0238827801 -0.581959486 660.838074 0 273.15 0.174016908 680
0.0863690258 0.100000001 0.0249152486 -0.552869499 609.357178 0 273.15 0.226057395 680
0.0905874016 0.100000001 0.025901342 -0.510845542 561.503967 0 273.15 0.320790797 680
0.095384868 0.100000001 0.0268572335 -0.463051617 522.376587 0 273.15 0.556018174 680
0.100840502 0.100000001 0.0278147348 -0.416582227 493.420013 0 273.15 0.755537927 680
0.107042812 0.100000001 0.0288164955 -0.378371269 474.365784 0 273.962 0.230948836 680
0.114090156 0.100000001 0.0298883246 -0.35062331 464.820526 0 274.844 0 680
0.122090895 0.100000001 0.0310376885 -0.331532985 459.161163 0 274.844 0 680
0.131163147 0.100000001 0.0322544005 -0.318209618 453.13028 0 274.844 0 680
0.141434004 0.100000001 0.0335309596 -0.308481961 446.469849 0 274.844 0 680
0.153038021 0.100000001 0.0348569996 -0.301319599 438.815491 0 274.844 0 680
0.16611479 0.100000001 0.0362183119 -0.29573229 429.896149 0 274.844 0 680
0.18080541 0.100000001 0.0375991931 -0.291088849 420.259216 0 274.844 0 680
0.197247653 0.100000001 0.0389818665 -0.287068874 410.547119 0 274.844 0 680
0.215569738 0.100000001 0.0403472192 -0.283589274 401.150177 0 274.844 0 680
0.23588268 0.100000001 0.0416753227 -0.280778587 392.300018 0 274.844 0 680
0.25827138 0.100000001 0.0429436091 -0.278870374 384.037689 0 274.844 0 680
0.282784817 0.100000001 0.0441256669 -0.278102875 376.293457 0 274.844 0 680
0.309425974 0.100000001 0.0451879625 -0.278576642 369.238739 0 274.844 0 680
0.338142397 0.100000001 0.0460862159 -0.280124009 363.055054 0 274.844 0 680
0.36881851 0.100000001 0.04676412 -0.282278687 357.435974 0 274.844 0 680
0.401270912 0.100000001 0.0471539124 -0.28413561 351.819427 0 274.844 0 680
0.435247828 0.100000001 0.04718403 -0.284407079 345.527954 0 274.844 0 680
0.470433568 0.100000001 0.0467896775 -0.28162244 338.193756 0 274.844 0 680
0.506458328 0.100000001 0.0459298179 -0.274593532 330.394379 0 274.844 0 680
0.542912962 0.100000001 0.0445967938 -0.263113499 321.702789 0 274.844 0 680
0.579367595 0.100000001 0.0428264223 -0.247546807 311.698212 0 274.844 0 680
0.615392355 0.100000001 0.0406916522 -0.228767753 301.473816 0 274.844 0 680
0.650578095 0.100000001 0.0382910279 -0.208200261 292.084076 0 274.844 0 680
0.684555011 0.100000001 0.0357298415 -0.187239289 284.01062 0 274.844 0 680
0.717007413 0.100000001 0.0331036165 -0.166959673 277.231445 0 274.844 0 680
0.747683526 0.100000001 0.0304870948 -0.14787586 271.688171 0 274.844 0 680
0.77639995 0.100000001 0.0279316616 -0.130042866 266.99826 0 274.844 0 680
0.803041106 0.100000001 0.025468376 -0.11318282 262.588043 0 274.844 0 680
0.827554543 0.100000001 0.0231149096 -0.0968983173 258.08786 0 274.844 0 680
0.849943243 0.100000001 0.0208815518 -0.0808554292 253.371063 0 274.844 0 680
0.870256186 0.100000001 0.0187756365 -0.0648493692 248.461456 0 274.844 0 680
0.88857827 0.100000001 0.0168041758 -0.0488782488 243.428223 0 274.844 0 680
0.905020514 0.100000001 0.0149730975 -0.0330750979 238.397232 0 274.844 0 680
0.919711133 0.100000001 0.0132869066 -0.0176522937 233.63559 0 274.844 0 680
0.932787903 0.100000001 0.0117477146 -0.00287431292 228.639709 0 274.844 0 680
0.944391919 0.100000001 0.0103546433 0.0110133635 224.296783 0 274.844 0 680
0.954662776 0.100000001 0.00910358851 0.0238253232 221.697952 0 274.844 0 680
0.963735028 0.100000001 0.00798820752 0.0354985483 219.169983 0 274.844 0 680
0.971735767 0.100000001 0.00699940625 0.0460480377 216.065994 0 274.844 0 680
0.978783112 0.100000001 0.00612650272 0.0555312 212.95813 0 274.844 0 680
0.984985421 0.100000001 0.00536118375 0.0639400855 210.256134 0 274.844 0 680
0.990441055 0.100000001 0.00469147282 0.0713326409 207.972824 0 274.844 0 680
0.995238522 0.100000001 0.00410371417 0.0778756514 205.877975 0 274.844 0 680
0.999456897 0.100000001 0.00358666644 0.0837142691 203.843536 0 274.844 0 680
1.00316642 0.100000001 0.00313103723 0.0889467821 201.891068 0 274.844 0 680
1.00642917 0.100000001 0.00272902406 0.0936508849 201.891068 0 274.844 0 680
1.00929979 0.100000001 0.00237399384 0.0978868008 200.03006 0 274.844 0 680
1.01182626 0.100000001 0.00206025487 0.101707645 198.255661 0 274.844 0 680
1.01405052 0.100000001 0.0017828906 0.105156079 196.560944 0 274.844 0 680
1.01600922 0.100000001 0.00153763483 0.108273931 194.9422 0 274.844 0 680
1.01773429 0.100000001 0.00132077521 0.111091137 193.393372 0 274.844 0 680
1.0192535 0.100000001 0.00112907626 0.113644235 191.904602 0 274.844 0 680
1.02059097 0.100000001 0.000959716441 0.115954064 190.46344 0 274.844 0 680
1.02176763 0.100000001 0.000810235652 0.11805249 189.062622 0 274.844 0 680
1.02280161 0.100000001 0.000678490655 0.119951457 187.695267 0 274.844 0 680
1.02370858 0.100000001 0.000562627282 0.121681139 186.349213 0 274.844 0 680
1.02450207 0.100000001 0.000461062349 0.123243429 185.013763 0 274.844 0 680
1.0251937 0.100000001 0.000372409553 0.124668308 183.688232 0 274.844 0 680
1.0251937 0.100000001 0.000372409553 0.124668308 182.345032 0 274.844 0 680
1.02579347 0.100000001 0.000295456158 0.125945836 180.984329 0 274.844 0 680
1.0263099 0.100000001 0.000229151139 0.127113685 179.600525 0 274.844 0 680
1.02675021 0.100000001 0.0001725926 0.128143072 178.064041 0 274.844 0 680
1.0271205 0.100000001 0.000125015508 0.129083052 176.614182 0 274.844 0 680
1.02742581 0.100000001 8.5780361e-05 0.129880503 174.835648 0 274.844 0 680
1.02767026 0.100000001 5.43631542e-05 0.130593881 173.680634 0 274.844 0 680
1.02785712 0.100000001 3.03468153e-05 0.131105408 174.012878 0 274.844 0 680
1.02798886 0.100000001 1.34141908e-05 0.13127993 187.642136 0 274.844 0 680
1.02806722 0.100000001 3.34260658e-06 0.131685257 272.283569 0 274.844 0 680

ZONE T="SLICE_Y_0p75_BINS01_KS_1p0mm_CUTDATA"
1.21069917 0.749999999 0 0.130382732 523.916138 0 274.844 0 680
1.21067833 0.749999999 -2.67896125e-06 0.131574765 306.009766 0 274.844 0 680
1.21061552 0.749999999 -1.07509204e-05 0.131084695 208.098572 0 274.844 0 680
1.21050994 0.749999999 -2.43217203e-05 0.131138951 192.842468 0 274.844 0 680
1.21036018 0.749999999 -4.35698249e-05 0.130795568 192.103256 0 274.844 0 680
1.21016427 0.749999999 -6.87494199e-05 0.130141407 192.426727 0 274.844 0 680
1.20991957 0.749999999 -0.000100194772 0.129481822 193.679733 0 274.844 0 680
1.2096228 0.749999999 -0.000138325848 0.128662422 194.691818 0 274.844 0 680
1.20926991 0.749999999 -0.000183655182 0.12778908 195.886688 0 274.844 0 680
1.20885601 0.749999999 -0.000236795919 0.126767203 196.972092 0 274.844 0 680
1.20837532 0.749999999 -0.000298470891 0.125669628 198.094635 0 274.844 0 680
1.207821 0.749999999 -0.000369522449 0.124436505 199.220642 0 274.844 0 680
1.20718506 0.749999999 -0.000450922552 0.123098396 200.365723 0 274.844 0 680
1.20645816 0.749999999 -0.000543782264 0.121621363 201.540756 0 274.844 0 680
1.20562947 0.749999999 -0.000649370443 0.120012797 202.740479 0 274.844 0 680
1.20468642 0.749999999 -0.000769173127 0.118247285 203.974228 0 274.844 0 680
1.20361449 0.749999999 -0.000904908034 0.116319217 205.257538 0 274.844 0 680
1.20239691 0.749999999 -0.00105854684 0.114206493 206.594864 0 274.844 0 680
1.20101434 0.749999999 -0.00123235087 0.111893885 207.964508 0 274.844 0 680
1.19944452 0.749999999 -0.00142891325 0.10935805 209.389496 0 274.844 0 680
1.19766187 0.749999999 -0.00165120927 0.106578581 210.888931 0 274.844 0 680
1.19563701 0.749999999 -0.0019026581 0.103524655 212.444763 0 274.844 0 680
1.19333632 0.749999999 -0.00218720018 0.100167871 214.065262 0 274.844 0 680
1.19072136 0.749999999 -0.00250939714 0.0964699313 215.759949 0 274.844 0 680
1.18774833 0.749999999 -0.00287456516 0.0923840031 217.584717 0 274.844 0 680
1.18436748 0.749999999 -0.00328895758 0.0878489763 219.565002 0 274.844 0 680
1.18052251 0.749999999 -0.00376002188 0.0827846304 221.700058 0 274.844 0 680
1.17615004 0.749999999 -0.00429676756 0.0770573914 223.99115 0 274.844 0 680
1.17117915 0.749999999 -0.00491013914 0.0705425665 226.550735 0 274.844 0 680
1.16553099 0.749999999 -0.0056097353 0.0631972849 229.043533 0 274.844 0 680
1.15911873 0.749999999 -0.00640221872 0.0550027117 231.855011 0 274.844 0 680
1.15184769 0.749999999 -0.00729615056 0.0459635966 235.397797 0 274.844 0 680
1.14361603 0.749999999 -0.00829881937 0.0361240953 238.829559 0 274.844 0 680
1.13431589 0.749999999 -0.0094153085 0.0255409442 241.834183 0 274.844 0 680
1.1238354 0.749999999 -0.0106489074 0.014324409 245.056244 0 274.844 0 680
1.11206147 0.749999999 -0.0120003198 0.0026744022 248.933578 0 274.844 0 680
1.09888369 0.749999999 -0.0134678535 -0.00917265844 253.343704 0 274.844 0 680
1.0841993 0.749999999 -0.0150478979 -0.0210164618 258.011658 0 274.844 0 680
1.06791931 0.749999999 -0.0167357022 -0.0327384695 262.587555 0 274.844 0 680
1.04997569 0.749999999 -0.0185256462 -0.0443754308 266.874359 0 274.844 0 680
1.03032918 0.749999999 -0.0204118525 -0.0561439693 270.904419 0 274.844 0 680
1.00897739 0.749999999 -0.0223860743 -0.0683877692 274.928894 0 274.844 0 680
0.985962366 0.749999999 -0.0244341486 -0.0814901963 279.468262 0 274.844 0 680
0.961376727 0.749999999 -0.0265311827 -0.095719859 285.027344 0 274.844 0 680
0.935367466 0.749999999 -0.0286359937 -0.111054398 291.767365 0 274.844 0 680
0.90813637 0.749999999 -0.0306886789 -0.127054751 299.758911 0 274.844 0 680
0.879936452 0.749999999 -0.0326126803 -0.142757088 309.096924 0 274.844 0 680
0.851064093 0.749999999 -0.0343236104 -0.15691857 319.390625 0 274.844 0 680
0.821847208 0.749999999 -0.0357424901 -0.168012187 329.707123 0 274.844 0 680
0.792630324 0.749999999 -0.0368108539 -0.175331488 339.368622 0 274.844 0 680
0.763757965 0.749999999 -0.0374999959 -0.178120404 347.799805 0 274.844 0 680
0.735558046 0.749999999 -0.0378160531 -0.176374123 354.894623 0 274.844 0 680
0.70832695 0.749999999 -0.0377919151 -0.17179054 361.070984 0 274.844 0 680
0.682317689 0.749999999 -0.0374795126 -0.165231958 366.598511 0 274.844 0 680
0.65773205 0.749999999 -0.0369362005 -0.15753819 372.119202 0 274.844 0 680
0.634717021 0.749999999 -0.0362162874 -0.149683192 378.163513 0 274.844 0 680
0.613365233 0.749999999 -0.0353649013 -0.142089248 384.938019 0 274.844 0 680
0.593718725 0.749999999 -0.0344175308 -0.134922937 392.539032 0 274.844 0 680
0.575775106 0.749999999 -0.0334010515 -0.128039807 400.809875 0 274.844 0 680
0.559495121 0.749999999 -0.0323366314 -0.121220797 409.566132 0 274.844 0 680
0.544810726 0.749999999 -0.0312423576 -0.114227809 418.811676 0 274.844 0 680
0.531632947 0.749999999 -0.0301342018 -0.106876813 428.617371 0 274.844 0 680
0.519859021 0.749999999 -0.0290274825 -0.0991518646 438.938629 0 274.844 0 680
0.50937853 0.749999999 -0.0279364469 -0.091203399 449.486816 0 274.844 0 680
0.50007839 0.749999999 -0.0268736806 -0.0833113715 459.537109 0 274.844 0 680
0.491846722 0.749999999 -0.0258505711 -0.0762776807 468.76593 0 273.15 0.719912469 680
0.484575686 0.749999999 -0.0248754267 -0.0704863816 476.86734 0 273.15 0.704641759 680
0.478163424 0.749999999 -0.023954259 -0.0677427128 485.596466 0 273.15 0.362884402 680
0.472515268 0.749999999 -0.0230952321 -0.0710861683 498.864349 0.00731724501 273.15 0.237938911 680
0.467544373 0.749999999 -0.0222923622 -0.080761537 517.817871 0.0185860153 273.15 0.176207542 680
0.463171907 0.749999999 -0.0215249645 -0.0945746005 543.491089 0.0367153622 273.15 0.140821412 680
0.459326936 0.749999999 -0.0207588569 -0.107131191 577.678711 0.0640144572 273.15 0.119455956 680
0.455946082 0.749999999 -0.0199685437 -0.111583166 617.251587 0.099604927 273.15 0.105827354 680
0.452973053 0.749999999 -0.0191410628 -0.102692641 657.834229 0.141264901 273.15 0.096540831 680
0.450358096 0.749999999 -0.0182739806 -0.0788527653 696.103333 0.186401591 273.15 0.0898640901 680
0.448057406 0.749999999 -0.0173717396 -0.0395541228 728.116211 0.2326947 273.15 0.0846984684 680
0.44603255 0.749999999 -0.0164425497 0.0144002847 752.727905 0.278299868 273.15 0.0805828646 680
0.444249894 0.749999999 -0.0154957349 0.0791955143 769.922241 0.321699619 273.15 0.0773063079 680
0.442680075 0.749999999 -0.0145420489 0.150538176 781.52771 0.361851454 273.15 0.0748305917 680
0.441297505 0.749999999 -0.0135912786 0.224681318 785.292114 0.398869127 273.15 0.0728872791 680
0.440079924 0.749999999 -0.0126485912 0.297604144 767.670959 0.432809442 273.15 0.0702920407 680
0.439007996 0.749999999 -0.0117198201 0.367486715 738.50769 0.463268101 273.15 0.0679590032 680
0.438064948 0.749999999 -0.0108105062 0.434291214 724.017639 0.490675896 273.15 0.0678295344 680
0.437236255 0.749999999 -0.00992227259 0.496195734 719.511414 0.515636981 273.15 0.069578439 680
0.436509355 0.749999999 -0.00905554412 0.552179396 710.791077 0.538233936 273.15 0.0722747892 680
0.435873412 0.749999999 -0.00821065318 0.60161531 697.23761 0.558481455 273.15 0.0761585459 680
0.435319095 0.749999999 -0.00738765557 0.644487441 683.580627 0.576475859 273.15 0.0821515545 680
0.434838405 0.749999999 -0.00658601023 0.680519342 672.034668 0.59247148 273.15 0.0915806815 680
0.434424511 0.749999999 -0.00580226926 0.709854782 662.044983 0.606519878 273.15 0.106529512 680
0.434071615 0.749999999 -0.00503435894 0.731686413 655.292542 0.618180573 273.15 0.131253824 680
0.433774845 0.749999999 -0.00428782076 0.74651289 653.17627 0.628087223 273.15 0.17877686 680
0.433530151 0.749999999 -0.00354316986 0.754256964 657.255981 0.635896564 273.15 0.280341417 680
0.433334234 0.749999999 -0.00284143098 0.753785491 661.806824 0.638346136 273.15 0.271069914 680
0.433184476 0.749999999 -0.00207971364 0.74568063 665.053589 0.63713032 273.15 0.165040448 680
0.433078892 0.749999999 -0.00146339258 0.727871656 677.101379 0.64407599 273.15 0.132413834 680
0.433016091 0.749999999 -0.000478377422 0.709624648 702.270508 0.656446338 273.15 0.0992234573 680
0.432995248 0.749999999 0 0.673242867 729.550354 0.6532166 273.15 0.0613837279 680
0.433016091 0.749999999 0.000478377422 0.645855725 743.463562 0.642997086 273.15 0.077754885 680
0.433078892 0.749999999 0.00146339258 0.604375362 769.116638 0.631926 273.15 0.0751951337 680
0.433184476 0.749999999 0.00207971364 0.538665414 787.265198 0.620169282 273.15 0.0607366674 680
0.433334234 0.749999999 0.00284143098 0.489977837 807.993713 0.607431233 273.15 0.0600454621 680
0.433530151 0.749999999 0.00354316986 0.42297563 834.684998 0.590945184 273.15 0.0570067987 680
0.433774845 0.749999999 0.00428782076 0.360087365 853.414185 0.574408174 273.15 0.0563534237 680
0.434071615 0.749999999 0.00503435894 0.285556078 875.972534 0.554892898 273.15 0.0558789112 680
0.434424511 0.749999999 0.00580226926 0.210004628 894.352051 0.534223199 273.15 0.0561771095 680
0.434838405 0.749999999 0.00658601023 0.127982438 912.340393 0.51113379 273.15 0.0569369346 680
0.435319095 0.749999999 0.00738765557 0.043624986 927.163757 0.486360133 273.15 0.0582632236 680
0.435873412 0.749999999 0.00821065318 -0.044322785 941.729126 0.459913522 273.15 0.0603119619 680
0.436509355 0.749999999 0.00905554412 -0.135887623 953.441772 0.431173593 273.15 0.0629274249 680
0.437236255 0.749999999 0.00992227259 -0.231148019 955.69989 0.400071502 273.15 0.0657067522 680
0.438064948 0.749999999 0.0108105062 -0.328164041 949.585999 0.366546869 273.15 0.0688425303 680
0.439007996 0.749999999 0.0117198201 -0.424405366 955.964233 0.330402374 273.15 0.0739140436 680
0.440079924 0.749999999 0.0126485912 -0.5169186 982.062927 0.291222125 273.15 0.0819989592 680
0.441297505 0.749999999 0.0135912786 -0.606927454 991.134888 0.247590721 273.15 0.0911849663 680
0.442680075 0.749999999 0.0145420489 -0.690915704 969.806885 0.200657189 273.15 0.100709483 680
0.444249894 0.749999999 0.0154957349 -0.761033893 936.686646 0.151015431 273.15 0.11253985 680
0.44603255 0.749999999 0.0164425497 -0.812615335 895.440063 0.0979316831 273.15 0.128527984 680
0.448057406 0.749999999 0.0173717396 -0.840743124 845.752136 0.0414300486 273.15 0.151926354 680
0.450358096 0.749999999 0.0182739806 -0.842812061 788.585815 0 273.15 0.189040899 680
0.452973053 0.749999999 0.0191410628 -0.818456829 726.562073 0 273.15 0.24861744 680
0.455946082 0.749999999 0.0199685437 -0.7737391 665.019897 0 273.15 0.358431309 680
0.459326936 0.749999999 0.0207588569 -0.715724945 608.983154 0 273.15 0.63507241 680
0.463171907 0.749999999 0.0215249645 -0.651228726 564.475708 0 273.15 0.799250603 680
0.467544373 0.749999999 0.0222923622 -0.589638829 533.472961 0 274.844 0 680
0.472515268 0.749999999 0.0230952321 -0.538134038 512.973206 0 274.844 0 680
0.478163424 0.749999999 0.023954259 -0.498148143 500.919373 0 274.844 0 680
0.484575686 0.749999999 0.0248754267 -0.46766448 493.999817 0 274.844 0 680
0.491846722 0.749999999 0.0258505711 -0.443858117 487.643005 0 274.844 0 680
0.50007839 0.749999999 0.0268736806 -0.424328834 479.897064 0 274.844 0 680
0.50937853 0.749999999 0.0279364469 -0.407723546 470.620789 0 274.844 0 680
0.519859021 0.749999999 0.0290274825 -0.392979562 460.241669 0 274.844 0 680
0.531632947 0.749999999 0.0301342018 -0.379484147 449.531067 0 274.844 0 680
0.544810726 0.749999999 0.0312423576 -0.366925538 438.866821 0 274.844 0 680
0.559495121 0.749999999 0.0323366314 -0.355190933 428.404785 0 274.844 0 680
0.575775106 0.749999999 0.0334010515 -0.344386846 418.240051 0 274.844 0 680
0.593718725 0.749999999 0.0344175308 -0.334698319 408.416779 0 274.844 0 680
0.613365233 0.749999999 0.0353649013 -0.326283097 399.110596 0 274.844 0 680
0.634717021 0.749999999 0.0362162874 -0.319186926 390.580688 0 274.844 0 680
0.65773205 0.749999999 0.0369362005 -0.313175708 382.828583 0 274.844 0 680
0.682317689 0.749999999 0.0374795126 -0.307671249 375.617035 0 274.844 0 680
0.70832695 0.749999999 0.0377919151 -0.301729083 368.442291 0 274.844 0 680
0.735558046 0.749999999 0.0378160531 -0.294148684 360.613403 0 274.844 0 680
0.763757965 0.749999999 0.0374999959 -0.283727199 351.636444 0 274.844 0 680
0.792630324 0.749999999 0.0368108539 -0.269673705 341.423981 0 274.844 0 680
0.821847208 0.749999999 0.0357424901 -0.251796603 330.177521 0 274.844 0 680
0.851064093 0.749999999 0.0343236104 -0.230602041 318.309753 0 274.844 0 680
0.879936452 0.749999999 0.0326126803 -0.207220942 306.592896 0 274.844 0 680
0.90813637 0.749999999 0.0306886789 -0.183048576 295.897034 0 274.844 0 680
0.935367466 0.749999999 0.0286359937 -0.159379482 286.586456 0 274.844 0 680
0.961376727 0.749999999 0.0265311827 -0.137067422 278.640198 0 274.844 0 680
0.985962366 0.749999999 0.0244341486 -0.116472699 272.023468 0 274.844 0 680
1.00897739 0.749999999 0.0223860743 -0.097539112 266.471588 0 274.844 0 680
1.03032918 0.749999999 0.0204118525 -0.0799568444 261.404572 0 274.844 0 680
1.04997569 0.749999999 0.0185256462 -0.0633448809 256.308685 0 274.844 0 680
1.06791931 0.749999999 0.0167357022 -0.047382392 251.017868 0 274.844 0 680
1.0841993 0.749999999 0.0150478979 -0.0318904445 245.535004 0 274.844 0 680
1.09888369 0.749999999 0.0134678535 -0.016848864 240.056381 0 274.844 0 680
1.11206147 0.749999999 0.0120003198 -0.00236416818 234.921677 0 274.844 0 680
1.1238354 0.749999999 0.0106489074 0.0113899037 230.40094 0 274.844 0 680
1.13431589 0.749999999 0.0094153085 0.0242337231 226.6129 0 274.844 0 680
1.14361603 0.749999999 0.00829881937 0.0360420793 223.098587 0 274.844 0 680
1.15184769 0.749999999 0.00729615056 0.0467815734 219.220871 0 274.844 0 680
1.15911873 0.749999999 0.00640221872 0.0564592518 215.32309 0 274.844 0 680
1.16553099 0.749999999 0.0056097353 0.065094009 212.197586 0 274.844 0 680
1.17117915 0.749999999 0.00491013914 0.0727355182 209.479568 0 274.844 0 680
1.17615004 0.749999999 0.00429676756 0.0794531107 206.770096 0 274.844 0 680
1.18052251 0.749999999 0.00376002188 0.0853282586 204.325256 0 274.844 0 680
1.18436748 0.749999999 0.00328895758 0.0904881358 202.087891 0 274.844 0 680
1.18774833 0.749999999 0.00287456516 0.0950587466 200.039749 0 274.844 0 680
1.19072136 0.749999999 0.00250939714 0.0991268978 198.15715 0 274.844 0 680
1.19333632 0.749999999 0.00218720018 0.102762163 196.408279 0 274.844 0 680
1.19563701 0.749999999 0.0019026581 0.106019996 196.408279 0 274.844 0 680
1.19766187 0.749999999 0.00165120927 0.108947299 194.742889 0 274.844 0 680
1.19944452 0.749999999 0.00142891325 0.111580774 193.145096 0 274.844 0 680
1.20101434 0.749999999 0.00123235087 0.113956824 191.601135 0 274.844 0 680
1.20239691 0.749999999 0.00105854684 0.116101079 190.131302 0 274.844 0 680
1.20361449 0.749999999 0.000904908034 0.118041754 188.721909 0 274.844 0 680
1.20468642 0.749999999 0.000769173127 0.119796686 187.341736 0 274.844 0 680
1.20562947 0.749999999 0.000649370443 0.121390857 186.006226 0 274.844 0 680
1.20645816 0.749999999 0.000543782264 0.122832268 184.706589 0 274.844 0 680
1.20718506 0.749999999 0.000450922552 0.124146998 183.427765 0 274.844 0 680
1.207821 0.749999999 0.000369522449 0.125331119 182.156204 0 274.844 0 680
1.20837532 0.749999999 0.000298470891 0.126416355 180.896393 0 274.844 0 680
1.20885601 0.749999999 0.000236795919 0.127380103 179.630249 0 274.844 0 680
1.20926991 0.749999999 0.000183655182 0.12827076 178.341156 0 274.844 0 680
1.2096228 0.749999999 0.000138325848 0.129037917 177.029724 0 274.844 0 680
1.20991957 0.749999999 0.000100194772 0.129742831 175.623535 0 274.844 0 680
1.21016427 0.749999999 6.87494199e-05 0.130328625 174.379822 0 274.844 0 680
1.21036018 0.749999999 4.35698249e-05 0.130845234 172.93956 0 274.844 0 680
1.21050994 0.749999999 2.43217203e-05 0.131177709 172.549164 0 274.844 0 680
1.21061552 0.749999999 1.07509204e-05 0.13113144 174.741547 0 274.844 0 680
1.21067833 0.749999999 2.67896125e-06 0.131348059 193.117981 0 274.844 0 680
1.21067833 0.749999999 2.67896125e-06 0.131348059 297.188385 0 274.844 0 680

ZONE T="SLICE_Y_1p40_BINS01_KS_1p0mm_CUTDATA"
1.39330511 1.39999998 0 0.122049183 597.965576 0 274.844 0 680
1.39328943 1.39999998 -2.01531594e-06 0.122741126 335.480865 0 274.844 0 680
1.39324218 1.39999998 -8.08765014e-06 0.12274874 225.562302 0 274.844 0 680
1.39316276 1.39999998 -1.82966255e-05 0.122934073 209.7603 0 274.844 0 680
1.3930501 1.39999998 -3.27764961e-05 0.122652836 207.329102 0 274.844 0 680
1.39290271 1.39999998 -5.17184793e-05 0.122192964 207.054886 0 274.844 0 680
1.39271864 1.39999998 -7.53740356e-05 0.12161079 207.9104 0 274.844 0 680
1.39249538 1.39999998 -0.000104059096 0.120855637 208.926559 0 274.844 0 680
1.39222991 1.39999998 -0.000138159228 0.120035246 210.165863 0 274.844 0 680
1.39191855 1.39999998 -0.000178135683 0.119086824 211.37236 0 274.844 0 680
1.39155693 1.39999998 -0.00022453223 0.118057512 212.64325 0 274.844 0 680
1.39113994 1.39999998 -0.000277982551 0.116904154 213.907608 0 274.844 0 680
1.39066153 1.39999998 -0.000339217825 0.115653619 215.192825 0 274.844 0 680
1.3901147 1.39999998 -0.000409073878 0.114270583 216.490936 0 274.844 0 680
1.3894913 1.39999998 -0.00048850524 0.112766854 217.81871 0 274.844 0 680
1.38878187 1.39999998 -0.00057862982 0.111113928 219.175674 0 274.844 0 680
1.38797548 1.39999998 -0.000680739816 0.109310493 220.572723 0 274.844 0 680
1.38705953 1.39999998 -0.000796318467 0.107331574 222.015717 0 274.844 0 680
1.38601945 1.39999998 -0.000927066921 0.10516689 223.510925 0 274.844 0 680
1.38483852 1.39999998 -0.00107493591 0.102791876 225.06427 0 274.844 0 680
1.38349747 1.39999998 -0.00124216368 0.100188851 226.679916 0 274.844 0 680
1.38197422 1.39999998 -0.00143132239 0.0973306224 228.362 0 274.844 0 680
1.38024347 1.39999998 -0.00164537631 0.0941914022 230.112274 0 274.844 0 680
1.3782763 1.39999998 -0.00188775708 0.0907367095 231.931519 0 274.844 0 680
1.37603977 1.39999998 -0.0021624639 0.0869267434 233.817551 0 274.844 0 680
1.37349643 1.39999998 -0.00247420102 0.0827089176 235.781067 0 274.844 0 680
1.37060396 1.39999998 -0.00282857098 0.0780137405 237.683258 0 274.844 0 680
1.36731466 1.39999998 -0.00323235141 0.0727081597 239.692169 0 274.844 0 680
1.36357518 1.39999998 -0.0036937756 0.0666753277 242.404755 0 274.844 0 680
1.35932621 1.39999998 -0.0042200644 0.0599075519 245.605698 0 274.844 0 680
1.35450243 1.39999998 -0.00481622997 0.0524229035 248.925385 0 274.844 0 680
1.34903261 1.39999998 -0.00548871267 0.0442221425 252.421219 0 274.844 0 680
1.34284013 1.39999998 -0.00624299548 0.0353416689 256.055878 0 274.844 0 680
1.33584386 1.39999998 -0.0070829025 0.0258673169 259.623657 0 274.844 0 680
1.32795965 1.39999998 -0.00801090826 0.0159314945 263.121735 0 274.844 0 680
1.31910242 1.39999998 -0.00902754224 0.00570356287 266.839203 0 274.844 0 680
1.3091891 1.39999998 -0.0101315314 -0.0046151788 270.92627 0 274.844 0 680
1.2981424 1.39999998 -0.0113201595 -0.0148491058 275.341766 0 274.844 0 680
1.28589537 1.39999998 -0.0125898527 -0.0249154605 279.840973 0 274.844 0 680
1.27239683 1.39999998 -0.0139363831 -0.0348839834 284.348511 0 274.844 0 680
1.25761725 1.39999998 -0.0153553291 -0.0449958667 288.985657 0 274.844 0 680
1.24155483 1.39999998 -0.0168404871 -0.0556154698 293.92392 0 274.844 0 680
1.2242412 1.39999998 -0.0183812025 -0.067140542 299.537262 0 274.844 0 680
1.20574603 1.39999998 -0.0199587491 -0.0798777863 306.001129 0 274.844 0 680
1.18617991 1.39999998 -0.0215421461 -0.093882218 313.122589 0 274.844 0 680
1.16569464 1.39999998 -0.0230863301 -0.108842812 320.51825 0 274.844 0 680
1.14448054 1.39999998 -0.0245337085 -0.124061391 328.205994 0 274.844 0 680
1.12276058 1.39999998 -0.0258207987 -0.138449192 336.519562 0 274.844 0 680
1.10078145 1.39999998 -0.0268881867 -0.150824755 345.379456 0 274.844 0 680
1.07880231 1.39999998 -0.0276918902 -0.160186753 354.39386 0 274.844 0 680
1.05708235 1.39999998 -0.0282103146 -0.16615802 363.25885 0 274.844 0 680
1.03586825 1.39999998 -0.0284480766 -0.168863758 371.722717 0 274.844 0 680
1.01538298 1.39999998 -0.0284299182 -0.168900043 379.771545 0 274.844 0 680
0.995816857 1.39999998 -0.0281949055 -0.167395905 387.614868 0 274.844 0 680
0.977321692 1.39999998 -0.0277861853 -0.165272057 395.40567 0 274.844 0 680
0.960008059 1.39999998 -0.0272446126 -0.163127571 403.487976 0 274.844 0 680
0.943945639 1.39999998 -0.026604136 -0.161281452 412.154846 0 274.844 0 680
0.92916606 1.39999998 -0.0258914527 -0.159720629 421.509613 0 274.844 0 680
0.915667521 1.39999998 -0.0251267806 -0.158176005 431.584595 0 274.844 0 680
0.903420493 1.39999998 -0.0243260438 -0.1562704 442.330719 0 274.844 0 680
0.892373788 1.39999998 -0.0235028488 -0.153626516 453.595123 0 274.844 0 680
0.882460472 1.39999998 -0.0226692108 -0.149984151 465.082916 0 274.844 0 680
0.873603241 1.39999998 -0.0218366534 -0.145319641 476.522919 0 274.844 0 680
0.865719028 1.39999998 -0.0210158945 -0.139819071 487.725128 0 274.844 0 680
0.858722763 1.39999998 -0.0202164017 -0.13392733 498.566467 0.00512907701 273.15 0.471831083 680
0.852530284 1.39999998 -0.019446742 -0.128372103 509.079559 0.0149761178 273.15 0.818286002 680
0.847060465 1.39999998 -0.018713165 -0.12405479 518.862549 0.0249092337 273.15 0.410722852 680
0.842236679 1.39999998 -0.0180201935 -0.122725874 529.036133 0.034340132 273.15 0.27029857 680
0.837987712 1.39999998 -0.0173739689 -0.126571178 543.070496 0.0437289886 273.15 0.200225919 680
0.834248231 1.39999998 -0.0167699899 -0.136890799 563.334656 0.0557276383 273.15 0.159974173 680
0.830958934 1.39999998 -0.0161926956 -0.151283324 592.377686 0.0741738155 273.15 0.135673106 680
0.828066458 1.39999998 -0.0156163719 -0.163846225 631.832336 0.101415306 273.15 0.117117628 680
0.825523125 1.39999998 -0.015021839 -0.168379292 677.809937 0.136711955 273.15 0.104934119 680
0.82328659 1.39999998 -0.0143993456 -0.15958111 724.840881 0.177999958 273.15 0.0966063663 680
0.821319422 1.39999998 -0.0137470613 -0.135670841 768.053101 0.222828001 273.15 0.0905956551 680
0.819588671 1.39999998 -0.0130683278 -0.09611056 804.229065 0.268899947 273.15 0.0860347897 680
0.818065422 1.39999998 -0.0123693213 -0.0419064164 832.531006 0.314384073 273.15 0.0824989006 680
0.816724374 1.39999998 -0.0116570561 0.0233470742 851.288147 0.357762545 273.15 0.0796422064 680
0.815543439 1.39999998 -0.0109396218 0.095280908 860.720154 0.397949547 273.15 0.0773218572 680
0.814503365 1.39999998 -0.010224381 0.169965506 862.644287 0.435056835 273.15 0.0755976886 680
0.81358741 1.39999998 -0.00951522067 0.244860098 862.644287 0.435056835 273.15 0.0755976886 680
0.812781025 1.39999998 -0.00881652927 0.317406654 858.574097 0.469142526 273.15 0.0733722821 680
0.812071593 1.39999998 -0.00813247502 0.38572526 849.484192 0.499792516 273.15 0.07183671 680
0.811448188 1.39999998 -0.00746427898 0.449014783 837.063049 0.527425885 273.15 0.0711034164 680
0.810901359 1.39999998 -0.0068122607 0.506712317 823.416443 0.552622676 273.15 0.0713847131 680
0.810422955 1.39999998 -0.00617667025 0.558257043 808.456604 0.575468719 273.15 0.0727601722 680
0.810005956 1.39999998 -0.00555754961 0.603218496 792.583191 0.595983565 273.15 0.0754328445 680
0.809644345 1.39999998 -0.00495449175 0.641563952 778.093689 0.614269137 273.15 0.0799279585 680
0.809332982 1.39999998 -0.00436490291 0.672943652 764.957642 0.630591452 273.15 0.0869982988 680
0.809067508 1.39999998 -0.00378722306 0.697311223 751.700256 0.645004749 273.15 0.0978429988 680
0.809067508 1.39999998 -0.00378722306 0.697311223 741.302063 0.657049954 273.15 0.11479447 680
0.808844255 1.39999998 -0.00322562095 0.714223862 735.101624 0.667366922 273.15 0.144334227 680
0.808660178 1.39999998 -0.00266543859 0.724051416 736.02417 0.67531234 273.15 0.200837746 680
0.808512795 1.39999998 -0.00213753788 0.726537287 745.719788 0.679035842 273.15 0.23062548 680
0.808400135 1.39999998 -0.00156451687 0.721747994 751.575439 0.680216968 273.15 0.173639253 680
0.808320707 1.39999998 -0.00110087385 0.706242561 774.39032 0.686284065 273.15 0.137954265 680
0.808273463 1.39999998 -0.000359871441 0.689724863 794.951294 0.693987131 273.15 0.104537599 680
0.808257784 1.39999998 0 0.660899818 817.181213 0.689126492 273.15 0.0667252392 680
0.808273463 1.39999998 0.000359871441 0.628118694 825.534119 0.681140959 273.15 0.0819890425 680
0.808320707 1.39999998 0.00110087385 0.592025101 857.21759 0.672477126 273.15 0.0792699158 680
0.808400135 1.39999998 0.00156451687 0.533198893 894.681335 0.66248697 273.15 0.0657787025 680
0.808512795 1.39999998 0.00213753788 0.484660536 914.413757 0.651000142 273.15 0.0648482367 680
0.808660178 1.39999998 0.00266543859 0.421558529 943.508667 0.635741591 273.15 0.0617252588 680
0.808844255 1.39999998 0.00322562095 0.359002143 953.786316 0.620110035 273.15 0.0605514981 680
0.809067508 1.39999998 0.00378722306 0.287921369 972.915955 0.601488471 273.15 0.0598229021 680
0.809332982 1.39999998 0.00436490291 0.214074329 989.381836 0.581618071 273.15 0.0600021482 680
0.809644345 1.39999998 0.00495449175 0.134709507 1007.034 0.559266746 273.15 0.0607602373 680
0.810005956 1.39999998 0.00555754961 0.0523591191 1020.25842 0.535309255 273.15 0.0620617419 680
0.810422955 1.39999998 0.00617667025 -0.0336058177 1032.63269 0.50957936 273.15 0.0640938729 680
0.810901359 1.39999998 0.0068122607 -0.122955874 1044.63684 0.481701493 273.15 0.0668742508 680
0.811448188 1.39999998 0.00746427898 -0.214875713 1053.76208 0.451462686 273.15 0.0698420927 680
0.812071593 1.39999998 0.00813247502 -0.308257669 1059.2428 0.418895274 273.15 0.0733156577 680
0.812781025 1.39999998 0.00881652927 -0.40230009 1062.37329 0.383877128 273.15 0.0777349249 680
0.81358741 1.39999998 0.00951522067 -0.495770693 1060.27185 0.345652163 273.15 0.0830836445 680
0.814503365 1.39999998 0.010224381 -0.585224628 1049.32031 0.303772092 273.15 0.089356333 680
0.815543439 1.39999998 0.0109396218 -0.665546536 1029.29041 0.258629054 273.15 0.0969532952 680
0.816724374 1.39999998 0.0116570561 -0.73316884 999.572998 0.210422754 273.15 0.106331587 680
0.818065422 1.39999998 0.0123693213 -0.783264756 958.058044 0.158993393 273.15 0.118153483 680
0.819588671 1.39999998 0.0130683278 -0.811066985 905.76416 0.105590567 273.15 0.134173453 680
0.821319422 1.39999998 0.0137470613 -0.814160645 845.218872 0.0517023206 273.15 0.158157364 680
0.82328659 1.39999998 0.0143993456 -0.791929662 778.11322 0.00564242154 273.15 0.198253796 680
0.825523125 1.39999998 0.015021839 -0.74977231 710.247925 0 273.15 0.268830478 680
0.828066458 1.39999998 0.0156163719 -0.694380403 648.326172 0 273.15 0.414469063 680
0.830958934 1.39999998 0.0161926956 -0.632646739 598.433594 0 273.15 0.854165912 680
0.834248231 1.39999998 0.0167699899 -0.572973371 564.216003 0 274.832 0 680
0.837987712 1.39999998 0.0173739689 -0.521956921 542.906067 0 274.844 0 680
0.842236679 1.39999998 0.0180201935 -0.481195211 530.183838 0 274.844 0 680
0.847060465 1.39999998 0.018713165 -0.448861957 522.000732 0 274.844 0 680
0.852530284 1.39999998 0.019446742 -0.422417998 514.136902 0 274.844 0 680
0.858722763 1.39999998 0.0202164017 -0.399679571 505.125214 0 274.844 0 680
0.865719028 1.39999998 0.0210158945 -0.3793962 495.131195 0 274.844 0 680
0.873603241 1.39999998 0.0218366534 -0.360568404 484.00647 0 274.844 0 680
0.882460472 1.39999998 0.0226692108 -0.342618167 471.92688 0 274.844 0 680
0.892373788 1.39999998 0.0235028488 -0.325325042 459.266876 0 274.844 0 680
0.903420493 1.39999998 0.0243260438 -0.308735818 446.409332 0 274.844 0 680
0.915667521 1.39999998 0.0251267806 -0.293134719 433.757141 0 274.844 0 680
0.92916606 1.39999998 0.0258914527 -0.278877646 421.643524 0 274.844 0 680
0.943945639 1.39999998 0.026604136 -0.266254067 410.264008 0 274.844 0 680
0.960008059 1.39999998 0.0272446126 -0.255385488 399.626617 0 274.844 0 680
0.977321692 1.39999998 0.0277861853 -0.246084303 389.578857 0 274.844 0 680
0.995816857 1.39999998 0.0281949055 -0.237811223 379.750214 0 274.844 0 680
1.01538298 1.39999998 0.0284299182 -0.229669452 369.708984 0 274.844 0 680
1.03586825 1.39999998 0.0284480766 -0.220552757 359.275299 0 274.844 0 680
1.05708235 1.39999998 0.0282103146 -0.209372029 348.343811 0 274.844 0 680
1.07880231 1.39999998 0.0276918902 -0.19541195 336.925537 0 274.844 0 680
1.10078145 1.39999998 0.0268881867 -0.178532779 325.25592 0 274.844 0 680
1.12276058 1.39999998 0.0258207987 -0.15927884 313.624512 0 274.844 0 680
1.14448054 1.39999998 0.0245337085 -0.138743758 302.458771 0 274.844 0 680
1.16569464 1.39999998 0.0230863301 -0.118164822 292.013031 0 274.844 0 680
1.18617991 1.39999998 0.0215421461 -0.098596178 282.057526 0 274.844 0 680
1.20574603 1.39999998 0.0199587491 -0.0806650966 272.579803 0 274.844 0 680
1.2242412 1.39999998 0.0183812025 -0.0645831972 263.92337 0 274.844 0 680
1.24155483 1.39999998 0.0168404871 -0.050208468 256.30899 0 274.844 0 680
1.25761725 1.39999998 0.0153553291 -0.0371842794 249.583832 0 274.844 0 680
1.27239683 1.39999998 0.0139363831 -0.0250943284 243.381317 0 274.844 0 680
1.28589537 1.39999998 0.0125898527 -0.0135797001 237.577637 0 274.844 0 680
1.2981424 1.39999998 0.0113201595 -0.00241202698 232.075485 0 274.844 0 680
1.3091891 1.39999998 0.0101315314 0.00848512165 226.95372 0 274.844 0 680
1.31910242 1.39999998 0.00902754224 0.0190581586 222.403809 0 274.844 0 680
1.32795965 1.39999998 0.00801090826 0.0291923024 218.393463 0 274.844 0 680
1.33584386 1.39999998 0.0070829025 0.0387588553 214.795822 0 274.844 0 680
1.34284013 1.39999998 0.00624299548 0.0476607122 211.262497 0 274.844 0 680
1.34903261 1.39999998 0.00548871267 0.055845771 207.731964 0 274.844 0 680
1.35450243 1.39999998 0.00481622997 0.0632838309 204.436188 0 274.844 0 680
1.35932621 1.39999998 0.0042200644 0.0699799582 201.427887 0 274.844 0 680
1.36357518 1.39999998 0.0036937756 0.0759625509 198.670319 0 274.844 0 680
1.36731466 1.39999998 0.00323235141 0.0812518001 196.364563 0 274.844 0 680
1.37060396 1.39999998 0.00282857098 0.0858872756 194.617752 0 274.844 0 680
1.37349643 1.39999998 0.00247420102 0.0899726674 192.9879 0 274.844 0 680
1.37603977 1.39999998 0.0021624639 0.0936162993 191.352448 0 274.844 0 680
1.3782763 1.39999998 0.00188775708 0.0968831182 189.791306 0 274.844 0 680
1.38024347 1.39999998 0.00164537631 0.0998246968 188.290726 0 274.844 0 680
1.38197422 1.39999998 0.00143132239 0.102479495 186.848206 0 274.844 0 680
1.38349747 1.39999998 0.00124216368 0.104882486 185.45993 0 274.844 0 680
1.38483852 1.39999998 0.00107493591 0.10705851 184.122116 0 274.844 0 680
1.38601945 1.39999998 0.000927066921 0.109035105 182.8293 0 274.844 0 680
1.38705953 1.39999998 0.000796318467 0.11082834 181.575821 0 274.844 0 680
1.38797548 1.39999998 0.000680739816 0.112462945 180.350189 0 274.844 0 680
1.38878187 1.39999998 0.00057862982 0.113947287 179.145844 0 274.844 0 680
1.3894913 1.39999998 0.00048850524 0.115306087 177.960007 0 274.844 0 680
1.3901147 1.39999998 0.000409073878 0.116538823 176.786102 0 274.844 0 680
1.39066153 1.39999998 0.000339217825 0.117672779 175.624939 0 274.844 0 680
1.39113994 1.39999998 0.000277982551 0.1186966 174.457367 0 274.844 0 680
1.39155693 1.39999998 0.00022453223 0.119641595 173.312378 0 274.844 0 680
1.39191855 1.39999998 0.000178135683 0.120486639 172.124207 0 274.844 0 680
1.39222991 1.39999998 0.000138159228 0.12126819 170.954666 0 274.844 0 680
1.39249538 1.39999998 0.000104059096 0.121939957 169.754852 0 274.844 0 680
1.39271864 1.39999998 7.53740356e-05 0.122560643 168.800827 0 274.844 0 680
1.39290271 1.39999998 5.17184793e-05 0.123044446 168.076614 0 274.844 0 680
1.3930501 1.39999998 3.27764961e-05 0.123389825 168.832687 0 274.844 0 680
1.39316276 1.39999998 1.82966255e-05 0.123598121 172.962006 0 274.844 0 680
1.39324218 1.39999998 8.08765014e-06 0.123315893 192.94574 0 274.844 0 680
1.39328943 1.39999998 2.01531594e-06 0.123351544 315.645935 0 274.844 0 680

ZONE T="SLICE_Y_0p10_BINS03_KS_1p0mm_CUTDATA"
1.02809322 0.100000001 0 0.130768508 456.462067 0 274.844 0 680
1.02806722 0.100000001 -3.34260658e-06 0.131945699 276.889954 0 274.844 0 680
1.02798886 0.100000001 -1.34141908e-05 0.131309435 196.145615 0 274.844 0 680
1.02785712 0.100000001 -3.03468153e-05 0.131120518 184.53093 0 274.844 0 680
1.02767026 0.100000001 -5.43631542e-05 0.130607441 184.975082 0 274.844 0 680
1.02742581 0.100000001 -8.5780361e-05 0.129809216 185.922791 0 274.844 0 680
1.0271205 0.100000001 -0.000125015508 0.128974587 187.445343 0 274.844 0 680
1.02675021 0.100000001 -0.0001725926 0.127975434 188.649261 0 274.844 0 680
1.0263099 0.100000001 -0.000229151139 0.126898766 189.97319 0 274.844 0 680
1.02579347 0.100000001 -0.000295456158 0.125675499 191.154846 0 274.844 0 680
1.0251937 0.100000001 -0.000372409553 0.124349996 192.353073 0 274.844 0 680
1.02450207 0.100000001 -0.000461062349 0.122875772 193.537781 0 274.844 0 680
1.02370858 0.100000001 -0.000562627282 0.121271811 194.741806 0 274.844 0 680
1.02280161 0.100000001 -0.000678490655 0.119506262 195.970444 0 274.844 0 680
1.02176763 0.100000001 -0.000810235652 0.117584288 197.226013 0 274.844 0 680
1.02059097 0.100000001 -0.000959716441 0.115476631 198.510086 0 274.844 0 680
1.0192535 0.100000001 -0.00112907626 0.113177486 199.824615 0 274.844 0 680
1.01773429 0.100000001 -0.00132077521 0.110658281 201.180496 0 274.844 0 680
1.01600922 0.100000001 -0.00153763483 0.107904986 202.587234 0 274.844 0 680
1.01405052 0.100000001 -0.0017828906 0.104888164 204.050842 0 274.844 0 680
1.01182626 0.100000001 -0.00206025487 0.101585843 205.575531 0 274.844 0 680
1.00929979 0.100000001 -0.00237399384 0.0979657099 207.165176 0 274.844 0 680
1.00642917 0.100000001 -0.00272902406 0.0939963087 208.823425 0 274.844 0 680
1.00316642 0.100000001 -0.00313103723 0.0896369368 210.555817 0 274.844 0 680
0.999456897 0.100000001 -0.00358666644 0.0848408714 212.364685 0 274.844 0 680
0.995238522 0.100000001 -0.00410371417 0.0795430019 214.228699 0 274.844 0 680
0.990441055 0.100000001 -0.00469147282 0.0736543387 216.116302 0 274.844 0 680
0.984985421 0.100000001 -0.00536118375 0.0670329407 218.165527 0 274.844 0 680
0.978783112 0.100000001 -0.00612650272 0.0595152043 220.625992 0 274.844 0 680
0.971735767 0.100000001 -0.00699940625 0.0510850288 223.47879 0 274.844 0 680
0.963735028 0.100000001 -0.00798820752 0.041806031 226.201401 0 274.844 0 680
0.954662776 0.100000001 -0.00910358851 0.0316538438 228.189575 0 274.844 0 680
0.944391919 0.100000001 -0.0103546433 0.0206487309 230.224136 0 274.844 0 680
0.932787903 0.100000001 -0.0117477146 0.00890569855 234.099182 0 274.844 0 680
0.919711133 0.100000001 -0.0132869066 -0.00333318114 238.604904 0 274.844 0 680
0.905020514 0.100000001 -0.0149730975 -0.0157943889 242.766815 0 274.844 0 680
0.88857827 0.100000001 -0.0168041758 -0.0282161571 247.138931 0 274.844 0 680
0.870256186 0.100000001 -0.0187756365 -0.040368434 251.457474 0 274.844 0 680
0.849943243 0.100000001 -0.0208815518 -0.0521274544 255.616196 0 274.844 0 680
0.827554543 0.100000001 -0.0231149096 -0.0635254085 259.568115 0 274.844 0 680
0.803041106 0.100000001 -0.025468376 -0.0747837871 263.300568 0 274.844 0 680
0.77639995 0.100000001 -0.0279316616 -0.0862529352 266.948639 0 274.844 0 680
0.747683526 0.100000001 -0.0304870948 -0.0983155966 270.88443 0 274.844 0 680
0.717007413 0.100000001 -0.0331036165 -0.111212075 275.633575 0 274.844 0 680
0.684555011 0.100000001 -0.0357298415 -0.124844231 281.513763 0 274.844 0 680
0.650578095 0.100000001 -0.0382910279 -0.138663441 288.606384 0 274.844 0 680
0.615392355 0.100000001 -0.0406916522 -0.151603386 296.988617 0 274.844 0 680
0.579367595 0.100000001 -0.0428264223 -0.162271053 306.156616 0 274.844 0 680
0.542912962 0.100000001 -0.0445967938 -0.169390008 315.053436 0 274.844 0 680
0.506458328 0.100000001 -0.0459298179 -0.172038272 322.499725 0 274.844 0 680
0.470433568 0.100000001 -0.0467896775 -0.169978648 328.986603 0 274.844 0 680
0.435247828 0.100000001 -0.04718403 -0.163954049 335.119659 0 274.844 0 680
0.401270912 0.100000001 -0.0471539124 -0.155040517 340.294647 0 274.844 0 680
0.36881851 0.100000001 -0.04676412 -0.144431621 344.834412 0 274.844 0 680
0.338142397 0.100000001 -0.0460862159 -0.133340955 349.369598 0 274.844 0 680
0.309425974 0.100000001 -0.0451879625 -0.122558802 354.451019 0 274.844 0 680
0.282784817 0.100000001 -0.0441256669 -0.112517394 360.451904 0 274.844 0 680
0.25827138 0.100000001 -0.0429436091 -0.103279777 367.226532 0 274.844 0 680
0.23588268 0.100000001 -0.0416753227 -0.0946836248 374.580811 0 274.844 0 680
0.215569738 0.100000001 -0.0403472192 -0.0864862949 382.613831 0 274.844 0 680
0.197247653 0.100000001 -0.0389818665 -0.0784343407 391.324829 0 274.844 0 680
0.18080541 0.100000001 -0.0375991931 -0.0703424215 400.574371 0 274.844 0 680
0.16611479 0.100000001 -0.0362183119 -0.0621949621 410.084595 0 274.844 0 680
0.153038021 0.100000001 -0.0348569996 -0.054119736 419.312012 0 274.844 0 680
0.141434004 0.100000001 -0.0335309596 -0.0464119837 427.736298 0 274.844 0 680
0.131163147 0.100000001 -0.0322544005 -0.0396431983 435.489899 0.00025774102 274.743 0 680
0.122090895 0.100000001 -0.0310376885 -0.0344641246 442.705566 0.00177032384 273.15 0.836051643 680
0.114090156 0.100000001 -0.0298883246 -0.0329542533 449.388611 0.00327058602 273.15 0.484239072 680
0.107042812 0.100000001 -0.0288164955 -0.0378278233 459.17041 0.00477681635 273.15 0.28992027 680
0.100840502 0.100000001 -0.0278147348 -0.0497421026 476.792999 0.00673119072 273.15 0.204134911 680
0.095384868 0.100000001 -0.0268572335 -0.0660027266 501.676422 0.00978415273 273.15 0.156652182 680
0.0905874016 0.100000001 -0.025901342 -0.0810048953 533.227783 0.0246681888 273.15 0.127604961 680
0.0863690258 0.100000001 -0.0249152486 -0.0888687596 570.136963 0.0543458909 273.15 0.109419532 680
0.0826595046 0.100000001 -0.0238827801 -0.0839875937 608.515259 0.0896858051 273.15 0.0973330587 680
0.0793967571 0.100000001 -0.0228009001 -0.0633432195 646.99646 0.129752949 273.15 0.0888959542 680
0.0765261296 0.100000001 -0.0216751515 -0.0273199081 674.817139 0.176847443 273.15 0.0819859803 680
0.0739996662 0.100000001 -0.0205157782 0.0206957422 682.99823 0.224147037 273.15 0.0754818246 680
0.0717754023 0.100000001 -0.0193344138 0.0818573385 695.938416 0.269120038 273.15 0.0713861883 680
0.0698166999 0.100000001 -0.0181444761 0.15207389 710.460205 0.310783356 273.15 0.0687709004 680
0.0680916329 0.100000001 -0.0169581763 0.223341167 708.248169 0.349044919 273.15 0.0659487396 680
0.0665724268 0.100000001 -0.0157819618 0.295416325 701.936584 0.384194106 273.15 0.0638899654 680
0.0652349553 0.100000001 -0.014623111 0.365523905 692.316101 0.415783077 273.15 0.0624321364 680
0.0640582914 0.100000001 -0.0134885374 0.432020694 680.361633 0.444195151 273.15 0.0616649203 680
0.06302431 0.100000001 -0.0123802663 0.494191587 667.157654 0.470166892 273.15 0.0617245398 680
0.0621173393 0.100000001 -0.0112988276 0.551512778 652.773315 0.49371922 273.15 0.0626678392 680
0.0613238562 0.100000001 -0.0102446362 0.603418529 637.648621 0.514909089 273.15 0.0646415278 680
0.060632222 0.100000001 -0.00921776159 0.649546921 622.331909 0.53386116 273.15 0.0679382458 680
0.0600324533 0.100000001 -0.00821752876 0.689583659 608.039551 0.55083847 273.15 0.0732108951 680
0.0595160266 0.100000001 -0.00723963566 0.723963499 593.279602 0.565875828 273.15 0.0812513605 680
0.0590757101 0.100000001 -0.00628149485 0.751048863 580.557312 0.578487158 273.15 0.0936233252 680
0.0587054221 0.100000001 -0.0053500206 0.772354066 568.853882 0.589245677 273.15 0.114562832 680
0.058400112 0.100000001 -0.00442090115 0.785841703 558.461426 0.597341299 273.15 0.151253447 680
0.0581556616 0.100000001 -0.0035453241 0.793431818 553.071838 0.601155937 273.15 0.241697013 680
0.057968805 0.100000001 -0.00259491044 0.794675767 550.854797 0.604889154 273.15 0.257905602 680
0.0578370652 0.100000001 -0.00182591131 0.787620127 560.980225 0.618881881 273.15 0.172279254 680
0.0577587065 0.100000001 -0.000596883407 0.77806282 583.28479 0.632035196 273.15 0.115728989 680
0.0577327005 0.100000001 0 0.754560351 603.148499 0.621854484 273.15 0.0682005435 680
0.0577587065 0.100000001 0.000596883407 0.735504389 620.65448 0.60579896 273.15 0.0826726109 680
0.0578370652 0.100000001 0.00182591131 0.704371333 644.272461 0.594513595 273.15 0.0773480609 680
0.057968805 0.100000001 0.00259491044 0.654400229 659.147217 0.58483386 273.15 0.0609573051 680
0.0581556616 0.100000001 0.0035453241 0.615736127 677.404968 0.574004769 273.15 0.0590971485 680
0.058400112 0.100000001 0.00442090115 0.561136603 701.029968 0.559656739 273.15 0.055178564 680
0.0587054221 0.100000001 0.0053500206 0.509214699 719.125854 0.544952989 273.15 0.0538357347 680
0.0590757101 0.100000001 0.00628149485 0.447006464 740.648865 0.527254283 273.15 0.0527510382 680
0.0595160266 0.100000001 0.00723963566 0.382979482 758.828186 0.508217514 273.15 0.0524756424 680
0.0600324533 0.100000001 0.00821752876 0.312764883 776.757141 0.486604631 273.15 0.0526627265 680
0.060632222 0.100000001 0.00921776159 0.239745602 791.811951 0.463203877 273.15 0.0533804707 680
0.0613238562 0.100000001 0.0102446362 0.16300483 806.010193 0.43796894 273.15 0.0547108203 680
0.0621173393 0.100000001 0.0112988276 0.08271458 818.399536 0.410301775 273.15 0.0565768853 680
0.06302431 0.100000001 0.0123802663 -0.000385317457 828.606323 0.380199134 273.15 0.0589968897 680
0.0640582914 0.100000001 0.0134885374 -0.0857444927 836.683899 0.347499609 273.15 0.0620786659 680
0.0652349553 0.100000001 0.014623111 -0.172836825 843.054565 0.311984867 273.15 0.0660713762 680
0.0665724268 0.100000001 0.0157819618 -0.260799944 846.280212 0.273210794 273.15 0.0710531548 680
0.0680916329 0.100000001 0.0169581763 -0.346690565 844.15155 0.230210096 273.15 0.0772060379 680
0.0698166999 0.100000001 0.0181444761 -0.424976736 835.248779 0.18368721 273.15 0.0848997906 680
0.0717754023 0.100000001 0.0193344138 -0.495791018 804.303406 0.137136891 273.15 0.0932133347 680
0.0739996662 0.100000001 0.0205157782 -0.548478961 775.556946 0.0930406675 273.15 0.105138674 680
0.0765261296 0.100000001 0.0216751515 -0.578911543 754.740295 0.0474953502 273.15 0.12390966 680
0.0793967571 0.100000001 0.0228009001 -0.591371298 713.208069 0.0135716805 273.15 0.149239928 680
0.0826595046 0.100000001 0.0238827801 -0.581959486 660.838074 0.00423135376 273.15 0.185691267 680
0.0863690258 0.100000001 0.0249152486 -0.552869499 609.357178 0 273.15 0.2453361 680
0.0905874016 0.100000001 0.025901342 -0.510845542 561.503967 0 273.15 0.360407114 680
0.095384868 0.100000001 0.0268572335 -0.463051617 522.376587 0 273.15 0.646062791 680
0.100840502 0.100000001 0.0278147348 -0.416582227 493.420013 0 273.962 0.44124797 680
0.107042812 0.100000001 0.0288164955 -0.378371269 474.365784 0 274.844 0 680
0.114090156 0.100000001 0.0298883246 -0.35062331 464.820526 0 274.844 0 680
0.122090895 0.100000001 0.0310376885 -0.331532985 459.161163 0 274.844 0 680
0.131163147 0.100000001 0.0322544005 -0.318209618 453.13028 0 274.844 0 680
0.141434004 0.100000001 0.0335309596 -0.308481961 446.469849 0 274.844 0 680
0.153038021 0.100000001 0.0348569996 -0.301319599 438.815491 0 274.844 0 680
0.16611479 0.100000001 0.0362183119 -0.29573229 429.896149 0 274.844 0 680
0.18080541 0.100000001 0.0375991931 -0.291088849 420.259216 0 274.844 0 680
0.197247653 0.100000001 0.0389818665 -0.287068874 410.547119 0 274.844 0 680
0.215569738 0.100000001 0.0403472192 -0.283589274 401.150177 0 274.844 0 680
0.23588268 0.100000001 0.0416753227 -0.280778587 392.300018 0 274.844 0 680
0.25827138 0.100000001 0.0429436091 -0.278870374 384.037689 0 274.844 0 680
0.282784817 0.100000001 0.0441256669 -0.278102875 376.293457 0 274.844 0 680
0.309425974 0.100000001 0.0451879625 -0.278576642 369.238739 0 274.844 0 680
0.338142397 0.100000001 0.0460862159 -0.280124009 363.055054 0 274.844 0 680
0.36881851 0.100000001 0.04676412 -0.282278687 357.435974 0 274.844 0 680
0.401270912 0.100000001 0.0471539124 -0.28413561 351.819427 0 274.844 0 680
0.435247828 0.100000001 0.04718403 -0.284407079 345.527954 0 274.844 0 680
0.470433568 0.100000001 0.0467896775 -0.28162244 338.193756 0 274.844 0 680
0.506458328 0.100000001 0.0459298179 -0.274593532 330.394379 0 274.844 0 680
0.542912962 0.100000001 0.0445967938 -0.263113499 321.702789 0 274.844 0 680
0.579367595 0.100000001 0.0428264223 -0.247546807 311.698212 0 274.844 0 680
0.615392355 0.100000001 0.0406916522 -0.228767753 301.473816 0 274.844 0 680
0.650578095 0.100000001 0.0382910279 -0.208200261 292.084076 0 274.844 0 680
0.684555011 0.100000001 0.0357298415 -0.187239289 284.01062 0 274.844 0 680
0.717007413 0.100000001 0.0331036165 -0.166959673 277.231445 0 274.844 0 680
0.747683526 0.100000001 0.0304870948 -0.14787586 271.688171 0 274.844 0 680
0.77639995 0.100000001 0.0279316616 -0.130042866 266.99826 0 274.844 0 680
0.803041106 0.100000001 0.025468376 -0.11318282 262.588043 0 274.844 0 680
0.827554543 0.100000001 0.0231149096 -0.0968983173 258.08786 0 274.844 0 680
0.849943243 0.100000001 0.0208815518 -0.0808554292 253.371063 0 274.844 0 680
0.870256186 0.100000001 0.0187756365 -0.0648493692 248.461456 0 274.844 0 680
0.88857827 0.100000001 0.0168041758 -0.0488782488 243.428223 0 274.844 0 680
0.905020514 0.100000001 0.0149730975 -0.0330750979 238.397232 0 274.844 0 680
0.919711133 0.100000001 0.0132869066 -0.0176522937 233.63559 0 274.844 0 680
0.932787903 0.100000001 0.0117477146 -0.00287431292 228.639709 0 274.844 0 680
0.944391919 0.100000001 0.0103546433 0.0110133635 224.296783 0 274.844 0 680
0.954662776 0.100000001 0.00910358851 0.0238253232 221.697952 0 274.844 0 680
0.963735028 0.100000001 0.00798820752 0.0354985483 219.169983 0 274.844 0 680
0.971735767 0.100000001 0.00699940625 0.0460480377 216.065994 0 274.844 0 680
0.978783112 0.100000001 0.00612650272 0.0555312 212.95813 0 274.844 0 680
0.984985421 0.100000001 0.00536118375 0.0639400855 210.256134 0 274.844 0 680
0.990441055 0.100000001 0.00469147282 0.0713326409 207.972824 0 274.844 0 680
0.995238522 0.100000001 0.00410371417 0.0778756514 205.877975 0 274.844 0 680
0.999456897 0.100000001 0.00358666644 0.0837142691 203.843536 0 274.844 0 680
1.00316642 0.100000001 0.00313103723 0.0889467821 201.891068 0 274.844 0 680
1.00642917 0.100000001 0.00272902406 0.0936508849 201.891068 0 274.844 0 680
1.00929979 0.100000001 0.00237399384 0.0978868008 200.03006 0 274.844 0 680
1.01182626 0.100000001 0.00206025487 0.101707645 198.255661 0 274.844 0 680
1.01405052 0.100000001 0.0017828906 0.105156079 196.560944 0 274.844 0 680
1.01600922 0.100000001 0.00153763483 0.108273931 194.9422 0 274.844 0 680
1.01773429 0.100000001 0.00132077521 0.111091137 193.393372 0 274.844 0 680
1.0192535 0.100000001 0.00112907626 0.113644235 191.904602 0 274.844 0 680
1.02059097 0.100000001 0.000959716441 0.115954064 190.46344 0 274.844 0 680
1.02176763 0.100000001 0.000810235652 0.11805249 189.062622 0 274.844 0 680
1.02280161 0.100000001 0.000678490655 0.119951457 187.695267 0 274.844 0 680
1.02370858 0.100000001 0.000562627282 0.121681139 186.349213 0 274.844 0 680
1.02450207 0.100000001 0.000461062349 0.123243429 185.013763 0 274.844 0 680
1.0251937 0.100000001 0.000372409553 0.124668308 183.688232 0 274.844 0 680
1.0251937 0.100000001 0.000372409553 0.124668308 182.345032 0 274.844 0 680
1.02579347 0.100000001 0.000295456158 0.125945836 180.984329 0 274.844 0 680
1.0263099 0.100000001 0.000229151139 0.127113685 179.600525 0 274.844 0 680
1.02675021 0.100000001 0.0001725926 0.128143072 178.064041 0 274.844 0 680
1.0271205 0.100000001 0.000125015508 0.129083052 176.614182 0 274.844 0 680
1.02742581 0.100000001 8.5780361e-05 0.129880503 174.835648 0 274.844 0 680
1.02767026 0.100000001 5.43631542e-05 0.130593881 173.680634 0 274.844 0 680
1.02785712 0.100000001 3.03468153e-05 0.131105408 174.012878 0 274.844 0 680
1.02798886 0.100000001 1.34141908e-05 0.13127993 187.642136 0 274.844 0 680
1.02806722 0.100000001 3.34260658e-06 0.131685257 272.283569 0 274.844 0 680

ZONE T="SLICE_Y_0p75_BINS03_KS_1p0mm_CUTDATA"
1.21069917 0.749999999 0 0.130382732 523.916138 0 274.844 0 680
1.21067833 0.749999999 -2.67896125e-06 0.131574765 306.009766 0 274.844 0 680
1.21061552 0.749999999 -1.07509204e-05 0.131084695 208.098572 0 274.844 0 680
1.21050994 0.749999999 -2.43217203e-05 0.131138951 192.842468 0 274.844 0 680
1.21036018 0.749999999 -4.35698249e-05 0.130795568 192.103256 0 274.844 0 680
1.21016427 0.749999999 -6.87494199e-05 0.130141407 192.426727 0 274.844 0 680
1.20991957 0.749999999 -0.000100194772 0.129481822 193.679733 0 274.844 0 680
1.2096228 0.749999999 -0.000138325848 0.128662422 194.691818 0 274.844 0 680
1.20926991 0.749999999 -0.000183655182 0.12778908 195.886688 0 274.844 0 680
1.20885601 0.749999999 -0.000236795919 0.126767203 196.972092 0 274.844 0 680
1.20837532 0.749999999 -0.000298470891 0.125669628 198.094635 0 274.844 0 680
1.207821 0.749999999 -0.000369522449 0.124436505 199.220642 0 274.844 0 680
1.20718506 0.749999999 -0.000450922552 0.123098396 200.365723 0 274.844 0 680
1.20645816 0.749999999 -0.000543782264 0.121621363 201.540756 0 274.844 0 680
1.20562947 0.749999999 -0.000649370443 0.120012797 202.740479 0 274.844 0 680
1.20468642 0.749999999 -0.000769173127 0.118247285 203.974228 0 274.844 0 680
1.20361449 0.749999999 -0.000904908034 0.116319217 205.257538 0 274.844 0 680
1.20239691 0.749999999 -0.00105854684 0.114206493 206.594864 0 274.844 0 680
1.20101434 0.749999999 -0.00123235087 0.111893885 207.964508 0 274.844 0 680
1.19944452 0.749999999 -0.00142891325 0.10935805 209.389496 0 274.844 0 680
1.19766187 0.749999999 -0.00165120927 0.106578581 210.888931 0 274.844 0 680
1.19563701 0.749999999 -0.0019026581 0.103524655 212.444763 0 274.844 0 680
1.19333632 0.749999999 -0.00218720018 0.100167871 214.065262 0 274.844 0 680
1.19072136 0.749999999 -0.00250939714 0.0964699313 215.759949 0 274.844 0 680
1.18774833 0.749999999 -0.00287456516 0.0923840031 217.584717 0 274.844 0 680
1.18436748 0.749999999 -0.00328895758 0.0878489763 219.565002 0 274.844 0 680
1.18052251 0.749999999 -0.00376002188 0.0827846304 221.700058 0 274.844 0 680
1.17615004 0.749999999 -0.00429676756 0.0770573914 223.99115 0 274.844 0 680
1.17117915 0.749999999 -0.00491013914 0.0705425665 226.550735 0 274.844 0 680
1.16553099 0.749999999 -0.0056097353 0.0631972849 229.043533 0 274.844 0 680
1.15911873 0.749999999 -0.00640221872 0.0550027117 231.855011 0 274.844 0 680
1.15184769 0.749999999 -0.00729615056 0.0459635966 235.397797 0 274.844 0 680
1.14361603 0.749999999 -0.00829881937 0.0361240953 238.829559 0 274.844 0 680
1.13431589 0.749999999 -0.0094153085 0.0255409442 241.834183 0 274.844 0 680
1.1238354 0.749999999 -0.0106489074 0.014324409 245.056244 0 274.844 0 680
1.11206147 0.749999999 -0.0120003198 0.0026744022 248.933578 0 274.844 0 680
1.09888369 0.749999999 -0.0134678535 -0.00917265844 253.343704 0 274.844 0 680
1.0841993 0.749999999 -0.0150478979 -0.0210164618 258.011658 0 274.844 0 680
1.06791931 0.749999999 -0.0167357022 -0.0327384695 262.587555 0 274.844 0 680
1.04997569 0.749999999 -0.0185256462 -0.0443754308 266.874359 0 274.844 0 680
1.03032918 0.749999999 -0.0204118525 -0.0561439693 270.904419 0 274.844 0 680
1.00897739 0.749999999 -0.0223860743 -0.0683877692 274.928894 0 274.844 0 680
0.985962366 0.749999999 -0.0244341486 -0.0814901963 279.468262 0 274.844 0 680
0.961376727 0.749999999 -0.0265311827 -0.095719859 285.027344 0 274.844 0 680
0.935367466 0.749999999 -0.0286359937 -0.111054398 291.767365 0 274.844 0 680
0.90813637 0.749999999 -0.0306886789 -0.127054751 299.758911 0 274.844 0 680
0.879936452 0.749999999 -0.0326126803 -0.142757088 309.096924 0 274.844 0 680
0.851064093 0.749999999 -0.0343236104 -0.15691857 319.390625 0 274.844 0 680
0.821847208 0.749999999 -0.0357424901 -0.168012187 329.707123 0 274.844 0 680
0.792630324 0.749999999 -0.0368108539 -0.175331488 339.368622 0 274.844 0 680
0.763757965 0.749999999 -0.0374999959 -0.178120404 347.799805 0 274.844 0 680
0.735558046 0.749999999 -0.0378160531 -0.176374123 354.894623 0 274.844 0 680
0.70832695 0.749999999 -0.0377919151 -0.17179054 361.070984 0 274.844 0 680
0.682317689 0.749999999 -0.0374795126 -0.165231958 366.598511 0 274.844 0 680
0.65773205 0.749999999 -0.0369362005 -0.15753819 372.119202 0 274.844 0 680
0.634717021 0.749999999 -0.0362162874 -0.149683192 378.163513 0 274.844 0 680
0.613365233 0.749999999 -0.0353649013 -0.142089248 384.938019 0 274.844 0 680
0.593718725 0.749999999 -0.0344175308 -0.134922937 392.539032 0 274.844 0 680
0.575775106 0.749999999 -0.0334010515 -0.128039807 400.809875 0 274.844 0 680
0.559495121 0.749999999 -0.0323366314 -0.121220797 409.566132 0 274.844 0 680
0.544810726 0.749999999 -0.0312423576 -0.114227809 418.811676 0 274.844 0 680
0.531632947 0.749999999 -0.0301342018 -0.106876813 428.617371 0 274.844 0 680
0.519859021 0.749999999 -0.0290274825 -0.0991518646 438.938629 0.000636781566 274.598 0 680
0.50937853 0.749999999 -0.0279364469 -0.091203399 449.486816 0.00237839227 273.948 0 680
0.50007839 0.749999999 -0.0268736806 -0.0833113715 459.537109 0.00418764818 273.302 0 680
0.491846722 0.749999999 -0.0258505711 -0.0762776807 468.76593 0.00598148303 273.15 0.690572917 680
0.484575686 0.749999999 -0.0248754267 -0.0704863816 476.86734 0.00772197591 273.15 0.755538642 680
0.478163424 0.749999999 -0.023954259 -0.0677427128 485.596466 0.00932907872 273.15 0.388001204 680
0.472515268 0.749999999 -0.0230952321 -0.0710861683 498.864349 0.01578895 273.15 0.254757434 680
0.467544373 0.749999999 -0.0222923622 -0.080761537 517.817871 0.0253001656 273.15 0.188474298 680
0.463171907 0.749999999 -0.0215249645 -0.0945746005 543.491089 0.0404460616 273.15 0.150168985 680
0.459326936 0.749999999 -0.0207588569 -0.107131191 577.678711 0.0631551072 273.15 0.126757413 680
0.455946082 0.749999999 -0.0199685437 -0.111583166 617.251587 0.0927211642 273.15 0.111487985 680
0.452973053 0.749999999 -0.0191410628 -0.102692641 657.834229 0.131320864 273.15 0.100879282 680
0.450358096 0.749999999 -0.0182739806 -0.0788527653 696.103333 0.17655535 273.15 0.093309015 680
0.448057406 0.749999999 -0.0173717396 -0.0395541228 728.116211 0.223083556 273.15 0.0875091776 680
0.44603255 0.749999999 -0.0164425497 0.0144002847 752.727905 0.269020647 273.15 0.0829574764 680
0.444249894 0.749999999 -0.0154957349 0.0791955143 769.922241 0.3127307 273.15 0.0793584138 680
0.442680075 0.749999999 -0.0145420489 0.150538176 781.52771 0.353124976 273.15 0.0766500607 680
0.441297505 0.749999999 -0.0135912786 0.224681318 785.292114 0.390309006 273.15 0.0745286644 680
0.440079924 0.749999999 -0.0126485912 0.297604144 767.670959 0.424426705 273.15 0.0717712715 680
0.439007996 0.749999999 -0.0117198201 0.367486715 738.50769 0.455003023 273.15 0.0693097189 680
0.438064948 0.749999999 -0.0108105062 0.434291214 724.017639 0.482506424 273.15 0.0691127703 680
0.437236255 0.749999999 -0.00992227259 0.496195734 719.511414 0.507561982 273.15 0.0708391964 680
0.436509355 0.749999999 -0.00905554412 0.552179396 710.791077 0.530225694 273.15 0.0735332742 680
0.435873412 0.749999999 -0.00821065318 0.60161531 697.23761 0.550536931 273.15 0.0774358809 680
0.435319095 0.749999999 -0.00738765557 0.644487441 683.580627 0.568579197 273.15 0.083481133 680
0.434838405 0.749999999 -0.00658601023 0.680519342 672.034668 0.584613502 273.15 0.0930101573 680
0.434424511 0.749999999 -0.00580226926 0.709854782 662.044983 0.598691344 273.15 0.108126834 680
0.434071615 0.749999999 -0.00503435894 0.731686413 655.292542 0.610367119 273.15 0.13312386 680
0.433774845 0.749999999 -0.00428782076 0.74651289 653.17627 0.620294154 273.15 0.181118861 680
0.433530151 0.749999999 -0.00354316986 0.754256964 657.255981 0.628323674 273.15 0.283408523 680
0.433334234 0.749999999 -0.00284143098 0.753785491 661.806824 0.631095171 273.15 0.273958117 680
0.433184476 0.749999999 -0.00207971364 0.74568063 665.053589 0.629596055 273.15 0.167138308 680
0.433078892 0.749999999 -0.00146339258 0.727871656 677.101379 0.635658145 273.15 0.134245753 680
0.433016091 0.749999999 -0.000478377422 0.709624648 702.270508 0.647583246 273.15 0.100710385 680
0.432995248 0.749999999 0 0.673242867 729.550354 0.644463599 273.15 0.062369328 680
0.433016091 0.749999999 0.000478377422 0.645855725 743.463562 0.634452462 273.15 0.0790036842 680
0.433078892 0.749999999 0.00146339258 0.604375362 769.116638 0.623528659 273.15 0.0764335543 680
0.433184476 0.749999999 0.00207971364 0.538665414 787.265198 0.611847222 273.15 0.0617741123 680
0.433334234 0.749999999 0.00284143098 0.489977837 807.993713 0.599129796 273.15 0.0610926896 680
0.433530151 0.749999999 0.00354316986 0.42297563 834.684998 0.582594156 273.15 0.0580281876 680
0.433774845 0.749999999 0.00428782076 0.360087365 853.414185 0.565979064 273.15 0.0573906489 680
0.434071615 0.749999999 0.00503435894 0.285556078 875.972534 0.546346903 273.15 0.0569403991 680
0.434424511 0.749999999 0.00580226926 0.210004628 894.352051 0.525543809 273.15 0.0572816692 680
0.434838405 0.749999999 0.00658601023 0.127982438 912.340393 0.502270699 273.15 0.0581023581 680
0.435319095 0.749999999 0.00738765557 0.043624986 927.163757 0.477328658 273.15 0.0595101751 680
0.435873412 0.749999999 0.00821065318 -0.044322785 941.729126 0.450645536 273.15 0.0616700202 680
0.436509355 0.749999999 0.00905554412 -0.135887623 953.441772 0.421658218 273.15 0.0644302815 680
0.437236255 0.749999999 0.00992227259 -0.231148019 955.69989 0.39027527 273.15 0.0673809946 680
0.438064948 0.749999999 0.0108105062 -0.328164041 949.585999 0.356363684 273.15 0.0707369447 680
0.439007996 0.749999999 0.0117198201 -0.424405366 955.964233 0.319856822 273.15 0.0761315301 680
0.440079924 0.749999999 0.0126485912 -0.5169186 982.062927 0.280168116 273.15 0.0847277418 680
0.441297505 0.749999999 0.0135912786 -0.606927454 991.134888 0.236044168 273.15 0.0946206227 680
0.442680075 0.749999999 0.0145420489 -0.690915704 969.806885 0.188431069 273.15 0.105110832 680
0.444249894 0.749999999 0.0154957349 -0.761033893 936.686646 0.139601797 273.15 0.118388541 680
0.44603255 0.749999999 0.0164425497 -0.812615335 895.440063 0.0952792615 273.15 0.136325836 680
0.448057406 0.749999999 0.0173717396 -0.840743124 845.752136 0.0487305932 273.15 0.162095338 680
0.450358096 0.749999999 0.0182739806 -0.842812061 788.585815 0.0123413242 273.15 0.202690303 680
0.452973053 0.749999999 0.0191410628 -0.818456829 726.562073 0.00396822533 273.15 0.270233482 680
0.455946082 0.749999999 0.0199685437 -0.7737391 665.019897 0 273.15 0.403691947 680
0.459326936 0.749999999 0.0207588569 -0.715724945 608.983154 0 273.15 0.788036644 680
0.463171907 0.749999999 0.0215249645 -0.651228726 564.475708 0 273.15 0.543490529 680
0.467544373 0.749999999 0.0222923622 -0.589638829 533.472961 0 274.844 0 680
0.472515268 0.749999999 0.0230952321 -0.538134038 512.973206 0 274.844 0 680
0.478163424 0.749999999 0.023954259 -0.498148143 500.919373 0 274.844 0 680
0.484575686 0.749999999 0.0248754267 -0.46766448 493.999817 0 274.844 0 680
0.491846722 0.749999999 0.0258505711 -0.443858117 487.643005 0 274.844 0 680
0.50007839 0.749999999 0.0268736806 -0.424328834 479.897064 0 274.844 0 680
0.50937853 0.749999999 0.0279364469 -0.407723546 470.620789 0 274.844 0 680
0.519859021 0.749999999 0.0290274825 -0.392979562 460.241669 0 274.844 0 680
0.531632947 0.749999999 0.0301342018 -0.379484147 449.531067 0 274.844 0 680
0.544810726 0.749999999 0.0312423576 -0.366925538 438.866821 0 274.844 0 680
0.559495121 0.749999999 0.0323366314 -0.355190933 428.404785 0 274.844 0 680
0.575775106 0.749999999 0.0334010515 -0.344386846 418.240051 0 274.844 0 680
0.593718725 0.749999999 0.0344175308 -0.334698319 408.416779 0 274.844 0 680
0.613365233 0.749999999 0.0353649013 -0.326283097 399.110596 0 274.844 0 680
0.634717021 0.749999999 0.0362162874 -0.319186926 390.580688 0 274.844 0 680
0.65773205 0.749999999 0.0369362005 -0.313175708 382.828583 0 274.844 0 680
0.682317689 0.749999999 0.0374795126 -0.307671249 375.617035 0 274.844 0 680
0.70832695 0.749999999 0.0377919151 -0.301729083 368.442291 0 274.844 0 680
0.735558046 0.749999999 0.0378160531 -0.294148684 360.613403 0 274.844 0 680
0.763757965 0.749999999 0.0374999959 -0.283727199 351.636444 0 274.844 0 680
0.792630324 0.749999999 0.0368108539 -0.269673705 341.423981 0 274.844 0 680
0.821847208 0.749999999 0.0357424901 -0.251796603 330.177521 0 274.844 0 680
0.851064093 0.749999999 0.0343236104 -0.230602041 318.309753 0 274.844 0 680
0.879936452 0.749999999 0.0326126803 -0.207220942 306.592896 0 274.844 0 680
0.90813637 0.749999999 0.0306886789 -0.183048576 295.897034 0 274.844 0 680
0.935367466 0.749999999 0.0286359937 -0.159379482 286.586456 0 274.844 0 680
0.961376727 0.749999999 0.0265311827 -0.137067422 278.640198 0 274.844 0 680
0.985962366 0.749999999 0.0244341486 -0.116472699 272.023468 0 274.844 0 680
1.00897739 0.749999999 0.0223860743 -0.097539112 266.471588 0 274.844 0 680
1.03032918 0.749999999 0.0204118525 -0.0799568444 261.404572 0 274.844 0 680
1.04997569 0.749999999 0.0185256462 -0.0633448809 256.308685 0 274.844 0 680
1.06791931 0.749999999 0.0167357022 -0.047382392 251.017868 0 274.844 0 680
1.0841993 0.749999999 0.0150478979 -0.0318904445 245.535004 0 274.844 0 680
1.09888369 0.749999999 0.0134678535 -0.016848864 240.056381 0 274.844 0 680
1.11206147 0.749999999 0.0120003198 -0.00236416818 234.921677 0 274.844 0 680
1.1238354 0.749999999 0.0106489074 0.0113899037 230.40094 0 274.844 0 680
1.13431589 0.749999999 0.0094153085 0.0242337231 226.6129 0 274.844 0 680
1.14361603 0.749999999 0.00829881937 0.0360420793 223.098587 0 274.844 0 680
1.15184769 0.749999999 0.00729615056 0.0467815734 219.220871 0 274.844 0 680
1.15911873 0.749999999 0.00640221872 0.0564592518 215.32309 0 274.844 0 680
1.16553099 0.749999999 0.0056097353 0.065094009 212.197586 0 274.844 0 680
1.17117915 0.749999999 0.00491013914 0.0727355182 209.479568 0 274.844 0 680
1.17615004 0.749999999 0.00429676756 0.0794531107 206.770096 0 274.844 0 680
1.18052251 0.749999999 0.00376002188 0.0853282586 204.325256 0 274.844 0 680
1.18436748 0.749999999 0.00328895758 0.0904881358 202.087891 0 274.844 0 680
1.18774833 0.749999999 0.00287456516 0.0950587466 200.039749 0 274.844 0 680
1.19072136 0.749999999 0.00250939714 0.0991268978 198.15715 0 274.844 0 680
1.19333632 0.749999999 0.00218720018 0.102762163 196.408279 0 274.844 0 680
1.19563701 0.749999999 0.0019026581 0.106019996 196.408279 0 274.844 0 680
1.19766187 0.749999999 0.00165120927 0.108947299 194.742889 0 274.844 0 680
1.19944452 0.749999999 0.00142891325 0.111580774 193.145096 0 274.844 0 680
1.20101434 0.749999999 0.00123235087 0.113956824 191.601135 0 274.844 0 680
1.20239691 0.749999999 0.00105854684 0.116101079 190.131302 0 274.844 0 680
1.20361449 0.749999999 0.000904908034 0.118041754 188.721909 0 274.844 0 680
1.20468642 0.749999999 0.000769173127 0.119796686 187.341736 0 274.844 0 680
1.20562947 0.749999999 0.000649370443 0.121390857 186.006226 0 274.844 0 680
1.20645816 0.749999999 0.000543782264 0.122832268 184.706589 0 274.844 0 680
1.20718506 0.749999999 0.000450922552 0.124146998 183.427765 0 274.844 0 680
1.207821 0.749999999 0.000369522449 0.125331119 182.156204 0 274.844 0 680
1.20837532 0.749999999 0.000298470891 0.126416355 180.896393 0 274.844 0 680
1.20885601 0.749999999 0.000236795919 0.127380103 179.630249 0 274.844 0 680
1.20926991 0.749999999 0.000183655182 0.12827076 178.341156 0 274.844 0 680
1.2096228 0.749999999 0.000138325848 0.129037917 177.029724 0 274.844 0 680
1.20991957 0.749999999 0.000100194772 0.129742831 175.623535 0 274.844 0 680
1.21016427 0.749999999 6.87494199e-05 0.130328625 174.379822 0 274.844 0 680
1.21036018 0.749999999 4.35698249e-05 0.130845234 172.93956 0 274.844 0 680
1.21050994 0.749999999 2.43217203e-05 0.131177709 172.549164 0 274.844 0 680
1.21061552 0.749999999 1.07509204e-05 0.13113144 174.741547 0 274.844 0 680
1.21067833 0.749999999 2.67896125e-06 0.131348059 193.117981 0 274.844 0 680
1.21067833 0.749999999 2.67896125e-06 0.131348059 297.188385 0 274.844 0 680

ZONE T="SLICE_Y_1p40_BINS03_KS_1p0mm_CUTDATA"
1.39330511 1.39999998 0 0.122049183 597.965576 0 274.844 0 680
1.39328943 1.39999998 -2.01531594e-06 0.122741126 335.480865 0 274.844 0 680
1.39324218 1.39999998 -8.08765014e-06 0.12274874 225.562302 0 274.844 0 680
1.39316276 1.39999998 -1.82966255e-05 0.122934073 209.7603 0 274.844 0 680
1.3930501 1.39999998 -3.27764961e-05 0.122652836 207.329102 0 274.844 0 680
1.39290271 1.39999998 -5.17184793e-05 0.122192964 207.054886 0 274.844 0 680
1.39271864 1.39999998 -7.53740356e-05 0.12161079 207.9104 0 274.844 0 680
1.39249538 1.39999998 -0.000104059096 0.120855637 208.926559 0 274.844 0 680
1.39222991 1.39999998 -0.000138159228 0.120035246 210.165863 0 274.844 0 680
1.39191855 1.39999998 -0.000178135683 0.119086824 211.37236 0 274.844 0 680
1.39155693 1.39999998 -0.00022453223 0.118057512 212.64325 0 274.844 0 680
1.39113994 1.39999998 -0.000277982551 0.116904154 213.907608 0 274.844 0 680
1.39066153 1.39999998 -0.000339217825 0.115653619 215.192825 0 274.844 0 680
1.3901147 1.39999998 -0.000409073878 0.114270583 216.490936 0 274.844 0 680
1.3894913 1.39999998 -0.00048850524 0.112766854 217.81871 0 274.844 0 680
1.38878187 1.39999998 -0.00057862982 0.111113928 219.175674 0 274.844 0 680
1.38797548 1.39999998 -0.000680739816 0.109310493 220.572723 0 274.844 0 680
1.38705953 1.39999998 -0.000796318467 0.107331574 222.015717 0 274.844 0 680
1.38601945 1.39999998 -0.000927066921 0.10516689 223.510925 0 274.844 0 680
1.38483852 1.39999998 -0.00107493591 0.102791876 225.06427 0 274.844 0 680
1.38349747 1.39999998 -0.00124216368 0.100188851 226.679916 0 274.844 0 680
1.38197422 1.39999998 -0.00143132239 0.0973306224 228.362 0 274.844 0 680
1.38024347 1.39999998 -0.00164537631 0.0941914022 230.112274 0 274.844 0 680
1.3782763 1.39999998 -0.00188775708 0.0907367095 231.931519 0 274.844 0 680
1.37603977 1.39999998 -0.0021624639 0.0869267434 233.817551 0 274.844 0 680
1.37349643 1.39999998 -0.00247420102 0.0827089176 235.781067 0 274.844 0 680
1.37060396 1.39999998 -0.00282857098 0.0780137405 237.683258 0 274.844 0 680
1.36731466 1.39999998 -0.00323235141 0.0727081597 239.692169 0 274.844 0 680
1.36357518 1.39999998 -0.0036937756 0.0666753277 242.404755 0 274.844 0 680
1.35932621 1.39999998 -0.0042200644 0.0599075519 245.605698 0 274.844 0 680
1.35450243 1.39999998 -0.00481622997 0.0524229035 248.925385 0 274.844 0 680
1.34903261 1.39999998 -0.00548871267 0.0442221425 252.421219 0 274.844 0 680
1.34284013 1.39999998 -0.00624299548 0.0353416689 256.055878 0 274.844 0 680
1.33584386 1.39999998 -0.0070829025 0.0258673169 259.623657 0 274.844 0 680
1.32795965 1.39999998 -0.00801090826 0.0159314945 263.121735 0 274.844 0 680
1.31910242 1.39999998 -0.00902754224 0.00570356287 266.839203 0 274.844 0 680
1.3091891 1.39999998 -0.0101315314 -0.0046151788 270.92627 0 274.844 0 680
1.2981424 1.39999998 -0.0113201595 -0.0148491058 275.341766 0 274.844 0 680
1.28589537 1.39999998 -0.0125898527 -0.0249154605 279.840973 0 274.844 0 680
1.27239683 1.39999998 -0.0139363831 -0.0348839834 284.348511 0 274.844 0 680
1.25761725 1.39999998 -0.0153553291 -0.0449958667 288.985657 0 274.844 0 680
1.24155483 1.39999998 -0.0168404871 -0.0556154698 293.92392 0 274.844 0 680
1.2242412 1.39999998 -0.0183812025 -0.067140542 299.537262 0 274.844 0 680
1.20574603 1.39999998 -0.0199587491 -0.0798777863 306.001129 0 274.844 0 680
1.18617991 1.39999998 -0.0215421461 -0.093882218 313.122589 0 274.844 0 680
1.16569464 1.39999998 -0.0230863301 -0.108842812 320.51825 0 274.844 0 680
1.14448054 1.39999998 -0.0245337085 -0.124061391 328.205994 0 274.844 0 680
1.12276058 1.39999998 -0.0258207987 -0.138449192 336.519562 0 274.844 0 680
1.10078145 1.39999998 -0.0268881867 -0.150824755 345.379456 0 274.844 0 680
1.07880231 1.39999998 -0.0276918902 -0.160186753 354.39386 0 274.844 0 680
1.05708235 1.39999998 -0.0282103146 -0.16615802 363.25885 0 274.844 0 680
1.03586825 1.39999998 -0.0284480766 -0.168863758 371.722717 0 274.844 0 680
1.01538298 1.39999998 -0.0284299182 -0.168900043 379.771545 0 274.844 0 680
0.995816857 1.39999998 -0.0281949055 -0.167395905 387.614868 0 274.844 0 680
0.977321692 1.39999998 -0.0277861853 -0.165272057 395.40567 0 274.844 0 680
0.960008059 1.39999998 -0.0272446126 -0.163127571 403.487976 0 274.844 0 680
0.943945639 1.39999998 -0.026604136 -0.161281452 412.154846 0 274.844 0 680
0.92916606 1.39999998 -0.0258914527 -0.159720629 421.509613 0 274.844 0 680
0.915667521 1.39999998 -0.0251267806 -0.158176005 431.584595 0 274.844 0 680
0.903420493 1.39999998 -0.0243260438 -0.1562704 442.330719 0 274.844 0 680
0.892373788 1.39999998 -0.0235028488 -0.153626516 453.595123 0.00136561668 274.334 0 680
0.882460472 1.39999998 -0.0226692108 -0.149984151 465.082916 0.00311907427 273.709 0 680
0.873603241 1.39999998 -0.0218366534 -0.145319641 476.522919 0.00496126153 273.15 0.0309345499 680
0.865719028 1.39999998 -0.0210158945 -0.139819071 487.725128 0.00684800791 273.15 0.252535194 680
0.858722763 1.39999998 -0.0202164017 -0.13392733 498.566467 0.0121384552 273.15 0.521926582 680
0.852530284 1.39999998 -0.019446742 -0.128372103 509.079559 0.0205280017 273.15 0.849143207 680
0.847060465 1.39999998 -0.018713165 -0.12405479 518.862549 0.0289052743 273.15 0.465497434 680
0.842236679 1.39999998 -0.0180201935 -0.122725874 529.036133 0.036807429 273.15 0.298577398 680
0.837987712 1.39999998 -0.0173739689 -0.126571178 543.070496 0.044647269 273.15 0.21783261 680
0.834248231 1.39999998 -0.0167699899 -0.136890799 563.334656 0.0546369217 273.15 0.172081754 680
0.830958934 1.39999998 -0.0161926956 -0.151283324 592.377686 0.0699787959 273.15 0.144495517 680
0.828066458 1.39999998 -0.0156163719 -0.163846225 631.832336 0.0929768682 273.15 0.123504803 680
0.825523125 1.39999998 -0.015021839 -0.168379292 677.809937 0.127748519 273.15 0.109678805 680
0.82328659 1.39999998 -0.0143993456 -0.15958111 724.840881 0.169139624 273.15 0.100300193 680
0.821319422 1.39999998 -0.0137470613 -0.135670841 768.053101 0.214120105 273.15 0.0935874283 680
0.819588671 1.39999998 -0.0130683278 -0.09611056 804.229065 0.26040706 273.15 0.0885385945 680
0.818065422 1.39999998 -0.0123693213 -0.0419064164 832.531006 0.30609715 273.15 0.0846513435 680
0.816724374 1.39999998 -0.0116570561 0.0233470742 851.288147 0.349658847 273.15 0.0815336183 680
0.815543439 1.39999998 -0.0109396218 0.095280908 860.720154 0.389983952 273.15 0.079015106 680
0.814503365 1.39999998 -0.010224381 0.169965506 862.644287 0.427216232 273.15 0.077140063 680
0.81358741 1.39999998 -0.00951522067 0.244860098 862.644287 0.427216232 273.15 0.077140063 680
0.812781025 1.39999998 -0.00881652927 0.317406654 858.574097 0.461408317 273.15 0.0747817159 680
0.812071593 1.39999998 -0.00813247502 0.38572526 849.484192 0.492137969 273.15 0.0731458217 680
0.811448188 1.39999998 -0.00746427898 0.449014783 837.063049 0.519844413 273.15 0.0723397434 680
0.810901359 1.39999998 -0.0068122607 0.506712317 823.416443 0.545098782 273.15 0.0725753233 680
0.810422955 1.39999998 -0.00617667025 0.558257043 808.456604 0.567993581 273.15 0.0739284381 680
0.810005956 1.39999998 -0.00555754961 0.603218496 792.583191 0.588548779 273.15 0.0766025856 680
0.809644345 1.39999998 -0.00495449175 0.641563952 778.093689 0.606865108 273.15 0.0811271369 680
0.809332982 1.39999998 -0.00436490291 0.672943652 764.957642 0.623211205 273.15 0.0882614553 680
0.809067508 1.39999998 -0.00378722306 0.697311223 751.700256 0.637638748 273.15 0.0992146507 680
0.809067508 1.39999998 -0.00378722306 0.697311223 741.302063 0.649691284 273.15 0.116339199 680
0.808844255 1.39999998 -0.00322562095 0.714223862 735.101624 0.660033464 273.15 0.146167666 680
0.808660178 1.39999998 -0.00266543859 0.724051416 736.02417 0.668142378 273.15 0.2031468 680
0.808512795 1.39999998 -0.00213753788 0.726537287 745.719788 0.672008574 273.15 0.233113334 680
0.808400135 1.39999998 -0.00156451687 0.721747994 751.575439 0.672916293 273.15 0.175719112 680
0.808320707 1.39999998 -0.00110087385 0.706242561 774.39032 0.678517222 273.15 0.139750972 680
0.808273463 1.39999998 -0.000359871441 0.689724863 794.951294 0.686146915 273.15 0.105990499 680
0.808257784 1.39999998 0 0.660899818 817.181213 0.681382298 273.15 0.0677086636 680
0.808273463 1.39999998 0.000359871441 0.628118694 825.534119 0.673391759 273.15 0.0831896067 680
0.808320707 1.39999998 0.00110087385 0.592025101 857.21759 0.6646927 273.15 0.0804569721 680
0.808400135 1.39999998 0.00156451687 0.533198893 894.681335 0.654673934 273.15 0.066801317 680
0.808512795 1.39999998 0.00213753788 0.484660536 914.413757 0.643164515 273.15 0.0658790767 680
0.808660178 1.39999998 0.00266543859 0.421558529 943.508667 0.627846956 273.15 0.0627350286 680
0.808844255 1.39999998 0.00322562095 0.359002143 953.786316 0.612163842 273.15 0.0615693517 680
0.809067508 1.39999998 0.00378722306 0.287921369 972.915955 0.593454957 273.15 0.060859926 680
0.809332982 1.39999998 0.00436490291 0.214074329 989.381836 0.573499203 273.15 0.0610776208 680
0.809644345 1.39999998 0.00495449175 0.134709507 1007.034 0.551034391 273.15 0.0618902259 680
0.810005956 1.39999998 0.00555754961 0.0523591191 1020.25842 0.526949644 273.15 0.0632654876 680
0.810422955 1.39999998 0.00617667025 -0.0336058177 1032.63269 0.501082897 273.15 0.065395005 680
0.810901359 1.39999998 0.0068122607 -0.122955874 1044.63684 0.473039299 273.15 0.0683060363 680
0.811448188 1.39999998 0.00746427898 -0.214875713 1053.76208 0.44262737 273.15 0.0714282766 680
0.812071593 1.39999998 0.00813247502 -0.308257669 1059.2428 0.40982011 273.15 0.0751006529 680
0.812781025 1.39999998 0.00881652927 -0.40230009 1062.37329 0.374587804 273.15 0.0797822177 680
0.81358741 1.39999998 0.00951522067 -0.495770693 1060.27185 0.336079478 273.15 0.085478507 680
0.814503365 1.39999998 0.010224381 -0.585224628 1049.32031 0.293781161 273.15 0.0922258198 680
0.815543439 1.39999998 0.0109396218 -0.665546536 1029.29041 0.24824965 273.15 0.100481205 680
0.816724374 1.39999998 0.0116570561 -0.73316884 999.572998 0.199749261 273.15 0.110824272 680
0.818065422 1.39999998 0.0123693213 -0.783264756 958.058044 0.148101702 273.15 0.124090038 680
0.819588671 1.39999998 0.0130683278 -0.811066985 905.76416 0.0996195227 273.15 0.142319486 680
0.821319422 1.39999998 0.0137470613 -0.814160645 845.218872 0.0550283827 273.15 0.169259056 680
0.82328659 1.39999998 0.0143993456 -0.791929662 778.11322 0.0161014721 273.15 0.213827148 680
0.825523125 1.39999998 0.015021839 -0.74977231 710.247925 0.00484550232 273.15 0.294932187 680
0.828066458 1.39999998 0.0156163719 -0.694380403 648.326172 0 273.15 0.476361036 680
0.830958934 1.39999998 0.0161926956 -0.632646739 598.433594 0 273.15 0.845001519 680
0.834248231 1.39999998 0.0167699899 -0.572973371 564.216003 0 274.844 0 680
0.837987712 1.39999998 0.0173739689 -0.521956921 542.906067 0 274.844 0 680
0.842236679 1.39999998 0.0180201935 -0.481195211 530.183838 0 274.844 0 680
0.847060465 1.39999998 0.018713165 -0.448861957 522.000732 0 274.844 0 680
0.852530284 1.39999998 0.019446742 -0.422417998 514.136902 0 274.844 0 680
0.858722763 1.39999998 0.0202164017 -0.399679571 505.125214 0 274.844 0 680
0.865719028 1.39999998 0.0210158945 -0.3793962 495.131195 0 274.844 0 680
0.873603241 1.39999998 0.0218366534 -0.360568404 484.00647 0 274.844 0 680
0.882460472 1.39999998 0.0226692108 -0.342618167 471.92688 0 274.844 0 680
0.892373788 1.39999998 0.0235028488 -0.325325042 459.266876 0 274.844 0 680
0.903420493 1.39999998 0.0243260438 -0.308735818 446.409332 0 274.844 0 680
0.915667521 1.39999998 0.0251267806 -0.293134719 433.757141 0 274.844 0 680
0.92916606 1.39999998 0.0258914527 -0.278877646 421.643524 0 274.844 0 680
0.943945639 1.39999998 0.026604136 -0.266254067 410.264008 0 274.844 0 680
0.960008059 1.39999998 0.0272446126 -0.255385488 399.626617 0 274.844 0 680
0.977321692 1.39999998 0.0277861853 -0.246084303 389.578857 0 274.844 0 680
0.995816857 1.39999998 0.0281949055 -0.237811223 379.750214 0 274.844 0 680
1.01538298 1.39999998 0.0284299182 -0.229669452 369.708984 0 274.844 0 680
1.03586825 1.39999998 0.0284480766 -0.220552757 359.275299 0 274.844 0 680
1.05708235 1.39999998 0.0282103146 -0.209372029 348.343811 0 274.844 0 680
1.07880231 1.39999998 0.0276918902 -0.19541195 336.925537 0 274.844 0 680
1.10078145 1.39999998 0.0268881867 -0.178532779 325.25592 0 274.844 0 680
1.12276058 1.39999998 0.0258207987 -0.15927884 313.624512 0 274.844 0 680
1.14448054 1.39999998 0.0245337085 -0.138743758 302.458771 0 274.844 0 680
1.16569464 1.39999998 0.0230863301 -0.118164822 292.013031 0 274.844 0 680
1.18617991 1.39999998 0.0215421461 -0.098596178 282.057526 0 274.844 0 680
1.20574603 1.39999998 0.0199587491 -0.0806650966 272.579803 0 274.844 0 680
1.2242412 1.39999998 0.0183812025 -0.0645831972 263.92337 0 274.844 0 680
1.24155483 1.39999998 0.0168404871 -0.050208468 256.30899 0 274.844 0 680
1.25761725 1.39999998 0.0153553291 -0.0371842794 249.583832 0 274.844 0 680
1.27239683 1.39999998 0.0139363831 -0.0250943284 243.381317 0 274.844 0 680
1.28589537 1.39999998 0.0125898527 -0.0135797001 237.577637 0 274.844 0 680
1.2981424 1.39999998 0.0113201595 -0.00241202698 232.075485 0 274.844 0 680
1.3091891 1.39999998 0.0101315314 0.00848512165 226.95372 0 274.844 0 680
1.31910242 1.39999998 0.00902754224 0.0190581586 222.403809 0 274.844 0 680
1.32795965 1.39999998 0.00801090826 0.0291923024 218.393463 0 274.844 0 680
1.33584386 1.39999998 0.0070829025 0.0387588553 214.795822 0 274.844 0 680
1.34284013 1.39999998 0.00624299548 0.0476607122 211.262497 0 274.844 0 680
1.34903261 1.39999998 0.00548871267 0.055845771 207.731964 0 274.844 0 680
1.35450243 1.39999998 0.00481622997 0.0632838309 204.436188 0 274.844 0 680
1.35932621 1.39999998 0.0042200644 0.0699799582 201.427887 0 274.844 0 680
1.36357518 1.39999998 0.0036937756 0.0759625509 198.670319 0 274.844 0 680
1.36731466 1.39999998 0.00323235141 0.0812518001 196.364563 0 274.844 0 680
1.37060396 1.39999998 0.00282857098 0.0858872756 194.617752 0 274.844 0 680
1.37349643 1.39999998 0.00247420102 0.0899726674 192.9879 0 274.844 0 680
1.37603977 1.39999998 0.0021624639 0.0936162993 191.352448 0 274.844 0 680
1.3782763 1.39999998 0.00188775708 0.0968831182 189.791306 0 274.844 0 680
1.38024347 1.39999998 0.00164537631 0.0998246968 188.290726 0 274.844 0 680
1.38197422 1.39999998 0.00143132239 0.102479495 186.848206 0 274.844 0 680
1.38349747 1.39999998 0.00124216368 0.104882486 185.45993 0 274.844 0 680
1.38483852 1.39999998 0.00107493591 0.10705851 184.122116 0 274.844 0 680
1.38601945 1.39999998 0.000927066921 0.109035105 182.8293 0 274.844 0 680
1.38705953 1.39999998 0.000796318467 0.11082834 181.575821 0 274.844 0 680
1.38797548 1.39999998 0.000680739816 0.112462945 180.350189 0 274.844 0 680
1.38878187 1.39999998 0.00057862982 0.113947287 179.145844 0 274.844 0 680
1.3894913 1.39999998 0.00048850524 0.115306087 177.960007 0 274.844 0 680
1.3901147 1.39999998 0.000409073878 0.116538823 176.786102 0 274.844 0 680
1.39066153 1.39999998 0.000339217825 0.117672779 175.624939 0 274.844 0 680
1.39113994 1.39999998 0.000277982551 0.1186966 174.457367 0 274.844 0 680
1.39155693 1.39999998 0.00022453223 0.119641595 173.312378 0 274.844 0 680
1.39191855 1.39999998 0.000178135683 0.120486639 172.124207 0 274.844 0 680
1.39222991 1.39999998 0.000138159228 0.12126819 170.954666 0 274.844 0 680
1.39249538 1.39999998 0.000104059096 0.121939957 169.754852 0 274.844 0 680
1.39271864 1.39999998 7.53740356e-05 0.122560643 168.800827 0 274.844 0 680
1.39290271 1.39999998 5.17184793e-05 0.123044446 168.076614 0 274.844 0 680
1.3930501 1.39999998 3.27764961e-05 0.123389825 168.832687 0 274.844 0 680
1.39316276 1.39999998 1.82966255e-05 0.123598121 172.962006 0 274.844 0 680
1.39324218 1.39999998 8.08765014e-06 0.123315893 192.94574 0 274.844 0 680
1.39328943 1.39999998 2.01531594e-06 0.123351544 315.645935 0 274.844 0 680

ZONE T="SLICE_Y_0p10_BINS07_KS_1p0mm_CUTDATA"
1.02809322 0.100000001 0 0.130768508 456.462067 0 274.844 0 680
1.02806722 0.100000001 -3.34260658e-06 0.131945699 276.889954 0 274.844 0 680
1.02798886 0.100000001 -1.34141908e-05 0.131309435 196.145615 0 274.844 0 680
1.02785712 0.100000001 -3.03468153e-05 0.131120518 184.53093 0 274.844 0 680
1.02767026 0.100000001 -5.43631542e-05 0.130607441 184.975082 0 274.844 0 680
1.02742581 0.100000001 -8.5780361e-05 0.129809216 185.922791 0 274.844 0 680
1.0271205 0.100000001 -0.000125015508 0.128974587 187.445343 0 274.844 0 680
1.02675021 0.100000001 -0.0001725926 0.127975434 188.649261 0 274.844 0 680
1.0263099 0.100000001 -0.000229151139 0.126898766 189.97319 0 274.844 0 680
1.02579347 0.100000001 -0.000295456158 0.125675499 191.154846 0 274.844 0 680
1.0251937 0.100000001 -0.000372409553 0.124349996 192.353073 0 274.844 0 680
1.02450207 0.100000001 -0.000461062349 0.122875772 193.537781 0 274.844 0 680
1.02370858 0.100000001 -0.000562627282 0.121271811 194.741806 0 274.844 0 680
1.02280161 0.100000001 -0.000678490655 0.119506262 195.970444 0 274.844 0 680
1.02176763 0.100000001 -0.000810235652 0.117584288 197.226013 0 274.844 0 680
1.02059097 0.100000001 -0.000959716441 0.115476631 198.510086 0 274.844 0 680
1.0192535 0.100000001 -0.00112907626 0.113177486 199.824615 0 274.844 0 680
1.01773429 0.100000001 -0.00132077521 0.110658281 201.180496 0 274.844 0 680
1.01600922 0.100000001 -0.00153763483 0.107904986 202.587234 0 274.844 0 680
1.01405052 0.100000001 -0.0017828906 0.104888164 204.050842 0 274.844 0 680
1.01182626 0.100000001 -0.00206025487 0.101585843 205.575531 0 274.844 0 680
1.00929979 0.100000001 -0.00237399384 0.0979657099 207.165176 0 274.844 0 680
1.00642917 0.100000001 -0.00272902406 0.0939963087 208.823425 0 274.844 0 680
1.00316642 0.100000001 -0.00313103723 0.0896369368 210.555817 0 274.844 0 680
0.999456897 0.100000001 -0.00358666644 0.0848408714 212.364685 0 274.844 0 680
0.995238522 0.100000001 -0.00410371417 0.0795430019 214.228699 0 274.844 0 680
0.990441055 0.100000001 -0.00469147282 0.0736543387 216.116302 0 274.844 0 680
0.984985421 0.100000001 -0.00536118375 0.0670329407 218.165527 0 274.844 0 680
0.978783112 0.100000001 -0.00612650272 0.0595152043 220.625992 0 274.844 0 680
0.971735767 0.100000001 -0.00699940625 0.0510850288 223.47879 0 274.844 0 680
0.963735028 0.100000001 -0.00798820752 0.041806031 226.201401 0 274.844 0 680
0.954662776 0.100000001 -0.00910358851 0.0316538438 228.189575 0 274.844 0 680
0.944391919 0.100000001 -0.0103546433 0.0206487309 230.224136 0 274.844 0 680
0.932787903 0.100000001 -0.0117477146 0.00890569855 234.099182 0 274.844 0 680
0.919711133 0.100000001 -0.0132869066 -0.00333318114 238.604904 0 274.844 0 680
0.905020514 0.100000001 -0.0149730975 -0.0157943889 242.766815 0 274.844 0 680
0.88857827 0.100000001 -0.0168041758 -0.0282161571 247.138931 0 274.844 0 680
0.870256186 0.100000001 -0.0187756365 -0.040368434 251.457474 0 274.844 0 680
0.849943243 0.100000001 -0.0208815518 -0.0521274544 255.616196 0 274.844 0 680
0.827554543 0.100000001 -0.0231149096 -0.0635254085 259.568115 0 274.844 0 680
0.803041106 0.100000001 -0.025468376 -0.0747837871 263.300568 0 274.844 0 680
0.77639995 0.100000001 -0.0279316616 -0.0862529352 266.948639 0 274.844 0 680
0.747683526 0.100000001 -0.0304870948 -0.0983155966 270.88443 0 274.844 0 680
0.717007413 0.100000001 -0.0331036165 -0.111212075 275.633575 0 274.844 0 680
0.684555011 0.100000001 -0.0357298415 -0.124844231 281.513763 0 274.844 0 680
0.650578095 0.100000001 -0.0382910279 -0.138663441 288.606384 0 274.844 0 680
0.615392355 0.100000001 -0.0406916522 -0.151603386 296.988617 0 274.844 0 680
0.579367595 0.100000001 -0.0428264223 -0.162271053 306.156616 0 274.844 0 680
0.542912962 0.100000001 -0.0445967938 -0.169390008 315.053436 0 274.844 0 680
0.506458328 0.100000001 -0.0459298179 -0.172038272 322.499725 0 274.844 0 680
0.470433568 0.100000001 -0.0467896775 -0.169978648 328.986603 0 274.844 0 680
0.435247828 0.100000001 -0.04718403 -0.163954049 335.119659 0 274.844 0 680
0.401270912 0.100000001 -0.0471539124 -0.155040517 340.294647 0 274.844 0 680
0.36881851 0.100000001 -0.04676412 -0.144431621 344.834412 0 274.844 0 680
0.338142397 0.100000001 -0.0460862159 -0.133340955 349.369598 0 274.844 0 680
0.309425974 0.100000001 -0.0451879625 -0.122558802 354.451019 0 274.844 0 680
0.282784817 0.100000001 -0.0441256669 -0.112517394 360.451904 0 274.844 0 680
0.25827138 0.100000001 -0.0429436091 -0.103279777 367.226532 0 274.844 0 680
0.23588268 0.100000001 -0.0416753227 -0.0946836248 374.580811 0 274.844 0 680
0.215569738 0.100000001 -0.0403472192 -0.0864862949 382.613831 0 274.844 0 680
0.197247653 0.100000001 -0.0389818665 -0.0784343407 391.324829 0 274.844 0 680
0.18080541 0.100000001 -0.0375991931 -0.0703424215 400.574371 0 274.844 0 680
0.16611479 0.100000001 -0.0362183119 -0.0621949621 410.084595 0 274.844 0 680
0.153038021 0.100000001 -0.0348569996 -0.054119736 419.312012 0.000161237607 274.779 0 680
0.141434004 0.100000001 -0.0335309596 -0.0464119837 427.736298 0.000461483549 274.661 0 680
0.131163147 0.100000001 -0.0322544005 -0.0396431983 435.489899 0.000963794242 274.468 0 680
0.122090895 0.100000001 -0.0310376885 -0.0344641246 442.705566 0.00220978842 273.15 0.830619454 680
0.114090156 0.100000001 -0.0298883246 -0.0329542533 449.388611 0.00341855478 273.15 0.505476415 680
0.107042812 0.100000001 -0.0288164955 -0.0378278233 459.17041 0.00477957726 273.15 0.298217952 680
0.100840502 0.100000001 -0.0278147348 -0.0497421026 476.792999 0.00849026628 273.15 0.208705604 680
0.095384868 0.100000001 -0.0268572335 -0.0660027266 501.676422 0.0149396714 273.15 0.160149917 680
0.0905874016 0.100000001 -0.025901342 -0.0810048953 533.227783 0.0291456226 273.15 0.130744487 680
0.0863690258 0.100000001 -0.0249152486 -0.0888687596 570.136963 0.0524240434 273.15 0.111949332 680
0.0826595046 0.100000001 -0.0238827801 -0.0839875937 608.515259 0.0876882896 273.15 0.0992534906 680
0.0793967571 0.100000001 -0.0228009001 -0.0633432195 646.99646 0.128719077 273.15 0.0904952139 680
0.0765261296 0.100000001 -0.0216751515 -0.0273199081 674.817139 0.174625218 273.15 0.0833514631 680
0.0739996662 0.100000001 -0.0205157782 0.0206957422 682.99823 0.220551878 273.15 0.0766407624 680
0.0717754023 0.100000001 -0.0193344138 0.0818573385 695.938416 0.264602125 273.15 0.0723641068 680
0.0698166999 0.100000001 -0.0181444761 0.15207389 710.460205 0.306291997 273.15 0.0696250349 680
0.0680916329 0.100000001 -0.0169581763 0.223341167 708.248169 0.344724685 273.15 0.0666947588 680
0.0665724268 0.100000001 -0.0157819618 0.295416325 701.936584 0.380013436 273.15 0.0645609275 680
0.0652349553 0.100000001 -0.014623111 0.365523905 692.316101 0.411720574 273.15 0.0630450472 680
0.0640582914 0.100000001 -0.0134885374 0.432020694 680.361633 0.440225065 273.15 0.0622374862 680
0.06302431 0.100000001 -0.0123802663 0.494191587 667.157654 0.466264606 273.15 0.0622694753 680
0.0621173393 0.100000001 -0.0112988276 0.551512778 652.773315 0.489876807 273.15 0.0631971583 680
0.0613238562 0.100000001 -0.0102446362 0.603418529 637.648621 0.511113048 273.15 0.0651661083 680
0.060632222 0.100000001 -0.00921776159 0.649546921 622.331909 0.530101657 273.15 0.0684697405 680
0.0600324533 0.100000001 -0.00821752876 0.689583659 608.039551 0.547110736 273.15 0.0737640634 680
0.0595160266 0.100000001 -0.00723963566 0.723963499 593.279602 0.562172115 273.15 0.0818444714 680
0.0590757101 0.100000001 -0.00628149485 0.751048863 580.557312 0.574804425 273.15 0.0942822844 680
0.0587054221 0.100000001 -0.0053500206 0.772354066 568.853882 0.585583389 273.15 0.115333997 680
0.058400112 0.100000001 -0.00442090115 0.785841703 558.461426 0.593714416 273.15 0.152209461 680
0.0581556616 0.100000001 -0.0035453241 0.793431818 553.071838 0.597506285 273.15 0.243020698 680
0.057968805 0.100000001 -0.00259491044 0.794675767 550.854797 0.601047099 273.15 0.259327501 680
0.0578370652 0.100000001 -0.00182591131 0.787620127 560.980225 0.614868104 273.15 0.173375368 680
0.0577587065 0.100000001 -0.000596883407 0.77806282 583.28479 0.628154933 273.15 0.116529986 680
0.0577327005 0.100000001 0 0.754560351 603.148499 0.618207514 273.15 0.0687022582 680
0.0577587065 0.100000001 0.000596883407 0.735504389 620.65448 0.602238357 273.15 0.0832679495 680
0.0578370652 0.100000001 0.00182591131 0.704371333 644.272461 0.590893924 273.15 0.0779131725 680
0.057968805 0.100000001 0.00259491044 0.654400229 659.147217 0.581129968 273.15 0.0614175126 680
0.0581556616 0.100000001 0.0035453241 0.615736127 677.404968 0.570236087 273.15 0.0595524237 680
0.058400112 0.100000001 0.00442090115 0.561136603 701.029968 0.555819035 273.15 0.0556161106 680
0.0587054221 0.100000001 0.0053500206 0.509214699 719.125854 0.541043282 273.15 0.0542746298 680
0.0590757101 0.100000001 0.00628149485 0.447006464 740.648865 0.523261607 273.15 0.0531964339 680
0.0595160266 0.100000001 0.00723963566 0.382979482 758.828186 0.504148364 273.15 0.0529344156 680
0.0600324533 0.100000001 0.00821752876 0.312764883 776.757141 0.482414097 273.15 0.0531437621 680
0.060632222 0.100000001 0.00921776159 0.239745602 791.811951 0.458923548 273.15 0.0538907535 680
0.0613238562 0.100000001 0.0102446362 0.16300483 806.010193 0.433531404 273.15 0.0552623495 680
0.0621173393 0.100000001 0.0112988276 0.08271458 818.399536 0.405716419 273.15 0.0571836345 680
0.06302431 0.100000001 0.0123802663 -0.000385317457 828.606323 0.375427812 273.15 0.0596732348 680
0.0640582914 0.100000001 0.0134885374 -0.0857444927 836.683899 0.342485547 273.15 0.0628531799 680
0.0652349553 0.100000001 0.014623111 -0.172836825 843.054565 0.306925923 273.15 0.066969946 680
0.0665724268 0.100000001 0.0157819618 -0.260799944 846.280212 0.268780887 273.15 0.0721272752 680
0.0680916329 0.100000001 0.0169581763 -0.346690565 844.15155 0.226973042 273.15 0.0784763321 680
0.0698166999 0.100000001 0.0181444761 -0.424976736 835.248779 0.181833267 273.15 0.0864041001 680
0.0717754023 0.100000001 0.0193344138 -0.495791018 804.303406 0.135728776 273.15 0.0950056165 680
0.0739996662 0.100000001 0.0205157782 -0.548478961 775.556946 0.0902205408 273.15 0.107401051 680
0.0765261296 0.100000001 0.0216751515 -0.578911543 754.740295 0.0494102463 273.15 0.126959175 680
0.0793967571 0.100000001 0.0228009001 -0.591371298 713.208069 0.0196131803 273.15 0.152936235 680
0.0826595046 0.100000001 0.0238827801 -0.581959486 660.838074 0.00460666604 273.15 0.19091095 680
0.0863690258 0.100000001 0.0249152486 -0.552869499 609.357178 0.00045572198 273.15 0.254213393 680
0.0905874016 0.100000001 0.025901342 -0.510845542 561.503967 0 273.15 0.379590034 680
0.095384868 0.100000001 0.0268572335 -0.463051617 522.376587 0 273.15 0.659290552 680
0.100840502 0.100000001 0.0278147348 -0.416582227 493.420013 0 273.962 0.438527346 680
0.107042812 0.100000001 0.0288164955 -0.378371269 474.365784 0 274.844 0 680
0.114090156 0.100000001 0.0298883246 -0.35062331 464.820526 0 274.844 0 680
0.122090895 0.100000001 0.0310376885 -0.331532985 459.161163 0 274.844 0 680
0.131163147 0.100000001 0.0322544005 -0.318209618 453.13028 0 274.844 0 680
0.141434004 0.100000001 0.0335309596 -0.308481961 446.469849 0 274.844 0 680
0.153038021 0.100000001 0.0348569996 -0.301319599 438.815491 0 274.844 0 680
0.16611479 0.100000001 0.0362183119 -0.29573229 429.896149 0 274.844 0 680
0.18080541 0.100000001 0.0375991931 -0.291088849 420.259216 0 274.844 0 680
0.197247653 0.100000001 0.0389818665 -0.287068874 410.547119 0 274.844 0 680
0.215569738 0.100000001 0.0403472192 -0.283589274 401.150177 0 274.844 0 680
0.23588268 0.100000001 0.0416753227 -0.280778587 392.300018 0 274.844 0 680
0.25827138 0.100000001 0.0429436091 -0.278870374 384.037689 0 274.844 0 680
0.282784817 0.100000001 0.0441256669 -0.278102875 376.293457 0 274.844 0 680
0.309425974 0.100000001 0.0451879625 -0.278576642 369.238739 0 274.844 0 680
0.338142397 0.100000001 0.0460862159 -0.280124009 363.055054 0 274.844 0 680
0.36881851 0.100000001 0.04676412 -0.282278687 357.435974 0 274.844 0 680
0.401270912 0.100000001 0.0471539124 -0.28413561 351.819427 0 274.844 0 680
0.435247828 0.100000001 0.04718403 -0.284407079 345.527954 0 274.844 0 680
0.470433568 0.100000001 0.0467896775 -0.28162244 338.193756 0 274.844 0 680
0.506458328 0.100000001 0.0459298179 -0.274593532 330.394379 0 274.844 0 680
0.542912962 0.100000001 0.0445967938 -0.263113499 321.702789 0 274.844 0 680
0.579367595 0.100000001 0.0428264223 -0.247546807 311.698212 0 274.844 0 680
0.615392355 0.100000001 0.0406916522 -0.228767753 301.473816 0 274.844 0 680
0.650578095 0.100000001 0.0382910279 -0.208200261 292.084076 0 274.844 0 680
0.684555011 0.100000001 0.0357298415 -0.187239289 284.01062 0 274.844 0 680
0.717007413 0.100000001 0.0331036165 -0.166959673 277.231445 0 274.844 0 680
0.747683526 0.100000001 0.0304870948 -0.14787586 271.688171 0 274.844 0 680
0.77639995 0.100000001 0.0279316616 -0.130042866 266.99826 0 274.844 0 680
0.803041106 0.100000001 0.025468376 -0.11318282 262.588043 0 274.844 0 680
0.827554543 0.100000001 0.0231149096 -0.0968983173 258.08786 0 274.844 0 680
0.849943243 0.100000001 0.0208815518 -0.0808554292 253.371063 0 274.844 0 680
0.870256186 0.100000001 0.0187756365 -0.0648493692 248.461456 0 274.844 0 680
0.88857827 0.100000001 0.0168041758 -0.0488782488 243.428223 0 274.844 0 680
0.905020514 0.100000001 0.0149730975 -0.0330750979 238.397232 0 274.844 0 680
0.919711133 0.100000001 0.0132869066 -0.0176522937 233.63559 0 274.844 0 680
0.932787903 0.100000001 0.0117477146 -0.00287431292 228.639709 0 274.844 0 680
0.944391919 0.100000001 0.0103546433 0.0110133635 224.296783 0 274.844 0 680
0.954662776 0.100000001 0.00910358851 0.0238253232 221.697952 0 274.844 0 680
0.963735028 0.100000001 0.00798820752 0.0354985483 219.169983 0 274.844 0 680
0.971735767 0.100000001 0.00699940625 0.0460480377 216.065994 0 274.844 0 680
0.978783112 0.100000001 0.00612650272 0.0555312 212.95813 0 274.844 0 680
0.984985421 0.100000001 0.00536118375 0.0639400855 210.256134 0 274.844 0 680
0.990441055 0.100000001 0.00469147282 0.0713326409 207.972824 0 274.844 0 680
0.995238522 0.100000001 0.00410371417 0.0778756514 205.877975 0 274.844 0 680
0.999456897 0.100000001 0.00358666644 0.0837142691 203.843536 0 274.844 0 680
1.00316642 0.100000001 0.00313103723 0.0889467821 201.891068 0 274.844 0 680
1.00642917 0.100000001 0.00272902406 0.0936508849 200.03006 0 274.844 0 680
1.00929979 0.100000001 0.00237399384 0.0978868008 198.255661 0 274.844 0 680
1.01182626 0.100000001 0.00206025487 0.101707645 196.560944 0 274.844 0 680
1.01405052 0.100000001 0.0017828906 0.105156079 194.9422 0 274.844 0 680
1.01600922 0.100000001 0.00153763483 0.108273931 193.393372 0 274.844 0 680
1.01773429 0.100000001 0.00132077521 0.111091137 191.904602 0 274.844 0 680
1.0192535 0.100000001 0.00112907626 0.113644235 190.46344 0 274.844 0 680
1.02059097 0.100000001 0.000959716441 0.115954064 189.062622 0 274.844 0 680
1.02176763 0.100000001 0.000810235652 0.11805249 187.695267 0 274.844 0 680
1.02280161 0.100000001 0.000678490655 0.119951457 186.349213 0 274.844 0 680
1.02370858 0.100000001 0.000562627282 0.121681139 185.013763 0 274.844 0 680
1.02450207 0.100000001 0.000461062349 0.123243429 183.688232 0 274.844 0 680
1.0251937 0.100000001 0.000372409553 0.124668308 182.345032 0 274.844 0 680
1.0251937 0.100000001 0.000372409553 0.124668308 182.345032 0 274.844 0 680
1.02579347 0.100000001 0.000295456158 0.125945836 180.984329 0 274.844 0 680
1.0263099 0.100000001 0.000229151139 0.127113685 179.600525 0 274.844 0 680
1.02675021 0.100000001 0.0001725926 0.128143072 178.064041 0 274.844 0 680
1.0271205 0.100000001 0.000125015508 0.129083052 176.614182 0 274.844 0 680
1.02742581 0.100000001 8.5780361e-05 0.129880503 174.835648 0 274.844 0 680
1.02767026 0.100000001 5.43631542e-05 0.130593881 173.680634 0 274.844 0 680
1.02785712 0.100000001 3.03468153e-05 0.131105408 174.012878 0 274.844 0 680
1.02798886 0.100000001 1.34141908e-05 0.13127993 187.642136 0 274.844 0 680
1.02806722 0.100000001 3.34260658e-06 0.131685257 272.283569 0 274.844 0 680

ZONE T="SLICE_Y_0p75_BINS07_KS_1p0mm_CUTDATA"
1.21069917 0.749999999 0 0.130382732 523.916138 0 274.844 0 680
1.21067833 0.749999999 -2.67896125e-06 0.131574765 306.009766 0 274.844 0 680
1.21061552 0.749999999 -1.07509204e-05 0.131084695 208.098572 0 274.844 0 680
1.21050994 0.749999999 -2.43217203e-05 0.131138951 192.842468 0 274.844 0 680
1.21036018 0.749999999 -4.35698249e-05 0.130795568 192.103256 0 274.844 0 680
1.21016427 0.749999999 -6.87494199e-05 0.130141407 192.426727 0 274.844 0 680
1.20991957 0.749999999 -0.000100194772 0.129481822 193.679733 0 274.844 0 680
1.2096228 0.749999999 -0.000138325848 0.128662422 194.691818 0 274.844 0 680
1.20926991 0.749999999 -0.000183655182 0.12778908 195.886688 0 274.844 0 680
1.20885601 0.749999999 -0.000236795919 0.126767203 196.972092 0 274.844 0 680
1.20837532 0.749999999 -0.000298470891 0.125669628 198.094635 0 274.844 0 680
1.207821 0.749999999 -0.000369522449 0.124436505 199.220642 0 274.844 0 680
1.20718506 0.749999999 -0.000450922552 0.123098396 200.365723 0 274.844 0 680
1.20645816 0.749999999 -0.000543782264 0.121621363 201.540756 0 274.844 0 680
1.20562947 0.749999999 -0.000649370443 0.120012797 202.740479 0 274.844 0 680
1.20468642 0.749999999 -0.000769173127 0.118247285 203.974228 0 274.844 0 680
1.20361449 0.749999999 -0.000904908034 0.116319217 205.257538 0 274.844 0 680
1.20239691 0.749999999 -0.00105854684 0.114206493 206.594864 0 274.844 0 680
1.20101434 0.749999999 -0.00123235087 0.111893885 207.964508 0 274.844 0 680
1.19944452 0.749999999 -0.00142891325 0.10935805 209.389496 0 274.844 0 680
1.19766187 0.749999999 -0.00165120927 0.106578581 210.888931 0 274.844 0 680
1.19563701 0.749999999 -0.0019026581 0.103524655 212.444763 0 274.844 0 680
1.19333632 0.749999999 -0.00218720018 0.100167871 214.065262 0 274.844 0 680
1.19072136 0.749999999 -0.00250939714 0.0964699313 215.759949 0 274.844 0 680
1.18774833 0.749999999 -0.00287456516 0.0923840031 217.584717 0 274.844 0 680
1.18436748 0.749999999 -0.00328895758 0.0878489763 219.565002 0 274.844 0 680
1.18052251 0.749999999 -0.00376002188 0.0827846304 221.700058 0 274.844 0 680
1.17615004 0.749999999 -0.00429676756 0.0770573914 223.99115 0 274.844 0 680
1.17117915 0.749999999 -0.00491013914 0.0705425665 226.550735 0 274.844 0 680
1.16553099 0.749999999 -0.0056097353 0.0631972849 229.043533 0 274.844 0 680
1.15911873 0.749999999 -0.00640221872 0.0550027117 231.855011 0 274.844 0 680
1.15184769 0.749999999 -0.00729615056 0.0459635966 235.397797 0 274.844 0 680
1.14361603 0.749999999 -0.00829881937 0.0361240953 238.829559 0 274.844 0 680
1.13431589 0.749999999 -0.0094153085 0.0255409442 241.834183 0 274.844 0 680
1.1238354 0.749999999 -0.0106489074 0.014324409 245.056244 0 274.844 0 680
1.11206147 0.749999999 -0.0120003198 0.0026744022 248.933578 0 274.844 0 680
1.09888369 0.749999999 -0.0134678535 -0.00917265844 253.343704 0 274.844 0 680
1.0841993 0.749999999 -0.0150478979 -0.0210164618 258.011658 0 274.844 0 680
1.06791931 0.749999999 -0.0167357022 -0.0327384695 262.587555 0 274.844 0 680
1.04997569 0.749999999 -0.0185256462 -0.0443754308 266.874359 0 274.844 0 680
1.03032918 0.749999999 -0.0204118525 -0.0561439693 270.904419 0 274.844 0 680
1.00897739 0.749999999 -0.0223860743 -0.0683877692 274.928894 0 274.844 0 680
0.985962366 0.749999999 -0.0244341486 -0.0814901963 279.468262 0 274.844 0 680
0.961376727 0.749999999 -0.0265311827 -0.095719859 285.027344 0 274.844 0 680
0.935367466 0.749999999 -0.0286359937 -0.111054398 291.767365 0 274.844 0 680
0.90813637 0.749999999 -0.0306886789 -0.127054751 299.758911 0 274.844 0 680
0.879936452 0.749999999 -0.0326126803 -0.142757088 309.096924 0 274.844 0 680
0.851064093 0.749999999 -0.0343236104 -0.15691857 319.390625 0 274.844 0 680
0.821847208 0.749999999 -0.0357424901 -0.168012187 329.707123 0 274.844 0 680
0.792630324 0.749999999 -0.0368108539 -0.175331488 339.368622 0 274.844 0 680
0.763757965 0.749999999 -0.0374999959 -0.178120404 347.799805 0 274.844 0 680
0.735558046 0.749999999 -0.0378160531 -0.176374123 354.894623 0 274.844 0 680
0.70832695 0.749999999 -0.0377919151 -0.17179054 361.070984 0 274.844 0 680
0.682317689 0.749999999 -0.0374795126 -0.165231958 366.598511 0 274.844 0 680
0.65773205 0.749999999 -0.0369362005 -0.15753819 372.119202 0 274.844 0 680
0.634717021 0.749999999 -0.0362162874 -0.149683192 378.163513 0 274.844 0 680
0.613365233 0.749999999 -0.0353649013 -0.142089248 384.938019 0 274.844 0 680
0.593718725 0.749999999 -0.0344175308 -0.134922937 392.539032 0 274.844 0 680
0.575775106 0.749999999 -0.0334010515 -0.128039807 400.809875 0 274.844 0 680
0.559495121 0.749999999 -0.0323366314 -0.121220797 409.566132 0 274.844 0 680
0.544810726 0.749999999 -0.0312423576 -0.114227809 418.811676 7.82206189e-05 274.812 0 680
0.531632947 0.749999999 -0.0301342018 -0.106876813 428.617371 0.000371618662 274.697 0 680
0.519859021 0.749999999 -0.0290274825 -0.0991518646 438.938629 0.00112374534 274.41 0 680
0.50937853 0.749999999 -0.0279364469 -0.091203399 449.486816 0.00254248595 273.886 0 680
0.50007839 0.749999999 -0.0268736806 -0.0833113715 459.537109 0.00444701454 273.208 0 680
0.491846722 0.749999999 -0.0258505711 -0.0762776807 468.76593 0.00802829955 273.15 0.690436423 680
0.484575686 0.749999999 -0.0248754267 -0.0704863816 476.86734 0.0116415489 273.15 0.76718843 680
0.478163424 0.749999999 -0.023954259 -0.0677427128 485.596466 0.0150214126 273.15 0.397181571 680
0.472515268 0.749999999 -0.0230952321 -0.0710861683 498.864349 0.0204793215 273.15 0.262421817 680
0.467544373 0.749999999 -0.0222923622 -0.080761537 517.817871 0.0279836617 273.15 0.194362521 680
0.463171907 0.749999999 -0.0215249645 -0.0945746005 543.491089 0.039748773 273.15 0.154459223 680
0.459326936 0.749999999 -0.0207588569 -0.107131191 577.678711 0.0609791391 273.15 0.129785806 680
0.455946082 0.749999999 -0.0199685437 -0.111583166 617.251587 0.0916058794 273.15 0.113795884 680
0.452973053 0.749999999 -0.0191410628 -0.102692641 657.834229 0.129955024 273.15 0.102770068 680
0.450358096 0.749999999 -0.0182739806 -0.0788527653 696.103333 0.173927814 273.15 0.0949041843 680
0.448057406 0.749999999 -0.0173717396 -0.0395541228 728.116211 0.219125226 273.15 0.0888430625 680
0.44603255 0.749999999 -0.0164425497 0.0144002847 752.727905 0.264796942 273.15 0.0840754062 680
0.444249894 0.749999999 -0.0154957349 0.0791955143 769.922241 0.308627039 273.15 0.0803193226 680
0.442680075 0.749999999 -0.0145420489 0.150538176 781.52771 0.349155068 273.15 0.0774937272 680
0.441297505 0.749999999 -0.0135912786 0.224681318 785.292114 0.386461675 273.15 0.0752863362 680
0.440079924 0.749999999 -0.0126485912 0.297604144 767.670959 0.420658886 273.15 0.0724515244 680
0.439007996 0.749999999 -0.0117198201 0.367486715 738.50769 0.451314569 273.15 0.0699285045 680
0.438064948 0.749999999 -0.0108105062 0.434291214 724.017639 0.478874743 273.15 0.0696994364 680
0.437236255 0.749999999 -0.00992227259 0.496195734 719.511414 0.503974497 273.15 0.0714145675 680
0.436509355 0.749999999 -0.00905554412 0.552179396 710.791077 0.526680648 273.15 0.0741065145 680
0.435873412 0.749999999 -0.00821065318 0.60161531 697.23761 0.547022343 273.15 0.0780173317 680
0.435319095 0.749999999 -0.00738765557 0.644487441 683.580627 0.56509006 273.15 0.0840856805 680
0.434838405 0.749999999 -0.00658601023 0.680519342 672.034668 0.581145048 273.15 0.0936599001 680
0.434424511 0.749999999 -0.00580226926 0.709854782 662.044983 0.595236838 273.15 0.10885258 680
0.434071615 0.749999999 -0.00503435894 0.731686413 655.292542 0.606919229 273.15 0.133973524 680
0.433774845 0.749999999 -0.00428782076 0.74651289 653.17627 0.616847157 273.15 0.182182908 680
0.433530151 0.749999999 -0.00354316986 0.754256964 657.255981 0.62495476 273.15 0.284801513 680
0.433334234 0.749999999 -0.00284143098 0.753785491 661.806824 0.627875328 273.15 0.275269389 680
0.433184476 0.749999999 -0.00207971364 0.74568063 665.053589 0.626318932 273.15 0.168085888 680
0.433078892 0.749999999 -0.00146339258 0.727871656 677.101379 0.632043958 273.15 0.135066554 680
0.433016091 0.749999999 -0.000478377422 0.709624648 702.270508 0.643754184 273.15 0.101375647 680
0.432995248 0.749999999 0 0.673242867 729.550354 0.640641272 273.15 0.0628104433 680
0.433016091 0.749999999 0.000478377422 0.645855725 743.463562 0.63069272 273.15 0.0795632452 680
0.433078892 0.749999999 0.00146339258 0.604375362 769.116638 0.61980319 273.15 0.0769898742 680
0.433184476 0.749999999 0.00207971364 0.538665414 787.265198 0.608138859 273.15 0.0622417666 680
0.433334234 0.749999999 0.00284143098 0.489977837 807.993713 0.595418751 273.15 0.0615657084 680
0.433530151 0.749999999 0.00354316986 0.42297563 834.684998 0.578857124 273.15 0.0584913157 680
0.433774845 0.749999999 0.00428782076 0.360087365 853.414185 0.562202394 273.15 0.057861492 680
0.434071615 0.749999999 0.00503435894 0.285556078 875.972534 0.542503476 273.15 0.0574244075 680
0.434424511 0.749999999 0.00580226926 0.210004628 894.352051 0.521643996 273.15 0.0577858649 680
0.434838405 0.749999999 0.00658601023 0.127982438 912.340393 0.498254418 273.15 0.0586366616 680
0.435319095 0.749999999 0.00738765557 0.043624986 927.163757 0.473230869 273.15 0.0600836687 680
0.435873412 0.749999999 0.00821065318 -0.044322785 941.729126 0.446401745 273.15 0.0622968487 680
0.436509355 0.749999999 0.00905554412 -0.135887623 953.441772 0.417273104 273.15 0.0651288554 680
0.437236255 0.749999999 0.00992227259 -0.231148019 955.69989 0.385712266 273.15 0.0681617633 680
0.438064948 0.749999999 0.0108105062 -0.328164041 949.585999 0.3515791 273.15 0.071631439 680
0.439007996 0.749999999 0.0117198201 -0.424405366 955.964233 0.314934433 273.15 0.0771818385 680
0.440079924 0.749999999 0.0126485912 -0.5169186 982.062927 0.275290459 273.15 0.0860369131 680
0.441297505 0.749999999 0.0135912786 -0.606927454 991.134888 0.232575685 273.15 0.0962559432 680
0.442680075 0.749999999 0.0145420489 -0.690915704 969.806885 0.186578929 273.15 0.107086882 680
0.444249894 0.749999999 0.0154957349 -0.761033893 936.686646 0.138822898 273.15 0.120844185 680
0.44603255 0.749999999 0.0164425497 -0.812615335 895.440063 0.0926028341 273.15 0.139562279 680
0.448057406 0.749999999 0.0173717396 -0.840743124 845.752136 0.0500458181 273.15 0.166618183 680
0.450358096 0.749999999 0.0182739806 -0.842812061 788.585815 0.0189718846 273.15 0.208594263 680
0.452973053 0.749999999 0.0191410628 -0.818456829 726.562073 0.004177914 273.15 0.280061603 680
0.455946082 0.749999999 0.0199685437 -0.7737391 665.019897 0.00037193374 273.15 0.425320685 680
0.459326936 0.749999999 0.0207588569 -0.715724945 608.983154 0 273.15 0.85437423 680
0.463171907 0.749999999 0.0215249645 -0.651228726 564.475708 0 274.844 0 680
0.467544373 0.749999999 0.0222923622 -0.589638829 533.472961 0 274.844 0 680
0.472515268 0.749999999 0.0230952321 -0.538134038 512.973206 0 274.844 0 680
0.478163424 0.749999999 0.023954259 -0.498148143 500.919373 0 274.844 0 680
0.484575686 0.749999999 0.0248754267 -0.46766448 493.999817 0 274.844 0 680
0.491846722 0.749999999 0.0258505711 -0.443858117 487.643005 0 274.844 0 680
0.50007839 0.749999999 0.0268736806 -0.424328834 479.897064 0 274.844 0 680
0.50937853 0.749999999 0.0279364469 -0.407723546 470.620789 0 274.844 0 680
0.519859021 0.749999999 0.0290274825 -0.392979562 460.241669 0 274.844 0 680
0.531632947 0.749999999 0.0301342018 -0.379484147 449.531067 0 274.844 0 680
0.544810726 0.749999999 0.0312423576 -0.366925538 438.866821 0 274.844 0 680
0.559495121 0.749999999 0.0323366314 -0.355190933 428.404785 0 274.844 0 680
0.575775106 0.749999999 0.0334010515 -0.344386846 418.240051 0 274.844 0 680
0.593718725 0.749999999 0.0344175308 -0.334698319 408.416779 0 274.844 0 680
0.613365233 0.749999999 0.0353649013 -0.326283097 399.110596 0 274.844 0 680
0.634717021 0.749999999 0.0362162874 -0.319186926 390.580688 0 274.844 0 680
0.65773205 0.749999999 0.0369362005 -0.313175708 382.828583 0 274.844 0 680
0.682317689 0.749999999 0.0374795126 -0.307671249 375.617035 0 274.844 0 680
0.70832695 0.749999999 0.0377919151 -0.301729083 368.442291 0 274.844 0 680
0.735558046 0.749999999 0.0378160531 -0.294148684 360.613403 0 274.844 0 680
0.763757965 0.749999999 0.0374999959 -0.283727199 351.636444 0 274.844 0 680
0.792630324 0.749999999 0.0368108539 -0.269673705 341.423981 0 274.844 0 680
0.821847208 0.749999999 0.0357424901 -0.251796603 330.177521 0 274.844 0 680
0.851064093 0.749999999 0.0343236104 -0.230602041 318.309753 0 274.844 0 680
0.879936452 0.749999999 0.0326126803 -0.207220942 306.592896 0 274.844 0 680
0.90813637 0.749999999 0.0306886789 -0.183048576 295.897034 0 274.844 0 680
0.935367466 0.749999999 0.0286359937 -0.159379482 286.586456 0 274.844 0 680
0.961376727 0.749999999 0.0265311827 -0.137067422 278.640198 0 274.844 0 680
0.985962366 0.749999999 0.0244341486 -0.116472699 272.023468 0 274.844 0 680
1.00897739 0.749999999 0.0223860743 -0.097539112 266.471588 0 274.844 0 680
1.03032918 0.749999999 0.0204118525 -0.0799568444 261.404572 0 274.844 0 680
1.04997569 0.749999999 0.0185256462 -0.0633448809 256.308685 0 274.844 0 680
1.06791931 0.749999999 0.0167357022 -0.047382392 251.017868 0 274.844 0 680
1.0841993 0.749999999 0.0150478979 -0.0318904445 245.535004 0 274.844 0 680
1.09888369 0.749999999 0.0134678535 -0.016848864 240.056381 0 274.844 0 680
1.11206147 0.749999999 0.0120003198 -0.00236416818 234.921677 0 274.844 0 680
1.1238354 0.749999999 0.0106489074 0.0113899037 230.40094 0 274.844 0 680
1.13431589 0.749999999 0.0094153085 0.0242337231 226.6129 0 274.844 0 680
1.14361603 0.749999999 0.00829881937 0.0360420793 223.098587 0 274.844 0 680
1.15184769 0.749999999 0.00729615056 0.0467815734 219.220871 0 274.844 0 680
1.15911873 0.749999999 0.00640221872 0.0564592518 215.32309 0 274.844 0 680
1.16553099 0.749999999 0.0056097353 0.065094009 212.197586 0 274.844 0 680
1.17117915 0.749999999 0.00491013914 0.0727355182 209.479568 0 274.844 0 680
1.17615004 0.749999999 0.00429676756 0.0794531107 206.770096 0 274.844 0 680
1.18052251 0.749999999 0.00376002188 0.0853282586 204.325256 0 274.844 0 680
1.18436748 0.749999999 0.00328895758 0.0904881358 202.087891 0 274.844 0 680
1.18774833 0.749999999 0.00287456516 0.0950587466 200.039749 0 274.844 0 680
1.19072136 0.749999999 0.00250939714 0.0991268978 198.15715 0 274.844 0 680
1.19333632 0.749999999 0.00218720018 0.102762163 196.408279 0 274.844 0 680
1.19563701 0.749999999 0.0019026581 0.106019996 194.742889 0 274.844 0 680
1.19766187 0.749999999 0.00165120927 0.108947299 193.145096 0 274.844 0 680
1.19944452 0.749999999 0.00142891325 0.111580774 191.601135 0 274.844 0 680
1.20101434 0.749999999 0.00123235087 0.113956824 190.131302 0 274.844 0 680
1.20239691 0.749999999 0.00105854684 0.116101079 188.721909 0 274.844 0 680
1.20361449 0.749999999 0.000904908034 0.118041754 187.341736 0 274.844 0 680
1.20468642 0.749999999 0.000769173127 0.119796686 186.006226 0 274.844 0 680
1.20562947 0.749999999 0.000649370443 0.121390857 184.706589 0 274.844 0 680
1.20645816 0.749999999 0.000543782264 0.122832268 183.427765 0 274.844 0 680
1.20718506 0.749999999 0.000450922552 0.124146998 182.156204 0 274.844 0 680
1.207821 0.749999999 0.000369522449 0.125331119 180.896393 0 274.844 0 680
1.20837532 0.749999999 0.000298470891 0.126416355 179.630249 0 274.844 0 680
1.20885601 0.749999999 0.000236795919 0.127380103 178.341156 0 274.844 0 680
1.20926991 0.749999999 0.000183655182 0.12827076 177.029724 0 274.844 0 680
1.2096228 0.749999999 0.000138325848 0.129037917 175.623535 0 274.844 0 680
1.20991957 0.749999999 0.000100194772 0.129742831 174.379822 0 274.844 0 680
1.21016427 0.749999999 6.87494199e-05 0.130328625 172.93956 0 274.844 0 680
1.21036018 0.749999999 4.35698249e-05 0.130845234 172.549164 0 274.844 0 680
1.21050994 0.749999999 2.43217203e-05 0.131177709 174.741547 0 274.844 0 680
1.21061552 0.749999999 1.07509204e-05 0.13113144 193.117981 0 274.844 0 680
1.21067833 0.749999999 2.67896125e-06 0.131348059 297.188385 0 274.844 0 680
1.21067833 0.749999999 2.67896125e-06 0.131348059 297.188385 0 274.844 0 680

ZONE T="SLICE_Y_1p40_BINS07_KS_1p0mm_CUTDATA"
1.39330511 1.39999998 0 0.122049183 597.965576 0 274.844 0 680
1.39328943 1.39999998 -2.01531594e-06 0.122741126 335.480865 0 274.844 0 680
1.39324218 1.39999998 -8.08765014e-06 0.12274874 225.562302 0 274.844 0 680
1.39316276 1.39999998 -1.82966255e-05 0.122934073 209.7603 0 274.844 0 680
1.3930501 1.39999998 -3.27764961e-05 0.122652836 207.329102 0 274.844 0 680
1.39290271 1.39999998 -5.17184793e-05 0.122192964 207.054886 0 274.844 0 680
1.39271864 1.39999998 -7.53740356e-05 0.12161079 207.9104 0 274.844 0 680
1.39249538 1.39999998 -0.000104059096 0.120855637 208.926559 0 274.844 0 680
1.39222991 1.39999998 -0.000138159228 0.120035246 210.165863 0 274.844 0 680
1.39191855 1.39999998 -0.000178135683 0.119086824 211.37236 0 274.844 0 680
1.39155693 1.39999998 -0.00022453223 0.118057512 212.64325 0 274.844 0 680
1.39113994 1.39999998 -0.000277982551 0.116904154 213.907608 0 274.844 0 680
1.39066153 1.39999998 -0.000339217825 0.115653619 215.192825 0 274.844 0 680
1.3901147 1.39999998 -0.000409073878 0.114270583 216.490936 0 274.844 0 680
1.3894913 1.39999998 -0.00048850524 0.112766854 217.81871 0 274.844 0 680
1.38878187 1.39999998 -0.00057862982 0.111113928 219.175674 0 274.844 0 680
1.38797548 1.39999998 -0.000680739816 0.109310493 220.572723 0 274.844 0 680
1.38705953 1.39999998 -0.000796318467 0.107331574 222.015717 0 274.844 0 680
1.38601945 1.39999998 -0.000927066921 0.10516689 223.510925 0 274.844 0 680
1.38483852 1.39999998 -0.00107493591 0.102791876 225.06427 0 274.844 0 680
1.38349747 1.39999998 -0.00124216368 0.100188851 226.679916 0 274.844 0 680
1.38197422 1.39999998 -0.00143132239 0.0973306224 228.362 0 274.844 0 680
1.38024347 1.39999998 -0.00164537631 0.0941914022 230.112274 0 274.844 0 680
1.3782763 1.39999998 -0.00188775708 0.0907367095 231.931519 0 274.844 0 680
1.37603977 1.39999998 -0.0021624639 0.0869267434 233.817551 0 274.844 0 680
1.37349643 1.39999998 -0.00247420102 0.0827089176 235.781067 0 274.844 0 680
1.37060396 1.39999998 -0.00282857098 0.0780137405 237.683258 0 274.844 0 680
1.36731466 1.39999998 -0.00323235141 0.0727081597 239.692169 0 274.844 0 680
1.36357518 1.39999998 -0.0036937756 0.0666753277 242.404755 0 274.844 0 680
1.35932621 1.39999998 -0.0042200644 0.0599075519 245.605698 0 274.844 0 680
1.35450243 1.39999998 -0.00481622997 0.0524229035 248.925385 0 274.844 0 680
1.34903261 1.39999998 -0.00548871267 0.0442221425 252.421219 0 274.844 0 680
1.34284013 1.39999998 -0.00624299548 0.0353416689 256.055878 0 274.844 0 680
1.33584386 1.39999998 -0.0070829025 0.0258673169 259.623657 0 274.844 0 680
1.32795965 1.39999998 -0.00801090826 0.0159314945 263.121735 0 274.844 0 680
1.31910242 1.39999998 -0.00902754224 0.00570356287 266.839203 0 274.844 0 680
1.3091891 1.39999998 -0.0101315314 -0.0046151788 270.92627 0 274.844 0 680
1.2981424 1.39999998 -0.0113201595 -0.0148491058 275.341766 0 274.844 0 680
1.28589537 1.39999998 -0.0125898527 -0.0249154605 279.840973 0 274.844 0 680
1.27239683 1.39999998 -0.0139363831 -0.0348839834 284.348511 0 274.844 0 680
1.25761725 1.39999998 -0.0153553291 -0.0449958667 288.985657 0 274.844 0 680
1.24155483 1.39999998 -0.0168404871 -0.0556154698 293.92392 0 274.844 0 680
1.2242412 1.39999998 -0.0183812025 -0.067140542 299.537262 0 274.844 0 680
1.20574603 1.39999998 -0.0199587491 -0.0798777863 306.001129 0 274.844 0 680
1.18617991 1.39999998 -0.0215421461 -0.093882218 313.122589 0 274.844 0 680
1.16569464 1.39999998 -0.0230863301 -0.108842812 320.51825 0 274.844 0 680
1.14448054 1.39999998 -0.0245337085 -0.124061391 328.205994 0 274.844 0 680
1.12276058 1.39999998 -0.0258207987 -0.138449192 336.519562 0 274.844 0 680
1.10078145 1.39999998 -0.0268881867 -0.150824755 345.379456 0 274.844 0 680
1.07880231 1.39999998 -0.0276918902 -0.160186753 354.39386 0 274.844 0 680
1.05708235 1.39999998 -0.0282103146 -0.16615802 363.25885 0 274.844 0 680
1.03586825 1.39999998 -0.0284480766 -0.168863758 371.722717 0 274.844 0 680
1.01538298 1.39999998 -0.0284299182 -0.168900043 379.771545 0 274.844 0 680
0.995816857 1.39999998 -0.0281949055 -0.167395905 387.614868 0 274.844 0 680
0.977321692 1.39999998 -0.0277861853 -0.165272057 395.40567 0 274.844 0 680
0.960008059 1.39999998 -0.0272446126 -0.163127571 403.487976 0 274.844 0 680
0.943945639 1.39999998 -0.026604136 -0.161281452 412.154846 0 274.844 0 680
0.92916606 1.39999998 -0.0258914527 -0.159720629 421.509613 0 274.844 0 680
0.915667521 1.39999998 -0.0251267806 -0.158176005 431.584595 0.000148994994 274.785 0 680
0.903420493 1.39999998 -0.0243260438 -0.1562704 442.330719 0.000424742757 274.681 0 680
0.892373788 1.39999998 -0.0235028488 -0.153626516 453.595123 0.00160790712 274.243 0 680
0.882460472 1.39999998 -0.0226692108 -0.149984151 465.082916 0.00307322806 273.726 0 680
0.873603241 1.39999998 -0.0218366534 -0.145319641 476.522919 0.00672380207 273.15 0.255867451 680
0.865719028 1.39999998 -0.0210158945 -0.139819071 487.725128 0.0106454184 273.15 0.479745418 680
0.858722763 1.39999998 -0.0202164017 -0.13392733 498.566467 0.0160547663 273.15 0.611652851 680
0.852530284 1.39999998 -0.019446742 -0.128372103 509.079559 0.0227545984 273.15 0.845197439 680
0.847060465 1.39999998 -0.018713165 -0.12405479 518.862549 0.0293470211 273.15 0.499788105 680
0.842236679 1.39999998 -0.0180201935 -0.122725874 529.036133 0.0355078131 273.15 0.314099699 680
0.837987712 1.39999998 -0.0173739689 -0.126571178 543.070496 0.0426094756 273.15 0.226226315 680
0.834248231 1.39999998 -0.0167699899 -0.136890799 563.334656 0.0527844913 273.15 0.177221417 680
0.830958934 1.39999998 -0.0161926956 -0.151283324 592.377686 0.0686195046 273.15 0.148029774 680
0.828066458 1.39999998 -0.0156163719 -0.163846225 631.832336 0.0922545716 273.15 0.126159325 680
0.825523125 1.39999998 -0.015021839 -0.168379292 677.809937 0.126160666 273.15 0.111806862 680
0.82328659 1.39999998 -0.0143993456 -0.15958111 724.840881 0.166355968 273.15 0.102046415 680
0.821319422 1.39999998 -0.0137470613 -0.135670841 768.053101 0.210263193 273.15 0.0950133428 680
0.819588671 1.39999998 -0.0130683278 -0.09611056 804.229065 0.256506771 273.15 0.0897247493 680
0.818065422 1.39999998 -0.0123693213 -0.0419064164 832.531006 0.302296847 273.15 0.085662581 680
0.816724374 1.39999998 -0.0116570561 0.0233470742 851.288147 0.34595257 273.15 0.0824168473 680
0.815543439 1.39999998 -0.0109396218 0.095280908 860.720154 0.386371344 273.15 0.0798013657 680
0.814503365 1.39999998 -0.010224381 0.169965506 862.644287 0.423668981 273.15 0.0778539628 680
0.81358741 1.39999998 -0.00951522067 0.244860098 858.574097 0.457920104 273.15 0.0754319355 680
0.812781025 1.39999998 -0.00881652927 0.317406654 849.484192 0.488702029 273.15 0.0737481713 680
0.812071593 1.39999998 -0.00813247502 0.38572526 837.063049 0.516442358 273.15 0.0729078501 680
0.811448188 1.39999998 -0.00746427898 0.449014783 823.416443 0.541731477 273.15 0.073121272 680
0.810901359 1.39999998 -0.0068122607 0.506712317 808.456604 0.564652622 273.15 0.0744637474 680
0.810422955 1.39999998 -0.00617667025 0.558257043 792.583191 0.585228503 273.15 0.0771379322 680
0.810005956 1.39999998 -0.00555754961 0.603218496 778.093689 0.60356313 273.15 0.0816756263 680
0.809644345 1.39999998 -0.00495449175 0.641563952 764.957642 0.619921327 273.15 0.0888389051 680
0.809332982 1.39999998 -0.00436490291 0.672943652 751.700256 0.634357333 273.15 0.0998415425 680
0.809067508 1.39999998 -0.00378722306 0.697311223 741.302063 0.646411836 273.15 0.117045119 680
0.809067508 1.39999998 -0.00378722306 0.697311223 741.302063 0.646411836 273.15 0.117045119 680
0.808844255 1.39999998 -0.00322562095 0.714223862 735.101624 0.656759202 273.15 0.147005379 680
0.808660178 1.39999998 -0.00266543859 0.724051416 736.02417 0.664932072 273.15 0.204200998 680
0.808512795 1.39999998 -0.00213753788 0.726537287 745.719788 0.668874383 273.15 0.234245881 680
0.808400135 1.39999998 -0.00156451687 0.721747994 751.575439 0.66969955 273.15 0.176661164 680
0.808320707 1.39999998 -0.00110087385 0.706242561 774.39032 0.675111949 273.15 0.140562057 680
0.808273463 1.39999998 -0.000359871441 0.689724863 794.951294 0.682692051 273.15 0.106646985 680
0.808257784 1.39999998 0 0.660899818 817.181213 0.677954972 273.15 0.0681535527 680
0.808273463 1.39999998 0.000359871441 0.628118694 825.534119 0.669957757 273.15 0.0837329477 680
0.808320707 1.39999998 0.00110087385 0.592025101 857.21759 0.661235988 273.15 0.0809949189 680
0.808400135 1.39999998 0.00156451687 0.533198893 894.681335 0.651194274 273.15 0.0672653839 680
0.808512795 1.39999998 0.00213753788 0.484660536 914.413757 0.639671862 273.15 0.0663476586 680
0.808660178 1.39999998 0.00266543859 0.421558529 943.508667 0.624318421 273.15 0.0631944463 680
0.808844255 1.39999998 0.00322562095 0.359002143 953.786316 0.608609319 273.15 0.0620336495 680
0.809067508 1.39999998 0.00378722306 0.287921369 972.915955 0.589857996 273.15 0.0613330826 680
0.809332982 1.39999998 0.00436490291 0.214074329 989.381836 0.569849551 273.15 0.061570026 680
0.809644345 1.39999998 0.00495449175 0.134709507 1007.034 0.547339499 273.15 0.0624078624 680
0.810005956 1.39999998 0.00555754961 0.0523591191 1020.25842 0.523173451 273.15 0.0638186634 680
0.810422955 1.39999998 0.00617667025 -0.0336058177 1032.63269 0.497243494 273.15 0.0659945756 680
0.810901359 1.39999998 0.0068122607 -0.122955874 1044.63684 0.469104648 273.15 0.068967104 680
0.811448188 1.39999998 0.00746427898 -0.214875713 1053.76208 0.438588589 273.15 0.0721650496 680
0.812071593 1.39999998 0.00813247502 -0.308257669 1059.2428 0.405663759 273.15 0.0759315044 680
0.812781025 1.39999998 0.00881652927 -0.40230009 1062.37329 0.370273113 273.15 0.0807429627 680
0.81358741 1.39999998 0.00951522067 -0.495770693 1060.27185 0.331644237 273.15 0.0866094157 680
0.814503365 1.39999998 0.010224381 -0.585224628 1049.32031 0.28913787 273.15 0.0935907066 680
0.815543439 1.39999998 0.0109396218 -0.665546536 1029.29041 0.243976787 273.15 0.102171034 680
0.816724374 1.39999998 0.0116570561 -0.73316884 999.572998 0.196931958 273.15 0.112931922 680
0.818065422 1.39999998 0.0123693213 -0.783264756 958.058044 0.14678587 273.15 0.126741737 680
0.819588671 1.39999998 0.0130683278 -0.811066985 905.76416 0.0979451612 273.15 0.14582631 680
0.821319422 1.39999998 0.0137470613 -0.814160645 845.218872 0.0534360446 273.15 0.174362928 680
0.82328659 1.39999998 0.0143993456 -0.791929662 778.11322 0.0217835736 273.15 0.221013784 680
0.825523125 1.39999998 0.015021839 -0.74977231 710.247925 0.00516020693 273.15 0.307811499 680
0.828066458 1.39999998 0.0156163719 -0.694380403 648.326172 0.000557768915 273.15 0.50881809 680
0.830958934 1.39999998 0.0161926956 -0.632646739 598.433594 0 273.15 0.838759184 680
0.834248231 1.39999998 0.0167699899 -0.572973371 564.216003 0 274.844 0 680
0.837987712 1.39999998 0.0173739689 -0.521956921 542.906067 0 274.844 0 680
0.842236679 1.39999998 0.0180201935 -0.481195211 530.183838 0 274.844 0 680
0.847060465 1.39999998 0.018713165 -0.448861957 522.000732 0 274.844 0 680
0.852530284 1.39999998 0.019446742 -0.422417998 514.136902 0 274.844 0 680
0.858722763 1.39999998 0.0202164017 -0.399679571 505.125214 0 274.844 0 680
0.865719028 1.39999998 0.0210158945 -0.3793962 495.131195 0 274.844 0 680
0.873603241 1.39999998 0.0218366534 -0.360568404 484.00647 0 274.844 0 680
0.882460472 1.39999998 0.0226692108 -0.342618167 471.92688 0 274.844 0 680
0.892373788 1.39999998 0.0235028488 -0.325325042 459.266876 0 274.844 0 680
0.903420493 1.39999998 0.0243260438 -0.308735818 446.409332 0 274.844 0 680
0.915667521 1.39999998 0.0251267806 -0.293134719 433.757141 0 274.844 0 680
0.92916606 1.39999998 0.0258914527 -0.278877646 421.643524 0 274.844 0 680
0.943945639 1.39999998 0.026604136 -0.266254067 410.264008 0 274.844 0 680
0.960008059 1.39999998 0.0272446126 -0.255385488 399.626617 0 274.844 0 680
0.977321692 1.39999998 0.0277861853 -0.246084303 389.578857 0 274.844 0 680
0.995816857 1.39999998 0.0281949055 -0.237811223 379.750214 0 274.844 0 680
1.01538298 1.39999998 0.0284299182 -0.229669452 369.708984 0 274.844 0 680
1.03586825 1.39999998 0.0284480766 -0.220552757 359.275299 0 274.844 0 680
1.05708235 1.39999998 0.0282103146 -0.209372029 348.343811 0 274.844 0 680
1.07880231 1.39999998 0.0276918902 -0.19541195 336.925537 0 274.844 0 680
1.10078145 1.39999998 0.0268881867 -0.178532779 325.25592 0 274.844 0 680
1.12276058 1.39999998 0.0258207987 -0.15927884 313.624512 0 274.844 0 680
1.14448054 1.39999998 0.0245337085 -0.138743758 302.458771 0 274.844 0 680
1.16569464 1.39999998 0.0230863301 -0.118164822 292.013031 0 274.844 0 680
1.18617991 1.39999998 0.0215421461 -0.098596178 282.057526 0 274.844 0 680
1.20574603 1.39999998 0.0199587491 -0.0806650966 272.579803 0 274.844 0 680
1.2242412 1.39999998 0.0183812025 -0.0645831972 263.92337 0 274.844 0 680
1.24155483 1.39999998 0.0168404871 -0.050208468 256.30899 0 274.844 0 680
1.25761725 1.39999998 0.0153553291 -0.0371842794 249.583832 0 274.844 0 680
1.27239683 1.39999998 0.0139363831 -0.0250943284 243.381317 0 274.844 0 680
1.28589537 1.39999998 0.0125898527 -0.0135797001 237.577637 0 274.844 0 680
1.2981424 1.39999998 0.0113201595 -0.00241202698 232.075485 0 274.844 0 680
1.3091891 1.39999998 0.0101315314 0.00848512165 226.95372 0 274.844 0 680
1.31910242 1.39999998 0.00902754224 0.0190581586 222.403809 0 274.844 0 680
1.32795965 1.39999998 0.00801090826 0.0291923024 218.393463 0 274.844 0 680
1.33584386 1.39999998 0.0070829025 0.0387588553 214.795822 0 274.844 0 680
1.34284013 1.39999998 0.00624299548 0.0476607122 211.262497 0 274.844 0 680
1.34903261 1.39999998 0.00548871267 0.055845771 207.731964 0 274.844 0 680
1.35450243 1.39999998 0.00481622997 0.0632838309 204.436188 0 274.844 0 680
1.35932621 1.39999998 0.0042200644 0.0699799582 201.427887 0 274.844 0 680
1.36357518 1.39999998 0.0036937756 0.0759625509 198.670319 0 274.844 0 680
1.36731466 1.39999998 0.00323235141 0.0812518001 196.364563 0 274.844 0 680
1.37060396 1.39999998 0.00282857098 0.0858872756 194.617752 0 274.844 0 680
1.37349643 1.39999998 0.00247420102 0.0899726674 192.9879 0 274.844 0 680
1.37603977 1.39999998 0.0021624639 0.0936162993 191.352448 0 274.844 0 680
1.3782763 1.39999998 0.00188775708 0.0968831182 189.791306 0 274.844 0 680
1.38024347 1.39999998 0.00164537631 0.0998246968 188.290726 0 274.844 0 680
1.38197422 1.39999998 0.00143132239 0.102479495 186.848206 0 274.844 0 680
1.38349747 1.39999998 0.00124216368 0.104882486 185.45993 0 274.844 0 680
1.38483852 1.39999998 0.00107493591 0.10705851 184.122116 0 274.844 0 680
1.38601945 1.39999998 0.000927066921 0.109035105 182.8293 0 274.844 0 680
1.38705953 1.39999998 0.000796318467 0.11082834 181.575821 0 274.844 0 680
1.38797548 1.39999998 0.000680739816 0.112462945 180.350189 0 274.844 0 680
1.38878187 1.39999998 0.00057862982 0.113947287 179.145844 0 274.844 0 680
1.3894913 1.39999998 0.00048850524 0.115306087 177.960007 0 274.844 0 680
1.3901147 1.39999998 0.000409073878 0.116538823 176.786102 0 274.844 0 680
1.39066153 1.39999998 0.000339217825 0.117672779 175.624939 0 274.844 0 680
1.39113994 1.39999998 0.000277982551 0.1186966 174.457367 0 274.844 0 680
1.39155693 1.39999998 0.00022453223 0.119641595 173.312378 0 274.844 0 680
1.39191855 1.39999998 0.000178135683 0.120486639 172.124207 0 274.844 0 680
1.39222991 1.39999998 0.000138159228 0.12126819 170.954666 0 274.844 0 680
1.39249538 1.39999998 0.000104059096 0.121939957 169.754852 0 274.844 0 680
1.39271864 1.39999998 7.53740356e-05 0.122560643 168.800827 0 274.844 0 680
1.39290271 1.39999998 5.17184793e-05 0.123044446 168.076614 0 274.844 0 680
1.3930501 1.39999998 3.27764961e-05 0.123389825 168.832687 0 274.844 0 680
1.39316276 1.39999998 1.82966255e-05 0.123598121 172.962006 0 274.844 0 680
1.39324218 1.39999998 8.08765014e-06 0.123315893 192.94574 0 274.844 0 680
1.39328943 1.39999998 2.01531594e-06 0.123351544 315.645935 0 274.844 0 680

ZONE T="SLICE_Y_0p10_BINS15_KS_1p0mm_CUTDATA"
1.02809322 0.100000001 0 0.130768508 456.462067 0 274.844 0 680
1.02806722 0.100000001 -3.34260658e-06 0.131945699 276.889954 0 274.844 0 680
1.02798886 0.100000001 -1.34141908e-05 0.131309435 196.145615 0 274.844 0 680
1.02785712 0.100000001 -3.03468153e-05 0.131120518 184.53093 0 274.844 0 680
1.02767026 0.100000001 -5.43631542e-05 0.130607441 184.975082 0 274.844 0 680
1.02742581 0.100000001 -8.5780361e-05 0.129809216 185.922791 0 274.844 0 680
1.0271205 0.100000001 -0.000125015508 0.128974587 187.445343 0 274.844 0 680
1.02675021 0.100000001 -0.0001725926 0.127975434 188.649261 0 274.844 0 680
1.0263099 0.100000001 -0.000229151139 0.126898766 189.97319 0 274.844 0 680
1.02579347 0.100000001 -0.000295456158 0.125675499 191.154846 0 274.844 0 680
1.0251937 0.100000001 -0.000372409553 0.124349996 192.353073 0 274.844 0 680
1.02450207 0.100000001 -0.000461062349 0.122875772 193.537781 0 274.844 0 680
1.02370858 0.100000001 -0.000562627282 0.121271811 194.741806 0 274.844 0 680
1.02280161 0.100000001 -0.000678490655 0.119506262 195.970444 0 274.844 0 680
1.02176763 0.100000001 -0.000810235652 0.117584288 197.226013 0 274.844 0 680
1.02059097 0.100000001 -0.000959716441 0.115476631 198.510086 0 274.844 0 680
1.0192535 0.100000001 -0.00112907626 0.113177486 199.824615 0 274.844 0 680
1.01773429 0.100000001 -0.00132077521 0.110658281 201.180496 0 274.844 0 680
1.01600922 0.100000001 -0.00153763483 0.107904986 202.587234 0 274.844 0 680
1.01405052 0.100000001 -0.0017828906 0.104888164 204.050842 0 274.844 0 680
1.01182626 0.100000001 -0.00206025487 0.101585843 205.575531 0 274.844 0 680
1.00929979 0.100000001 -0.00237399384 0.0979657099 207.165176 0 274.844 0 680
1.00642917 0.100000001 -0.00272902406 0.0939963087 208.823425 0 274.844 0 680
1.00316642 0.100000001 -0.00313103723 0.0896369368 210.555817 0 274.844 0 680
0.999456897 0.100000001 -0.00358666644 0.0848408714 212.364685 0 274.844 0 680
0.995238522 0.100000001 -0.00410371417 0.0795430019 214.228699 0 274.844 0 680
0.990441055 0.100000001 -0.00469147282 0.0736543387 216.116302 0 274.844 0 680
0.984985421 0.100000001 -0.00536118375 0.0670329407 218.165527 0 274.844 0 680
0.978783112 0.100000001 -0.00612650272 0.0595152043 220.625992 0 274.844 0 680
0.971735767 0.100000001 -0.00699940625 0.0510850288 223.47879 0 274.844 0 680
0.963735028 0.100000001 -0.00798820752 0.041806031 226.201401 0 274.844 0 680
0.954662776 0.100000001 -0.00910358851 0.0316538438 228.189575 0 274.844 0 680
0.944391919 0.100000001 -0.0103546433 0.0206487309 230.224136 0 274.844 0 680
0.932787903 0.100000001 -0.0117477146 0.00890569855 234.099182 0 274.844 0 680
0.919711133 0.100000001 -0.0132869066 -0.00333318114 238.604904 0 274.844 0 680
0.905020514 0.100000001 -0.0149730975 -0.0157943889 242.766815 0 274.844 0 680
0.88857827 0.100000001 -0.0168041758 -0.0282161571 247.138931 0 274.844 0 680
0.870256186 0.100000001 -0.0187756365 -0.040368434 251.457474 0 274.844 0 680
0.849943243 0.100000001 -0.0208815518 -0.0521274544 255.616196 0 274.844 0 680
0.827554543 0.100000001 -0.0231149096 -0.0635254085 259.568115 0 274.844 0 680
0.803041106 0.100000001 -0.025468376 -0.0747837871 263.300568 0 274.844 0 680
0.77639995 0.100000001 -0.0279316616 -0.0862529352 266.948639 0 274.844 0 680
0.747683526 0.100000001 -0.0304870948 -0.0983155966 270.88443 0 274.844 0 680
0.717007413 0.100000001 -0.0331036165 -0.111212075 275.633575 0 274.844 0 680
0.684555011 0.100000001 -0.0357298415 -0.124844231 281.513763 0 274.844 0 680
0.650578095 0.100000001 -0.0382910279 -0.138663441 288.606384 0 274.844 0 680
0.615392355 0.100000001 -0.0406916522 -0.151603386 296.988617 0 274.844 0 680
0.579367595 0.100000001 -0.0428264223 -0.162271053 306.156616 0 274.844 0 680
0.542912962 0.100000001 -0.0445967938 -0.169390008 315.053436 0 274.844 0 680
0.506458328 0.100000001 -0.0459298179 -0.172038272 322.499725 0 274.844 0 680
0.470433568 0.100000001 -0.0467896775 -0.169978648 328.986603 0 274.844 0 680
0.435247828 0.100000001 -0.04718403 -0.163954049 335.119659 0 274.844 0 680
0.401270912 0.100000001 -0.0471539124 -0.155040517 340.294647 0 274.844 0 680
0.36881851 0.100000001 -0.04676412 -0.144431621 344.834412 0 274.844 0 680
0.338142397 0.100000001 -0.0460862159 -0.133340955 349.369598 0 274.844 0 680
0.309425974 0.100000001 -0.0451879625 -0.122558802 354.451019 0 274.844 0 680
0.282784817 0.100000001 -0.0441256669 -0.112517394 360.451904 0 274.844 0 680
0.25827138 0.100000001 -0.0429436091 -0.103279777 367.226532 0 274.844 0 680
0.23588268 0.100000001 -0.0416753227 -0.0946836248 374.580811 0 274.844 0 680
0.215569738 0.100000001 -0.0403472192 -0.0864862949 382.613831 0 274.844 0 680
0.197247653 0.100000001 -0.0389818665 -0.0784343407 391.324829 0 274.844 0 680
0.18080541 0.100000001 -0.0375991931 -0.0703424215 400.574371 0 274.844 0 680
0.16611479 0.100000001 -0.0362183119 -0.0621949621 410.084595 5.18650049e-05 274.822 0 680
0.153038021 0.100000001 -0.0348569996 -0.054119736 419.312012 0.000208087469 274.76 0 680
0.141434004 0.100000001 -0.0335309596 -0.0464119837 427.736298 0.000557632535 274.623 0 680
0.131163147 0.100000001 -0.0322544005 -0.0396431983 435.489899 0.00121818576 274.37 0 680
0.122090895 0.100000001 -0.0310376885 -0.0344641246 442.705566 0.00230471371 273.15 0.829007864 680
0.114090156 0.100000001 -0.0298883246 -0.0329542533 449.388611 0.00376279023 273.15 0.511202037 680
0.107042812 0.100000001 -0.0288164955 -0.0378278233 459.17041 0.00555431424 273.15 0.300735384 680
0.100840502 0.100000001 -0.0278147348 -0.0497421026 476.792999 0.0088281231 273.15 0.210319519 680
0.095384868 0.100000001 -0.0268572335 -0.0660027266 501.676422 0.015566444 273.15 0.161263406 680
0.0905874016 0.100000001 -0.025901342 -0.0810048953 533.227783 0.0294264928 273.15 0.131596729 680
0.0863690258 0.100000001 -0.0249152486 -0.0888687596 570.136963 0.053309612 273.15 0.112647578 680
0.0826595046 0.100000001 -0.0238827801 -0.0839875937 608.515259 0.0873797759 273.15 0.099842228 680
0.0793967571 0.100000001 -0.0228009001 -0.0633432195 646.99646 0.128646418 273.15 0.0909948945 680
0.0765261296 0.100000001 -0.0216751515 -0.0273199081 674.817139 0.173711747 273.15 0.0837760866 680
0.0739996662 0.100000001 -0.0205157782 0.0206957422 682.99823 0.219567388 273.15 0.0769849569 680
0.0717754023 0.100000001 -0.0193344138 0.0818573385 695.938416 0.263896585 273.15 0.0726777092 680
0.0698166999 0.100000001 -0.0181444761 0.15207389 710.460205 0.305243284 273.15 0.0699151158 680
0.0680916329 0.100000001 -0.0169581763 0.223341167 708.248169 0.343414009 273.15 0.0669548437 680
0.0665724268 0.100000001 -0.0157819618 0.295416325 701.936584 0.378587514 273.15 0.0647963658 680
0.0652349553 0.100000001 -0.014623111 0.365523905 692.316101 0.41028744 273.15 0.0632591397 680
0.0640582914 0.100000001 -0.0134885374 0.432020694 680.361633 0.438864708 273.15 0.0624342859 680
0.06302431 0.100000001 -0.0123802663 0.494191587 667.157654 0.464923531 273.15 0.0624570325 680
0.0621173393 0.100000001 -0.0112988276 0.551512778 652.773315 0.488569319 273.15 0.0633774176 680
0.0613238562 0.100000001 -0.0102446362 0.603418529 637.648621 0.50983429 273.15 0.0653446913 680
0.060632222 0.100000001 -0.00921776159 0.649546921 622.331909 0.528837919 273.15 0.0686498135 680
0.0600324533 0.100000001 -0.00821752876 0.689583659 608.039551 0.545866132 273.15 0.0739512369 680
0.0595160266 0.100000001 -0.00723963566 0.723963499 593.279602 0.560938835 273.15 0.0820447206 680
0.0590757101 0.100000001 -0.00628149485 0.751048863 580.557312 0.573582292 273.15 0.0945045799 680
0.0587054221 0.100000001 -0.0053500206 0.772354066 568.853882 0.584369838 273.15 0.11559388 680
0.058400112 0.100000001 -0.00442090115 0.785841703 558.461426 0.592513144 273.15 0.152531296 680
0.0581556616 0.100000001 -0.0035453241 0.793431818 553.071838 0.59630388 273.15 0.243465126 680
0.057968805 0.100000001 -0.00259491044 0.794675767 550.854797 0.599798739 273.15 0.25979808 680
0.0578370652 0.100000001 -0.00182591131 0.787620127 560.980225 0.613556266 273.15 0.173739865 680
0.0577587065 0.100000001 -0.000596883407 0.77806282 583.28479 0.626850009 273.15 0.116797365 680
0.0577327005 0.100000001 0 0.754560351 603.148499 0.61696136 273.15 0.0688710585 680
0.0577587065 0.100000001 0.000596883407 0.735504389 620.65448 0.601031244 273.15 0.083469227 680
0.0578370652 0.100000001 0.00182591131 0.704371333 644.272461 0.589675963 273.15 0.0781051591 680
0.057968805 0.100000001 0.00259491044 0.654400229 659.147217 0.579883099 273.15 0.0615741387 680
0.0581556616 0.100000001 0.0035453241 0.615736127 677.404968 0.568962216 273.15 0.0597076453 680
0.058400112 0.100000001 0.00442090115 0.561136603 701.029968 0.554512739 273.15 0.0557656363 680
0.0587054221 0.100000001 0.0053500206 0.509214699 719.125854 0.539703965 273.15 0.0544251539 680
0.0590757101 0.100000001 0.00628149485 0.447006464 740.648865 0.52188766 273.15 0.0533496179 680
0.0595160266 0.100000001 0.00723963566 0.382979482 758.828186 0.502720952 273.15 0.053093005 680
0.0600324533 0.100000001 0.00821752876 0.312764883 776.757141 0.480944097 273.15 0.0533112586 680
0.060632222 0.100000001 0.00921776159 0.239745602 791.811951 0.457393348 273.15 0.0540689938 680
0.0613238562 0.100000001 0.0102446362 0.16300483 806.010193 0.431930095 273.15 0.055458378 680
0.0621173393 0.100000001 0.0112988276 0.08271458 818.399536 0.404161662 273.15 0.0573980771 680
0.06302431 0.100000001 0.0123802663 -0.000385317457 828.606323 0.374058187 273.15 0.0599141531 680
0.0640582914 0.100000001 0.0134885374 -0.0857444927 836.683899 0.341438949 273.15 0.0631192997 680
0.0652349553 0.100000001 0.014623111 -0.172836825 843.054565 0.306164503 273.15 0.0672577322 680
0.0665724268 0.100000001 0.0157819618 -0.260799944 846.280212 0.267730653 273.15 0.0724526867 680
0.0680916329 0.100000001 0.0169581763 -0.346690565 844.15155 0.225816801 273.15 0.0788624063 680
0.0698166999 0.100000001 0.0181444761 -0.424976736 835.248779 0.181414708 273.15 0.0868821293 680
0.0717754023 0.100000001 0.0193344138 -0.495791018 804.303406 0.135547146 273.15 0.0955477059 680
0.0739996662 0.100000001 0.0205157782 -0.548478961 775.556946 0.0901503414 273.15 0.108092375 680
0.0765261296 0.100000001 0.0216751515 -0.578911543 754.740295 0.0498151109 273.15 0.127835572 680
0.0793967571 0.100000001 0.0228009001 -0.591371298 713.208069 0.0204881541 273.15 0.154095292 680
0.0826595046 0.100000001 0.0238827801 -0.581959486 660.838074 0.00512493169 273.15 0.192573428 680
0.0863690258 0.100000001 0.0249152486 -0.552869499 609.357178 0.000596714206 273.15 0.257050484 680
0.0905874016 0.100000001 0.025901342 -0.510845542 561.503967 9.43961186e-06 273.15 0.385926902 680
0.095384868 0.100000001 0.0268572335 -0.463051617 522.376587 0 273.15 0.663014531 680
0.100840502 0.100000001 0.0278147348 -0.416582227 493.420013 0 273.962 0.437639445 680
0.107042812 0.100000001 0.0288164955 -0.378371269 474.365784 0 274.844 0 680
0.114090156 0.100000001 0.0298883246 -0.35062331 464.820526 0 274.844 0 680
0.122090895 0.100000001 0.0310376885 -0.331532985 459.161163 0 274.844 0 680
0.131163147 0.100000001 0.0322544005 -0.318209618 453.13028 0 274.844 0 680
0.141434004 0.100000001 0.0335309596 -0.308481961 446.469849 0 274.844 0 680
0.153038021 0.100000001 0.0348569996 -0.301319599 438.815491 0 274.844 0 680
0.16611479 0.100000001 0.0362183119 -0.29573229 429.896149 0 274.844 0 680
0.18080541 0.100000001 0.0375991931 -0.291088849 420.259216 0 274.844 0 680
0.197247653 0.100000001 0.0389818665 -0.287068874 410.547119 0 274.844 0 680
0.215569738 0.100000001 0.0403472192 -0.283589274 401.150177 0 274.844 0 680
0.23588268 0.100000001 0.0416753227 -0.280778587 392.300018 0 274.844 0 680
0.25827138 0.100000001 0.0429436091 -0.278870374 384.037689 0 274.844 0 680
0.282784817 0.100000001 0.0441256669 -0.278102875 376.293457 0 274.844 0 680
0.309425974 0.100000001 0.0451879625 -0.278576642 369.238739 0 274.844 0 680
0.338142397 0.100000001 0.0460862159 -0.280124009 363.055054 0 274.844 0 680
0.36881851 0.100000001 0.04676412 -0.282278687 357.435974 0 274.844 0 680
0.401270912 0.100000001 0.0471539124 -0.28413561 351.819427 0 274.844 0 680
0.435247828 0.100000001 0.04718403 -0.284407079 345.527954 0 274.844 0 680
0.470433568 0.100000001 0.0467896775 -0.28162244 338.193756 0 274.844 0 680
0.506458328 0.100000001 0.0459298179 -0.274593532 330.394379 0 274.844 0 680
0.542912962 0.100000001 0.0445967938 -0.263113499 321.702789 0 274.844 0 680
0.579367595 0.100000001 0.0428264223 -0.247546807 311.698212 0 274.844 0 680
0.615392355 0.100000001 0.0406916522 -0.228767753 301.473816 0 274.844 0 680
0.650578095 0.100000001 0.0382910279 -0.208200261 292.084076 0 274.844 0 680
0.684555011 0.100000001 0.0357298415 -0.187239289 284.01062 0 274.844 0 680
0.717007413 0.100000001 0.0331036165 -0.166959673 277.231445 0 274.844 0 680
0.747683526 0.100000001 0.0304870948 -0.14787586 271.688171 0 274.844 0 680
0.77639995 0.100000001 0.0279316616 -0.130042866 266.99826 0 274.844 0 680
0.803041106 0.100000001 0.025468376 -0.11318282 262.588043 0 274.844 0 680
0.827554543 0.100000001 0.0231149096 -0.0968983173 258.08786 0 274.844 0 680
0.849943243 0.100000001 0.0208815518 -0.0808554292 253.371063 0 274.844 0 680
0.870256186 0.100000001 0.0187756365 -0.0648493692 248.461456 0 274.844 0 680
0.88857827 0.100000001 0.0168041758 -0.0488782488 243.428223 0 274.844 0 680
0.905020514 0.100000001 0.0149730975 -0.0330750979 238.397232 0 274.844 0 680
0.919711133 0.100000001 0.0132869066 -0.0176522937 233.63559 0 274.844 0 680
0.932787903 0.100000001 0.0117477146 -0.00287431292 228.639709 0 274.844 0 680
0.944391919 0.100000001 0.0103546433 0.0110133635 224.296783 0 274.844 0 680
0.954662776 0.100000001 0.00910358851 0.0238253232 221.697952 0 274.844 0 680
0.963735028 0.100000001 0.00798820752 0.0354985483 219.169983 0 274.844 0 680
0.971735767 0.100000001 0.00699940625 0.0460480377 216.065994 0 274.844 0 680
0.978783112 0.100000001 0.00612650272 0.0555312 212.95813 0 274.844 0 680
0.984985421 0.100000001 0.00536118375 0.0639400855 210.256134 0 274.844 0 680
0.990441055 0.100000001 0.00469147282 0.0713326409 207.972824 0 274.844 0 680
0.995238522 0.100000001 0.00410371417 0.0778756514 205.877975 0 274.844 0 680
0.999456897 0.100000001 0.00358666644 0.0837142691 203.843536 0 274.844 0 680
1.00316642 0.100000001 0.00313103723 0.0889467821 201.891068 0 274.844 0 680
1.00642917 0.100000001 0.00272902406 0.0936508849 201.891068 0 274.844 0 680
1.00929979 0.100000001 0.00237399384 0.0978868008 200.03006 0 274.844 0 680
1.01182626 0.100000001 0.00206025487 0.101707645 198.255661 0 274.844 0 680
1.01405052 0.100000001 0.0017828906 0.105156079 196.560944 0 274.844 0 680
1.01600922 0.100000001 0.00153763483 0.108273931 194.9422 0 274.844 0 680
1.01773429 0.100000001 0.00132077521 0.111091137 193.393372 0 274.844 0 680
1.0192535 0.100000001 0.00112907626 0.113644235 191.904602 0 274.844 0 680
1.02059097 0.100000001 0.000959716441 0.115954064 190.46344 0 274.844 0 680
1.02176763 0.100000001 0.000810235652 0.11805249 189.062622 0 274.844 0 680
1.02280161 0.100000001 0.000678490655 0.119951457 187.695267 0 274.844 0 680
1.02370858 0.100000001 0.000562627282 0.121681139 186.349213 0 274.844 0 680
1.02450207 0.100000001 0.000461062349 0.123243429 185.013763 0 274.844 0 680
1.0251937 0.100000001 0.000372409553 0.124668308 183.688232 0 274.844 0 680
1.0251937 0.100000001 0.000372409553 0.124668308 182.345032 0 274.844 0 680
1.02579347 0.100000001 0.000295456158 0.125945836 180.984329 0 274.844 0 680
1.0263099 0.100000001 0.000229151139 0.127113685 179.600525 0 274.844 0 680
1.02675021 0.100000001 0.0001725926 0.128143072 178.064041 0 274.844 0 680
1.0271205 0.100000001 0.000125015508 0.129083052 176.614182 0 274.844 0 680
1.02742581 0.100000001 8.5780361e-05 0.129880503 174.835648 0 274.844 0 680
1.02767026 0.100000001 5.43631542e-05 0.130593881 173.680634 0 274.844 0 680
1.02785712 0.100000001 3.03468153e-05 0.131105408 174.012878 0 274.844 0 680
1.02798886 0.100000001 1.34141908e-05 0.13127993 187.642136 0 274.844 0 680
1.02806722 0.100000001 3.34260658e-06 0.131685257 272.283569 0 274.844 0 680

ZONE T="SLICE_Y_0p75_BINS15_KS_1p0mm_CUTDATA"
1.21069917 0.749999999 0 0.130382732 523.916138 0 274.844 0 680
1.21067833 0.749999999 -2.67896125e-06 0.131574765 306.009766 0 274.844 0 680
1.21061552 0.749999999 -1.07509204e-05 0.131084695 208.098572 0 274.844 0 680
1.21050994 0.749999999 -2.43217203e-05 0.131138951 192.842468 0 274.844 0 680
1.21036018 0.749999999 -4.35698249e-05 0.130795568 192.103256 0 274.844 0 680
1.21016427 0.749999999 -6.87494199e-05 0.130141407 192.426727 0 274.844 0 680
1.20991957 0.749999999 -0.000100194772 0.129481822 193.679733 0 274.844 0 680
1.2096228 0.749999999 -0.000138325848 0.128662422 194.691818 0 274.844 0 680
1.20926991 0.749999999 -0.000183655182 0.12778908 195.886688 0 274.844 0 680
1.20885601 0.749999999 -0.000236795919 0.126767203 196.972092 0 274.844 0 680
1.20837532 0.749999999 -0.000298470891 0.125669628 198.094635 0 274.844 0 680
1.207821 0.749999999 -0.000369522449 0.124436505 199.220642 0 274.844 0 680
1.20718506 0.749999999 -0.000450922552 0.123098396 200.365723 0 274.844 0 680
1.20645816 0.749999999 -0.000543782264 0.121621363 201.540756 0 274.844 0 680
1.20562947 0.749999999 -0.000649370443 0.120012797 202.740479 0 274.844 0 680
1.20468642 0.749999999 -0.000769173127 0.118247285 203.974228 0 274.844 0 680
1.20361449 0.749999999 -0.000904908034 0.116319217 205.257538 0 274.844 0 680
1.20239691 0.749999999 -0.00105854684 0.114206493 206.594864 0 274.844 0 680
1.20101434 0.749999999 -0.00123235087 0.111893885 207.964508 0 274.844 0 680
1.19944452 0.749999999 -0.00142891325 0.10935805 209.389496 0 274.844 0 680
1.19766187 0.749999999 -0.00165120927 0.106578581 210.888931 0 274.844 0 680
1.19563701 0.749999999 -0.0019026581 0.103524655 212.444763 0 274.844 0 680
1.19333632 0.749999999 -0.00218720018 0.100167871 214.065262 0 274.844 0 680
1.19072136 0.749999999 -0.00250939714 0.0964699313 215.759949 0 274.844 0 680
1.18774833 0.749999999 -0.00287456516 0.0923840031 217.584717 0 274.844 0 680
1.18436748 0.749999999 -0.00328895758 0.0878489763 219.565002 0 274.844 0 680
1.18052251 0.749999999 -0.00376002188 0.0827846304 221.700058 0 274.844 0 680
1.17615004 0.749999999 -0.00429676756 0.0770573914 223.99115 0 274.844 0 680
1.17117915 0.749999999 -0.00491013914 0.0705425665 226.550735 0 274.844 0 680
1.16553099 0.749999999 -0.0056097353 0.0631972849 229.043533 0 274.844 0 680
1.15911873 0.749999999 -0.00640221872 0.0550027117 231.855011 0 274.844 0 680
1.15184769 0.749999999 -0.00729615056 0.0459635966 235.397797 0 274.844 0 680
1.14361603 0.749999999 -0.00829881937 0.0361240953 238.829559 0 274.844 0 680
1.13431589 0.749999999 -0.0094153085 0.0255409442 241.834183 0 274.844 0 680
1.1238354 0.749999999 -0.0106489074 0.014324409 245.056244 0 274.844 0 680
1.11206147 0.749999999 -0.0120003198 0.0026744022 248.933578 0 274.844 0 680
1.09888369 0.749999999 -0.0134678535 -0.00917265844 253.343704 0 274.844 0 680
1.0841993 0.749999999 -0.0150478979 -0.0210164618 258.011658 0 274.844 0 680
1.06791931 0.749999999 -0.0167357022 -0.0327384695 262.587555 0 274.844 0 680
1.04997569 0.749999999 -0.0185256462 -0.0443754308 266.874359 0 274.844 0 680
1.03032918 0.749999999 -0.0204118525 -0.0561439693 270.904419 0 274.844 0 680
1.00897739 0.749999999 -0.0223860743 -0.0683877692 274.928894 0 274.844 0 680
0.985962366 0.749999999 -0.0244341486 -0.0814901963 279.468262 0 274.844 0 680
0.961376727 0.749999999 -0.0265311827 -0.095719859 285.027344 0 274.844 0 680
0.935367466 0.749999999 -0.0286359937 -0.111054398 291.767365 0 274.844 0 680
0.90813637 0.749999999 -0.0306886789 -0.127054751 299.758911 0 274.844 0 680
0.879936452 0.749999999 -0.0326126803 -0.142757088 309.096924 0 274.844 0 680
0.851064093 0.749999999 -0.0343236104 -0.15691857 319.390625 0 274.844 0 680
0.821847208 0.749999999 -0.0357424901 -0.168012187 329.707123 0 274.844 0 680
0.792630324 0.749999999 -0.0368108539 -0.175331488 339.368622 0 274.844 0 680
0.763757965 0.749999999 -0.0374999959 -0.178120404 347.799805 0 274.844 0 680
0.735558046 0.749999999 -0.0378160531 -0.176374123 354.894623 0 274.844 0 680
0.70832695 0.749999999 -0.0377919151 -0.17179054 361.070984 0 274.844 0 680
0.682317689 0.749999999 -0.0374795126 -0.165231958 366.598511 0 274.844 0 680
0.65773205 0.749999999 -0.0369362005 -0.15753819 372.119202 0 274.844 0 680
0.634717021 0.749999999 -0.0362162874 -0.149683192 378.163513 0 274.844 0 680
0.613365233 0.749999999 -0.0353649013 -0.142089248 384.938019 0 274.844 0 680
0.593718725 0.749999999 -0.0344175308 -0.134922937 392.539032 0 274.844 0 680
0.575775106 0.749999999 -0.0334010515 -0.128039807 400.809875 0 274.844 0 680
0.559495121 0.749999999 -0.0323366314 -0.121220797 409.566132 1.23458003e-05 274.839 0 680
0.544810726 0.749999999 -0.0312423576 -0.114227809 418.811676 0.000117756899 274.796 0 680
0.531632947 0.749999999 -0.0301342018 -0.106876813 428.617371 0.00045675179 274.663 0 680
0.519859021 0.749999999 -0.0290274825 -0.0991518646 438.938629 0.00126912212 274.354 0 680
0.50937853 0.749999999 -0.0279364469 -0.091203399 449.486816 0.00274968916 273.808 0 680
0.50007839 0.749999999 -0.0268736806 -0.0833113715 459.537109 0.00499863504 273.153 0.0683815256 680
0.491846722 0.749999999 -0.0258505711 -0.0762776807 468.76593 0.00813029334 273.15 0.670791268 680
0.484575686 0.749999999 -0.0248754267 -0.0704863816 476.86734 0.0120760119 273.15 0.778546572 680
0.478163424 0.749999999 -0.023954259 -0.0677427128 485.596466 0.0161147192 273.15 0.401264936 680
0.472515268 0.749999999 -0.0230952321 -0.0710861683 498.864349 0.0211278535 273.15 0.265002698 680
0.467544373 0.749999999 -0.0222923622 -0.080761537 517.817871 0.0277993828 273.15 0.196033657 680
0.463171907 0.749999999 -0.0215249645 -0.0945746005 543.491089 0.0402363576 273.15 0.155609116 680
0.459326936 0.749999999 -0.0207588569 -0.107131191 577.678711 0.0610674284 273.15 0.130686179 680
0.455946082 0.749999999 -0.0199685437 -0.111583166 617.251587 0.0913512185 273.15 0.114499308 680
0.452973053 0.749999999 -0.0191410628 -0.102692641 657.834229 0.129583091 273.15 0.103369661 680
0.450358096 0.749999999 -0.0182739806 -0.0788527653 696.103333 0.173011884 273.15 0.0953790992 680
0.448057406 0.749999999 -0.0173717396 -0.0395541228 728.116211 0.218497336 273.15 0.0892573893 680
0.44603255 0.749999999 -0.0164425497 0.0144002847 752.727905 0.264024198 273.15 0.0844460875 680
0.444249894 0.749999999 -0.0154957349 0.0791955143 769.922241 0.307427227 273.15 0.0806513354 680
0.442680075 0.749999999 -0.0145420489 0.150538176 781.52771 0.347792387 273.15 0.0777864829 680
0.441297505 0.749999999 -0.0135912786 0.224681318 785.292114 0.385150045 273.15 0.0755474865 680
0.440079924 0.749999999 -0.0126485912 0.297604144 767.670959 0.419369996 273.15 0.0726850703 680
0.439007996 0.749999999 -0.0117198201 0.367486715 738.50769 0.450060904 273.15 0.0701396987 680
0.438064948 0.749999999 -0.0108105062 0.434291214 724.017639 0.477655202 273.15 0.0698991641 680
0.437236255 0.749999999 -0.00992227259 0.496195734 719.511414 0.502772093 273.15 0.071609877 680
0.436509355 0.749999999 -0.00905554412 0.552179396 710.791077 0.525501132 273.15 0.0743008032 680
0.435873412 0.749999999 -0.00821065318 0.60161531 697.23761 0.545854926 273.15 0.0782141834 680
0.435319095 0.749999999 -0.00738765557 0.644487441 683.580627 0.563934803 273.15 0.0842902139 680
0.434838405 0.749999999 -0.00658601023 0.680519342 672.034668 0.579998493 273.15 0.093879655 680
0.434424511 0.749999999 -0.00580226926 0.709854782 662.044983 0.594096184 273.15 0.109098092 680
0.434071615 0.749999999 -0.00503435894 0.731686413 655.292542 0.605781138 273.15 0.134261072 680
0.433774845 0.749999999 -0.00428782076 0.74651289 653.17627 0.615707695 273.15 0.182543352 680
0.433530151 0.749999999 -0.00354316986 0.754256964 657.255981 0.623834014 273.15 0.285274208 680
0.433334234 0.749999999 -0.00284143098 0.753785491 661.806824 0.626802325 273.15 0.275716037 680
0.433184476 0.749999999 -0.00207971364 0.74568063 665.053589 0.625247657 273.15 0.168406606 680
0.433078892 0.749999999 -0.00146339258 0.727871656 677.101379 0.630882204 273.15 0.135341495 680
0.433016091 0.749999999 -0.000478377422 0.709624648 702.270508 0.642517507 273.15 0.101597816 680
0.432995248 0.749999999 0 0.673242867 729.550354 0.639393091 273.15 0.0629575849 680
0.433016091 0.749999999 0.000478377422 0.645855725 743.463562 0.629455388 273.15 0.0797499865 680
0.433078892 0.749999999 0.00146339258 0.604375362 769.116638 0.618565261 273.15 0.0771758854 680
0.433184476 0.749999999 0.00207971364 0.538665414 787.265198 0.606896043 273.15 0.0623985603 680
0.433334234 0.749999999 0.00284143098 0.489977837 807.993713 0.594170451 273.15 0.0617247671 680
0.433530151 0.749999999 0.00354316986 0.42297563 834.684998 0.577590346 273.15 0.058647465 680
0.433774845 0.749999999 0.00428782076 0.360087365 853.414185 0.560916483 273.15 0.0580209009 680
0.434071615 0.749999999 0.00503435894 0.285556078 875.972534 0.541189253 273.15 0.0575886294 680
0.434424511 0.749999999 0.00580226926 0.210004628 894.352051 0.520288229 273.15 0.0579578876 680
0.434838405 0.749999999 0.00658601023 0.127982438 912.340393 0.496864617 273.15 0.0588197671 680
0.435319095 0.749999999 0.00738765557 0.043624986 927.163757 0.471772552 273.15 0.0602808408 680
0.435873412 0.749999999 0.00821065318 -0.044322785 941.729126 0.444893509 273.15 0.0625155717 680
0.436509355 0.749999999 0.00905554412 -0.135887623 953.441772 0.415717632 273.15 0.0653713942 680
0.437236255 0.749999999 0.00992227259 -0.231148019 955.69989 0.384143859 273.15 0.068438381 680
0.438064948 0.749999999 0.0108105062 -0.328164041 949.585999 0.350433588 273.15 0.0719422027 680
0.439007996 0.749999999 0.0117198201 -0.424405366 955.964233 0.314143836 273.15 0.0775316581 680
0.440079924 0.749999999 0.0126485912 -0.5169186 982.062927 0.274513483 273.15 0.0864454135 680
0.441297505 0.749999999 0.0135912786 -0.606927454 991.134888 0.231558502 273.15 0.0967494547 680
0.442680075 0.749999999 0.0145420489 -0.690915704 969.806885 0.185769007 273.15 0.107707664 680
0.444249894 0.749999999 0.0154957349 -0.761033893 936.686646 0.138721615 273.15 0.121620715 680
0.44603255 0.749999999 0.0164425497 -0.812615335 895.440063 0.0919596553 273.15 0.14059712 680
0.448057406 0.749999999 0.0173717396 -0.840743124 845.752136 0.0504765399 273.15 0.168015555 680
0.450358096 0.749999999 0.0182739806 -0.842812061 788.585815 0.0200379938 273.15 0.210563302 680
0.452973053 0.749999999 0.0191410628 -0.818456829 726.562073 0.00471036648 273.15 0.283317834 680
0.455946082 0.749999999 0.0199685437 -0.7737391 665.019897 0.000425285776 273.15 0.432628155 680
0.459326936 0.749999999 0.0207588569 -0.715724945 608.983154 0 273.15 0.853409111 680
0.463171907 0.749999999 0.0215249645 -0.651228726 564.475708 0 274.844 0 680
0.467544373 0.749999999 0.0222923622 -0.589638829 533.472961 0 274.844 0 680
0.472515268 0.749999999 0.0230952321 -0.538134038 512.973206 0 274.844 0 680
0.478163424 0.749999999 0.023954259 -0.498148143 500.919373 0 274.844 0 680
0.484575686 0.749999999 0.0248754267 -0.46766448 493.999817 0 274.844 0 680
0.491846722 0.749999999 0.0258505711 -0.443858117 487.643005 0 274.844 0 680
0.50007839 0.749999999 0.0268736806 -0.424328834 479.897064 0 274.844 0 680
0.50937853 0.749999999 0.0279364469 -0.407723546 470.620789 0 274.844 0 680
0.519859021 0.749999999 0.0290274825 -0.392979562 460.241669 0 274.844 0 680
0.531632947 0.749999999 0.0301342018 -0.379484147 449.531067 0 274.844 0 680
0.544810726 0.749999999 0.0312423576 -0.366925538 438.866821 0 274.844 0 680
0.559495121 0.749999999 0.0323366314 -0.355190933 428.404785 0 274.844 0 680
0.575775106 0.749999999 0.0334010515 -0.344386846 418.240051 0 274.844 0 680
0.593718725 0.749999999 0.0344175308 -0.334698319 408.416779 0 274.844 0 680
0.613365233 0.749999999 0.0353649013 -0.326283097 399.110596 0 274.844 0 680
0.634717021 0.749999999 0.0362162874 -0.319186926 390.580688 0 274.844 0 680
0.65773205 0.749999999 0.0369362005 -0.313175708 382.828583 0 274.844 0 680
0.682317689 0.749999999 0.0374795126 -0.307671249 375.617035 0 274.844 0 680
0.70832695 0.749999999 0.0377919151 -0.301729083 368.442291 0 274.844 0 680
0.735558046 0.749999999 0.0378160531 -0.294148684 360.613403 0 274.844 0 680
0.763757965 0.749999999 0.0374999959 -0.283727199 351.636444 0 274.844 0 680
0.792630324 0.749999999 0.0368108539 -0.269673705 341.423981 0 274.844 0 680
0.821847208 0.749999999 0.0357424901 -0.251796603 330.177521 0 274.844 0 680
0.851064093 0.749999999 0.0343236104 -0.230602041 318.309753 0 274.844 0 680
0.879936452 0.749999999 0.0326126803 -0.207220942 306.592896 0 274.844 0 680
0.90813637 0.749999999 0.0306886789 -0.183048576 295.897034 0 274.844 0 680
0.935367466 0.749999999 0.0286359937 -0.159379482 286.586456 0 274.844 0 680
0.961376727 0.749999999 0.0265311827 -0.137067422 278.640198 0 274.844 0 680
0.985962366 0.749999999 0.0244341486 -0.116472699 272.023468 0 274.844 0 680
1.00897739 0.749999999 0.0223860743 -0.097539112 266.471588 0 274.844 0 680
1.03032918 0.749999999 0.0204118525 -0.0799568444 261.404572 0 274.844 0 680
1.04997569 0.749999999 0.0185256462 -0.0633448809 256.308685 0 274.844 0 680
1.06791931 0.749999999 0.0167357022 -0.047382392 251.017868 0 274.844 0 680
1.0841993 0.749999999 0.0150478979 -0.0318904445 245.535004 0 274.844 0 680
1.09888369 0.749999999 0.0134678535 -0.016848864 240.056381 0 274.844 0 680
1.11206147 0.749999999 0.0120003198 -0.00236416818 234.921677 0 274.844 0 680
1.1238354 0.749999999 0.0106489074 0.0113899037 230.40094 0 274.844 0 680
1.13431589 0.749999999 0.0094153085 0.0242337231 226.6129 0 274.844 0 680
1.14361603 0.749999999 0.00829881937 0.0360420793 223.098587 0 274.844 0 680
1.15184769 0.749999999 0.00729615056 0.0467815734 219.220871 0 274.844 0 680
1.15911873 0.749999999 0.00640221872 0.0564592518 215.32309 0 274.844 0 680
1.16553099 0.749999999 0.0056097353 0.065094009 212.197586 0 274.844 0 680
1.17117915 0.749999999 0.00491013914 0.0727355182 209.479568 0 274.844 0 680
1.17615004 0.749999999 0.00429676756 0.0794531107 206.770096 0 274.844 0 680
1.18052251 0.749999999 0.00376002188 0.0853282586 204.325256 0 274.844 0 680
1.18436748 0.749999999 0.00328895758 0.0904881358 202.087891 0 274.844 0 680
1.18774833 0.749999999 0.00287456516 0.0950587466 200.039749 0 274.844 0 680
1.19072136 0.749999999 0.00250939714 0.0991268978 198.15715 0 274.844 0 680
1.19333632 0.749999999 0.00218720018 0.102762163 196.408279 0 274.844 0 680
1.19563701 0.749999999 0.0019026581 0.106019996 196.408279 0 274.844 0 680
1.19766187 0.749999999 0.00165120927 0.108947299 194.742889 0 274.844 0 680
1.19944452 0.749999999 0.00142891325 0.111580774 193.145096 0 274.844 0 680
1.20101434 0.749999999 0.00123235087 0.113956824 191.601135 0 274.844 0 680
1.20239691 0.749999999 0.00105854684 0.116101079 190.131302 0 274.844 0 680
1.20361449 0.749999999 0.000904908034 0.118041754 188.721909 0 274.844 0 680
1.20468642 0.749999999 0.000769173127 0.119796686 187.341736 0 274.844 0 680
1.20562947 0.749999999 0.000649370443 0.121390857 186.006226 0 274.844 0 680
1.20645816 0.749999999 0.000543782264 0.122832268 184.706589 0 274.844 0 680
1.20718506 0.749999999 0.000450922552 0.124146998 183.427765 0 274.844 0 680
1.207821 0.749999999 0.000369522449 0.125331119 182.156204 0 274.844 0 680
1.20837532 0.749999999 0.000298470891 0.126416355 180.896393 0 274.844 0 680
1.20885601 0.749999999 0.000236795919 0.127380103 179.630249 0 274.844 0 680
1.20926991 0.749999999 0.000183655182 0.12827076 178.341156 0 274.844 0 680
1.2096228 0.749999999 0.000138325848 0.129037917 177.029724 0 274.844 0 680
1.20991957 0.749999999 0.000100194772 0.129742831 175.623535 0 274.844 0 680
1.21016427 0.749999999 6.87494199e-05 0.130328625 174.379822 0 274.844 0 680
1.21036018 0.749999999 4.35698249e-05 0.130845234 172.93956 0 274.844 0 680
1.21050994 0.749999999 2.43217203e-05 0.131177709 172.549164 0 274.844 0 680
1.21061552 0.749999999 1.07509204e-05 0.13113144 174.741547 0 274.844 0 680
1.21067833 0.749999999 2.67896125e-06 0.131348059 193.117981 0 274.844 0 680
1.21067833 0.749999999 2.67896125e-06 0.131348059 297.188385 0 274.844 0 680

ZONE T="SLICE_Y_1p40_BINS15_KS_1p0mm_CUTDATA"
1.39330511 1.39999998 0 0.122049183 597.965576 0 274.844 0 680
1.39328943 1.39999998 -2.01531594e-06 0.122741126 335.480865 0 274.844 0 680
1.39324218 1.39999998 -8.08765014e-06 0.12274874 225.562302 0 274.844 0 680
1.39316276 1.39999998 -1.82966255e-05 0.122934073 209.7603 0 274.844 0 680
1.3930501 1.39999998 -3.27764961e-05 0.122652836 207.329102 0 274.844 0 680
1.39290271 1.39999998 -5.17184793e-05 0.122192964 207.054886 0 274.844 0 680
1.39271864 1.39999998 -7.53740356e-05 0.12161079 207.9104 0 274.844 0 680
1.39249538 1.39999998 -0.000104059096 0.120855637 208.926559 0 274.844 0 680
1.39222991 1.39999998 -0.000138159228 0.120035246 210.165863 0 274.844 0 680
1.39191855 1.39999998 -0.000178135683 0.119086824 211.37236 0 274.844 0 680
1.39155693 1.39999998 -0.00022453223 0.118057512 212.64325 0 274.844 0 680
1.39113994 1.39999998 -0.000277982551 0.116904154 213.907608 0 274.844 0 680
1.39066153 1.39999998 -0.000339217825 0.115653619 215.192825 0 274.844 0 680
1.3901147 1.39999998 -0.000409073878 0.114270583 216.490936 0 274.844 0 680
1.3894913 1.39999998 -0.00048850524 0.112766854 217.81871 0 274.844 0 680
1.38878187 1.39999998 -0.00057862982 0.111113928 219.175674 0 274.844 0 680
1.38797548 1.39999998 -0.000680739816 0.109310493 220.572723 0 274.844 0 680
1.38705953 1.39999998 -0.000796318467 0.107331574 222.015717 0 274.844 0 680
1.38601945 1.39999998 -0.000927066921 0.10516689 223.510925 0 274.844 0 680
1.38483852 1.39999998 -0.00107493591 0.102791876 225.06427 0 274.844 0 680
1.38349747 1.39999998 -0.00124216368 0.100188851 226.679916 0 274.844 0 680
1.38197422 1.39999998 -0.00143132239 0.0973306224 228.362 0 274.844 0 680
1.38024347 1.39999998 -0.00164537631 0.0941914022 230.112274 0 274.844 0 680
1.3782763 1.39999998 -0.00188775708 0.0907367095 231.931519 0 274.844 0 680
1.37603977 1.39999998 -0.0021624639 0.0869267434 233.817551 0 274.844 0 680
1.37349643 1.39999998 -0.00247420102 0.0827089176 235.781067 0 274.844 0 680
1.37060396 1.39999998 -0.00282857098 0.0780137405 237.683258 0 274.844 0 680
1.36731466 1.39999998 -0.00323235141 0.0727081597 239.692169 0 274.844 0 680
1.36357518 1.39999998 -0.0036937756 0.0666753277 242.404755 0 274.844 0 680
1.35932621 1.39999998 -0.0042200644 0.0599075519 245.605698 0 274.844 0 680
1.35450243 1.39999998 -0.00481622997 0.0524229035 248.925385 0 274.844 0 680
1.34903261 1.39999998 -0.00548871267 0.0442221425 252.421219 0 274.844 0 680
1.34284013 1.39999998 -0.00624299548 0.0353416689 256.055878 0 274.844 0 680
1.33584386 1.39999998 -0.0070829025 0.0258673169 259.623657 0 274.844 0 680
1.32795965 1.39999998 -0.00801090826 0.0159314945 263.121735 0 274.844 0 680
1.31910242 1.39999998 -0.00902754224 0.00570356287 266.839203 0 274.844 0 680
1.3091891 1.39999998 -0.0101315314 -0.0046151788 270.92627 0 274.844 0 680
1.2981424 1.39999998 -0.0113201595 -0.0148491058 275.341766 0 274.844 0 680
1.28589537 1.39999998 -0.0125898527 -0.0249154605 279.840973 0 274.844 0 680
1.27239683 1.39999998 -0.0139363831 -0.0348839834 284.348511 0 274.844 0 680
1.25761725 1.39999998 -0.0153553291 -0.0449958667 288.985657 0 274.844 0 680
1.24155483 1.39999998 -0.0168404871 -0.0556154698 293.92392 0 274.844 0 680
1.2242412 1.39999998 -0.0183812025 -0.067140542 299.537262 0 274.844 0 680
1.20574603 1.39999998 -0.0199587491 -0.0798777863 306.001129 0 274.844 0 680
1.18617991 1.39999998 -0.0215421461 -0.093882218 313.122589 0 274.844 0 680
1.16569464 1.39999998 -0.0230863301 -0.108842812 320.51825 0 274.844 0 680
1.14448054 1.39999998 -0.0245337085 -0.124061391 328.205994 0 274.844 0 680
1.12276058 1.39999998 -0.0258207987 -0.138449192 336.519562 0 274.844 0 680
1.10078145 1.39999998 -0.0268881867 -0.150824755 345.379456 0 274.844 0 680
1.07880231 1.39999998 -0.0276918902 -0.160186753 354.39386 0 274.844 0 680
1.05708235 1.39999998 -0.0282103146 -0.16615802 363.25885 0 274.844 0 680
1.03586825 1.39999998 -0.0284480766 -0.168863758 371.722717 0 274.844 0 680
1.01538298 1.39999998 -0.0284299182 -0.168900043 379.771545 0 274.844 0 680
0.995816857 1.39999998 -0.0281949055 -0.167395905 387.614868 0 274.844 0 680
0.977321692 1.39999998 -0.0277861853 -0.165272057 395.40567 0 274.844 0 680
0.960008059 1.39999998 -0.0272446126 -0.163127571 403.487976 0 274.844 0 680
0.943945639 1.39999998 -0.026604136 -0.161281452 412.154846 0 274.844 0 680
0.92916606 1.39999998 -0.0258914527 -0.159720629 421.509613 2.83482204e-05 274.833 0 680
0.915667521 1.39999998 -0.0251267806 -0.158176005 431.584595 0.000175773661 274.775 0 680
0.903420493 1.39999998 -0.0243260438 -0.1562704 442.330719 0.000614726334 274.608 0 680
0.892373788 1.39999998 -0.0235028488 -0.153626516 453.595123 0.00164981396 274.228 0 680
0.882460472 1.39999998 -0.0226692108 -0.149984151 465.082916 0.00361083611 273.53 0 680
0.873603241 1.39999998 -0.0218366534 -0.145319641 476.522919 0.00678741839 273.15 0.261772186 680
0.865719028 1.39999998 -0.0210158945 -0.139819071 487.725128 0.0112154474 273.15 0.500582695 680
0.858722763 1.39999998 -0.0202164017 -0.13392733 498.566467 0.0166304968 273.15 0.621280789 680
0.852530284 1.39999998 -0.019446742 -0.128372103 509.079559 0.0226107743 273.15 0.844103754 680
0.847060465 1.39999998 -0.018713165 -0.12405479 518.862549 0.0295377113 273.15 0.506836414 680
0.842236679 1.39999998 -0.0180201935 -0.122725874 529.036133 0.0361129493 273.15 0.317402154 680
0.837987712 1.39999998 -0.0173739689 -0.126571178 543.070496 0.0432673953 273.15 0.228373185 680
0.834248231 1.39999998 -0.0167699899 -0.136890799 563.334656 0.0527622588 273.15 0.178746343 680
0.830958934 1.39999998 -0.0161926956 -0.151283324 592.377686 0.0682251453 273.15 0.149123698 680
0.828066458 1.39999998 -0.0156163719 -0.163846225 631.832336 0.0923997983 273.15 0.127004832 680
0.825523125 1.39999998 -0.015021839 -0.168379292 677.809937 0.125423685 273.15 0.112484105 680
0.82328659 1.39999998 -0.0143993456 -0.15958111 724.840881 0.165529892 273.15 0.102580242 680
0.821319422 1.39999998 -0.0137470613 -0.135670841 768.053101 0.209732533 273.15 0.0954712257 680
0.819588671 1.39999998 -0.0130683278 -0.09611056 804.229065 0.255635679 273.15 0.0901312456 680
0.818065422 1.39999998 -0.0123693213 -0.0419064164 832.531006 0.30103305 273.15 0.0860149935 680
0.816724374 1.39999998 -0.0116570561 0.0233470742 851.288147 0.344665974 273.15 0.0827246681 680
0.815543439 1.39999998 -0.0109396218 0.095280908 860.720154 0.385121554 273.15 0.0800734311 680
0.814503365 1.39999998 -0.010224381 0.169965506 862.644287 0.422451347 273.15 0.0780998617 680
0.81358741 1.39999998 -0.00951522067 0.244860098 862.644287 0.422451347 273.15 0.0780998617 680
0.812781025 1.39999998 -0.00881652927 0.317406654 858.574097 0.456727862 273.15 0.0756552666 680
0.812071593 1.39999998 -0.00813247502 0.38572526 849.484192 0.487534583 273.15 0.0739544407 680
0.811448188 1.39999998 -0.00746427898 0.449014783 837.063049 0.51529181 273.15 0.0731021017 680
0.810901359 1.39999998 -0.0068122607 0.506712317 823.416443 0.540596366 273.15 0.0733076409 680
0.810422955 1.39999998 -0.00617667025 0.558257043 808.456604 0.563529313 273.15 0.0746463686 680
0.810005956 1.39999998 -0.00555754961 0.603218496 792.583191 0.584114671 273.15 0.0773204044 680
0.809644345 1.39999998 -0.00495449175 0.641563952 778.093689 0.602457047 273.15 0.0818625763 680
0.809332982 1.39999998 -0.00436490291 0.672943652 764.957642 0.618820786 273.15 0.0890356749 680
0.809067508 1.39999998 -0.00378722306 0.697311223 751.700256 0.633260608 273.15 0.100055218 680
0.809067508 1.39999998 -0.00378722306 0.697311223 741.302063 0.645315647 273.15 0.11728584 680
0.808844255 1.39999998 -0.00322562095 0.714223862 735.101624 0.655663192 273.15 0.147291243 680
0.808660178 1.39999998 -0.00266543859 0.724051416 736.02417 0.663853645 273.15 0.204561055 680
0.808512795 1.39999998 -0.00213753788 0.726537287 745.719788 0.667823493 273.15 0.234632492 680
0.808400135 1.39999998 -0.00156451687 0.721747994 751.575439 0.668633759 273.15 0.176980749 680
0.808320707 1.39999998 -0.00110087385 0.706242561 774.39032 0.673990905 273.15 0.140835792 680
0.808273463 1.39999998 -0.000359871441 0.689724863 794.951294 0.681549191 273.15 0.10686861 680
0.808257784 1.39999998 0 0.660899818 817.181213 0.676815927 273.15 0.0683037713 680
0.808273463 1.39999998 0.000359871441 0.628118694 825.534119 0.668815255 273.15 0.0839164481 680
0.808320707 1.39999998 0.00110087385 0.592025101 857.21759 0.660082698 273.15 0.0811767578 680
0.808400135 1.39999998 0.00156451687 0.533198893 894.681335 0.650029659 273.15 0.0674223602 680
0.808512795 1.39999998 0.00213753788 0.484660536 914.413757 0.638498247 273.15 0.0665063784 680
0.808660178 1.39999998 0.00266543859 0.421558529 943.508667 0.623131096 273.15 0.0633502603 680
0.808844255 1.39999998 0.00322562095 0.359002143 953.786316 0.607406914 273.15 0.0621912926 680
0.809067508 1.39999998 0.00378722306 0.287921369 972.915955 0.58863771 273.15 0.061494194 680
0.809332982 1.39999998 0.00436490291 0.214074329 989.381836 0.568608403 273.15 0.0617377162 680
0.809644345 1.39999998 0.00495449175 0.134709507 1007.034 0.546070695 273.15 0.0625848994 680
0.810005956 1.39999998 0.00555754961 0.0523591191 1020.25842 0.521873832 273.15 0.0640081167 680
0.810422955 1.39999998 0.00617667025 -0.0336058177 1032.63269 0.495912164 273.15 0.066200763 680
0.810901359 1.39999998 0.0068122607 -0.122955874 1044.63684 0.467726201 273.15 0.069195278 680
0.811448188 1.39999998 0.00746427898 -0.214875713 1053.76208 0.437155396 273.15 0.0724210143 680
0.812071593 1.39999998 0.00813247502 -0.308257669 1059.2428 0.40420562 273.15 0.0762218088 680
0.812781025 1.39999998 0.00881652927 -0.40230009 1062.37329 0.36877346 273.15 0.0810786188 680
0.81358741 1.39999998 0.00951522067 -0.495770693 1060.27185 0.330394059 273.15 0.087007165 680
0.814503365 1.39999998 0.010224381 -0.585224628 1049.32031 0.288384289 273.15 0.0940515324 680
0.815543439 1.39999998 0.0109396218 -0.665546536 1029.29041 0.243310243 273.15 0.102702595 680
0.816724374 1.39999998 0.0116570561 -0.73316884 999.572998 0.19587706 273.15 0.113590494 680
0.818065422 1.39999998 0.0123693213 -0.783264756 958.058044 0.146311402 273.15 0.127605841 680
0.819588671 1.39999998 0.0130683278 -0.811066985 905.76416 0.0977189392 273.15 0.146933451 680
0.821319422 1.39999998 0.0137470613 -0.814160645 845.218872 0.0544825979 273.15 0.175835416 680
0.82328659 1.39999998 0.0143993456 -0.791929662 778.11322 0.0226725433 273.15 0.223130435 680
0.825523125 1.39999998 0.015021839 -0.74977231 710.247925 0.00578007801 273.15 0.311523348 680
0.828066458 1.39999998 0.0156163719 -0.694380403 648.326172 0.000750522013 273.15 0.518307865 680
0.830958934 1.39999998 0.0161926956 -0.632646739 598.433594 3.5222638e-05 273.15 0.836723387 680
0.834248231 1.39999998 0.0167699899 -0.572973371 564.216003 0 274.844 0 680
0.837987712 1.39999998 0.0173739689 -0.521956921 542.906067 0 274.844 0 680
0.842236679 1.39999998 0.0180201935 -0.481195211 530.183838 0 274.844 0 680
0.847060465 1.39999998 0.018713165 -0.448861957 522.000732 0 274.844 0 680
0.852530284 1.39999998 0.019446742 -0.422417998 514.136902 0 274.844 0 680
0.858722763 1.39999998 0.0202164017 -0.399679571 505.125214 0 274.844 0 680
0.865719028 1.39999998 0.0210158945 -0.3793962 495.131195 0 274.844 0 680
0.873603241 1.39999998 0.0218366534 -0.360568404 484.00647 0 274.844 0 680
0.882460472 1.39999998 0.0226692108 -0.342618167 471.92688 0 274.844 0 680
0.892373788 1.39999998 0.0235028488 -0.325325042 459.266876 0 274.844 0 680
0.903420493 1.39999998 0.0243260438 -0.308735818 446.409332 0 274.844 0 680
0.915667521 1.39999998 0.0251267806 -0.293134719 433.757141 0 274.844 0 680
0.92916606 1.39999998 0.0258914527 -0.278877646 421.643524 0 274.844 0 680
0.943945639 1.39999998 0.026604136 -0.266254067 410.264008 0 274.844 0 680
0.960008059 1.39999998 0.0272446126 -0.255385488 399.626617 0 274.844 0 680
0.977321692 1.39999998 0.0277861853 -0.246084303 389.578857 0 274.844 0 680
0.995816857 1.39999998 0.0281949055 -0.237811223 379.750214 0 274.844 0 680
1.01538298 1.39999998 0.0284299182 -0.229669452 369.708984 0 274.844 0 680
1.03586825 1.39999998 0.0284480766 -0.220552757 359.275299 0 274.844 0 680
1.05708235 1.39999998 0.0282103146 -0.209372029 348.343811 0 274.844 0 680
1.07880231 1.39999998 0.0276918902 -0.19541195 336.925537 0 274.844 0 680
1.10078145 1.39999998 0.0268881867 -0.178532779 325.25592 0 274.844 0 680
1.12276058 1.39999998 0.0258207987 -0.15927884 313.624512 0 274.844 0 680
1.14448054 1.39999998 0.0245337085 -0.138743758 302.458771 0 274.844 0 680
1.16569464 1.39999998 0.0230863301 -0.118164822 292.013031 0 274.844 0 680
1.18617991 1.39999998 0.0215421461 -0.098596178 282.057526 0 274.844 0 680
1.20574603 1.39999998 0.0199587491 -0.0806650966 272.579803 0 274.844 0 680
1.2242412 1.39999998 0.0183812025 -0.0645831972 263.92337 0 274.844 0 680
1.24155483 1.39999998 0.0168404871 -0.050208468 256.30899 0 274.844 0 680
1.25761725 1.39999998 0.0153553291 -0.0371842794 249.583832 0 274.844 0 680
1.27239683 1.39999998 0.0139363831 -0.0250943284 243.381317 0 274.844 0 680
1.28589537 1.39999998 0.0125898527 -0.0135797001 237.577637 0 274.844 0 680
1.2981424 1.39999998 0.0113201595 -0.00241202698 232.075485 0 274.844 0 680
1.3091891 1.39999998 0.0101315314 0.00848512165 226.95372 0 274.844 0 680
1.31910242 1.39999998 0.00902754224 0.0190581586 222.403809 0 274.844 0 680
1.32795965 1.39999998 0.00801090826 0.0291923024 218.393463 0 274.844 0 680
1.33584386 1.39999998 0.0070829025 0.0387588553 214.795822 0 274.844 0 680
1.34284013 1.39999998 0.00624299548 0.0476607122 211.262497 0 274.844 0 680
1.34903261 1.39999998 0.00548871267 0.055845771 207.731964 0 274.844 0 680
1.35450243 1.39999998 0.00481622997 0.0632838309 204.436188 0 274.844 0 680
1.35932621 1.39999998 0.0042200644 0.0699799582 201.427887 0 274.844 0 680
1.36357518 1.39999998 0.0036937756 0.0759625509 198.670319 0 274.844 0 680
1.36731466 1.39999998 0.00323235141 0.0812518001 196.364563 0 274.844 0 680
1.37060396 1.39999998 0.00282857098 0.0858872756 194.617752 0 274.844 0 680
1.37349643 1.39999998 0.00247420102 0.0899726674 192.9879 0 274.844 0 680
1.37603977 1.39999998 0.0021624639 0.0936162993 191.352448 0 274.844 0 680
1.3782763 1.39999998 0.00188775708 0.0968831182 189.791306 0 274.844 0 680
1.38024347 1.39999998 0.00164537631 0.0998246968 188.290726 0 274.844 0 680
1.38197422 1.39999998 0.00143132239 0.102479495 186.848206 0 274.844 0 680
1.38349747 1.39999998 0.00124216368 0.104882486 185.45993 0 274.844 0 680
1.38483852 1.39999998 0.00107493591 0.10705851 184.122116 0 274.844 0 680
1.38601945 1.39999998 0.000927066921 0.109035105 182.8293 0 274.844 0 680
1.38705953 1.39999998 0.000796318467 0.11082834 181.575821 0 274.844 0 680
1.38797548 1.39999998 0.000680739816 0.112462945 180.350189 0 274.844 0 680
1.38878187 1.39999998 0.00057862982 0.113947287 179.145844 0 274.844 0 680
1.3894913 1.39999998 0.00048850524 0.115306087 177.960007 0 274.844 0 680
1.3901147 1.39999998 0.000409073878 0.116538823 176.786102 0 274.844 0 680
1.39066153 1.39999998 0.000339217825 0.117672779 175.624939 0 274.844 0 680
1.39113994 1.39999998 0.000277982551 0.1186966 174.457367 0 274.844 0 680
1.39155693 1.39999998 0.00022453223 0.119641595 173.312378 0 274.844 0 680
1.39191855 1.39999998 0.000178135683 0.120486639 172.124207 0 274.844 0 680
1.39222991 1.39999998 0.000138159228 0.12126819 170.954666 0 274.844 0 680
1.39249538 1.39999998 0.000104059096 0.121939957 169.754852 0 274.844 0 680
1.39271864 1.39999998 7.53740356e-05 0.122560643 168.800827 0 274.844 0 680
1.39290271 1.39999998 5.17184793e-05 0.123044446 168.076614 0 274.844 0 680
1.3930501 1.39999998 3.27764961e-05 0.123389825 168.832687 0 274.844 0 680
1.39316276 1.39999998 1.82966255e-05 0.123598121 172.962006 0 274.844 0 680
1.39324218 1.39999998 8.08765014e-06 0.123315893 192.94574 0 274.844 0 680
1.39328943 1.39999998 2.01531594e-06 0.123351544 315.645935 0 274.844 0 680

ZONE T="SLICE_Y_0p10_BINS07_KS_1p5mm_CUTDATA"
1.02809322 0.100000001 0 0.120996773 548.77356 0 274.844 0 680
1.02806722 0.100000001 -3.34260658e-06 0.122075707 315.472412 0 274.844 0 680
1.02798886 0.100000001 -1.34141908e-05 0.121472821 213.889908 0 274.844 0 680
1.02785712 0.100000001 -3.03468153e-05 0.121350035 199.356903 0 274.844 0 680
1.02767026 0.100000001 -5.43631542e-05 0.12091209 199.031036 0 274.844 0 680
1.02742581 0.100000001 -8.5780361e-05 0.120207734 199.889923 0 274.844 0 680
1.0271205 0.100000001 -0.000125015508 0.11948368 201.380524 0 274.844 0 680
1.02675021 0.100000001 -0.0001725926 0.118603617 202.518326 0 274.844 0 680
1.0263099 0.100000001 -0.000229151139 0.117650568 203.816177 0 274.844 0 680
1.02579347 0.100000001 -0.000295456158 0.116561629 204.972443 0 274.844 0 680
1.0251937 0.100000001 -0.000372409553 0.115374818 206.163727 0 274.844 0 680
1.02450207 0.100000001 -0.000461062349 0.114049941 207.340134 0 274.844 0 680
1.02370858 0.100000001 -0.000562627282 0.112601399 208.545837 0 274.844 0 680
1.02280161 0.100000001 -0.000678490655 0.111001357 209.776138 0 274.844 0 680
1.02176763 0.100000001 -0.000810235652 0.109252416 211.040619 0 274.844 0 680
1.02059097 0.100000001 -0.000959716441 0.107327759 212.336594 0 274.844 0 680
1.0192535 0.100000001 -0.00112907626 0.105220914 213.675949 0 274.844 0 680
1.01773429 0.100000001 -0.00132077521 0.102904782 215.063385 0 274.844 0 680
1.01600922 0.100000001 -0.00153763483 0.100365728 216.505661 0 274.844 0 680
1.01405052 0.100000001 -0.0017828906 0.0975746065 218.007248 0 274.844 0 680
1.01182626 0.100000001 -0.00206025487 0.0945099592 219.57457 0 274.844 0 680
1.00929979 0.100000001 -0.00237399384 0.0911393538 221.211975 0 274.844 0 680
1.00642917 0.100000001 -0.00272902406 0.0874316245 222.921356 0 274.844 0 680
1.00316642 0.100000001 -0.00313103723 0.0833456293 224.708054 0 274.844 0 680
0.999456897 0.100000001 -0.00358666644 0.0788348913 226.574677 0 274.844 0 680
0.995238522 0.100000001 -0.00410371417 0.0738345012 228.504395 0 274.844 0 680
0.990441055 0.100000001 -0.00469147282 0.0682580918 230.476135 0 274.844 0 680
0.984985421 0.100000001 -0.00536118375 0.0619710833 232.623413 0 274.844 0 680
0.978783112 0.100000001 -0.00612650272 0.0548246764 235.179413 0 274.844 0 680
0.971735767 0.100000001 -0.00699940625 0.0467953496 238.125381 0 274.844 0 680
0.963735028 0.100000001 -0.00798820752 0.0379319377 241.070801 0 274.844 0 680
0.954662776 0.100000001 -0.00910358851 0.0282142907 243.407166 0 274.844 0 680
0.944391919 0.100000001 -0.0103546433 0.0176501721 245.82373 0 274.844 0 680
0.932787903 0.100000001 -0.0117477146 0.00633755978 249.946854 0 274.844 0 680
0.919711133 0.100000001 -0.0132869066 -0.00550009031 254.666733 0 274.844 0 680
0.905020514 0.100000001 -0.0149730975 -0.0176096018 259.125061 0 274.844 0 680
0.88857827 0.100000001 -0.0168041758 -0.0297413543 263.810577 0 274.844 0 680
0.870256186 0.100000001 -0.0187756365 -0.0416729711 268.493835 0 274.844 0 680
0.849943243 0.100000001 -0.0208815518 -0.0532764271 273.047058 0 274.844 0 680
0.827554543 0.100000001 -0.0231149096 -0.0645722076 277.403503 0 274.844 0 680
0.803041106 0.100000001 -0.025468376 -0.0757629648 281.563538 0 274.844 0 680
0.77639995 0.100000001 -0.0279316616 -0.0871716887 285.687347 0 274.844 0 680
0.747683526 0.100000001 -0.0304870948 -0.0991537347 290.134094 0 274.844 0 680
0.717007413 0.100000001 -0.0331036165 -0.111932456 295.412781 0 274.844 0 680
0.684555011 0.100000001 -0.0357298415 -0.125410184 301.82312 0 274.844 0 680
0.650578095 0.100000001 -0.0382910279 -0.139051199 309.513397 0 274.844 0 680
0.615392355 0.100000001 -0.0406916522 -0.15180704 318.600342 0 274.844 0 680
0.579367595 0.100000001 -0.0428264223 -0.162296444 328.585602 0 274.844 0 680
0.542912962 0.100000001 -0.0445967938 -0.169279411 338.407837 0 274.844 0 680
0.506458328 0.100000001 -0.0459298179 -0.1718629 346.787323 0 274.844 0 680
0.470433568 0.100000001 -0.0467896775 -0.169784203 354.141266 0 274.844 0 680
0.435247828 0.100000001 -0.04718403 -0.163763791 361.043182 0 274.844 0 680
0.401270912 0.100000001 -0.0471539124 -0.15487355 366.876251 0 274.844 0 680
0.36881851 0.100000001 -0.04676412 -0.144297108 372.000641 0 274.844 0 680
0.338142397 0.100000001 -0.0460862159 -0.133237347 377.10318 0 274.844 0 680
0.309425974 0.100000001 -0.0451879625 -0.122480221 382.812195 0 274.844 0 680
0.282784817 0.100000001 -0.0441256669 -0.112451039 389.580841 0 274.844 0 680
0.25827138 0.100000001 -0.0429436091 -0.103207119 397.26535 0 274.844 0 680
0.23588268 0.100000001 -0.0416753227 -0.0945884585 405.656494 0 274.844 0 680
0.215569738 0.100000001 -0.0403472192 -0.0863573551 414.822235 0 274.844 0 680
0.197247653 0.100000001 -0.0389818665 -0.0782665759 424.676819 0 274.844 0 680
0.18080541 0.100000001 -0.0375991931 -0.0701450855 435.064514 0 274.844 0 680
0.16611479 0.100000001 -0.0362183119 -0.0619911999 445.73407 0 274.844 0 680
0.153038021 0.100000001 -0.0348569996 -0.0539363101 456.075989 0.000139252268 274.792 0 680
0.141434004 0.100000001 -0.0335309596 -0.0462786779 465.557526 0.000436191331 274.685 0 680
0.131163147 0.100000001 -0.0322544005 -0.0396149158 474.322601 0.000872058037 274.532 0 680
0.122090895 0.100000001 -0.0310376885 -0.0346211791 482.370361 0.00209929142 274.106 0 680
0.114090156 0.100000001 -0.0298883246 -0.0332819931 489.935486 0.00330310431 273.15 0.765546322 680
0.107042812 0.100000001 -0.0288164955 -0.0381570496 501.250946 0.00459825946 273.15 0.616714776 680
0.100840502 0.100000001 -0.0278147348 -0.0497397184 521.486694 0.00821441971 273.15 0.3418203 680
0.095384868 0.100000001 -0.0268572335 -0.0653642491 550.453796 0.0146431718 273.15 0.235317931 680
0.0905874016 0.100000001 -0.025901342 -0.0796236992 587.913635 0.0286128707 273.15 0.180456027 680
0.0863690258 0.100000001 -0.0249152486 -0.0866537616 632.161316 0.0517552644 273.15 0.1484458 680
0.0826595046 0.100000001 -0.0238827801 -0.0810131729 678.251953 0.0868300796 273.15 0.127984047 680
0.0793967571 0.100000001 -0.0228009001 -0.059837468 723.562988 0.127724394 273.15 0.114227392 680
0.0765261296 0.100000001 -0.0216751515 -0.0234008152 756.227722 0.173540875 273.15 0.103444271 680
0.0739996662 0.100000001 -0.0205157782 0.0245715398 766.866455 0.219439715 273.15 0.0939065367 680
0.0717754023 0.100000001 -0.0193344138 0.0852372795 782.059753 0.263458759 273.15 0.087712191 680
0.0698166999 0.100000001 -0.0181444761 0.155147046 798.967957 0.305125743 273.15 0.0836334229 680
0.0680916329 0.100000001 -0.0169581763 0.226118565 797.339294 0.343560696 273.15 0.0795266181 680
0.0665724268 0.100000001 -0.0157819618 0.297784358 790.812805 0.378874213 273.15 0.0764857456 680
0.0652349553 0.100000001 -0.014623111 0.367540985 780.546082 0.410588264 273.15 0.074282296 680
0.0640582914 0.100000001 -0.0134885374 0.433711499 767.557617 0.439105093 273.15 0.07295724 680
0.06302431 0.100000001 -0.0123802663 0.495604962 753.028259 0.465160459 273.15 0.0726469532 680
0.0621173393 0.100000001 -0.0112988276 0.552670121 737.011169 0.48878172 273.15 0.0733902231 680
0.0613238562 0.100000001 -0.0102446362 0.60434258 719.933044 0.51003015 273.15 0.0753284618 680
0.060632222 0.100000001 -0.00921776159 0.650273383 702.279297 0.529028356 273.15 0.0787624791 680
0.0600324533 0.100000001 -0.00821752876 0.690130532 685.497314 0.546046436 273.15 0.0844138041 680
0.0595160266 0.100000001 -0.00723963566 0.724356592 667.820129 0.561115265 273.15 0.0931174532 680
0.0590757101 0.100000001 -0.00628149485 0.751323104 652.586853 0.573753595 273.15 0.106619701 680
0.0587054221 0.100000001 -0.0053500206 0.772544503 638.055908 0.584535897 273.15 0.129413068 680
0.058400112 0.100000001 -0.00442090115 0.786007643 624.81604 0.59266603 273.15 0.169007972 680
0.0581556616 0.100000001 -0.0035453241 0.793613672 617.767883 0.596468687 273.15 0.265641272 680
0.057968805 0.100000001 -0.00259491044 0.794919848 615.371948 0.600049555 273.15 0.284518033 680
0.0578370652 0.100000001 -0.00182591131 0.787982404 627.501953 0.613916397 273.15 0.193121567 680
0.0577587065 0.100000001 -0.000596883407 0.778540611 654.122559 0.627199948 273.15 0.131170556 680
0.0577327005 0.100000001 0 0.75527823 678.515198 0.617211103 273.15 0.0782356188 680
0.0577587065 0.100000001 0.000596883407 0.736392021 698.934937 0.601206124 273.15 0.0948708653 680
0.0578370652 0.100000001 0.00182591131 0.705482543 727.570129 0.589856446 273.15 0.0893054828 680
0.057968805 0.100000001 0.00259491044 0.656005919 745.231323 0.580093801 273.15 0.0708585978 680
0.0581556616 0.100000001 0.0035453241 0.617514014 766.397156 0.569197893 273.15 0.0689718425 680
0.058400112 0.100000001 0.00442090115 0.563320398 793.922546 0.554787099 273.15 0.0647375062 680
0.0587054221 0.100000001 0.0053500206 0.511786163 814.539734 0.540013731 273.15 0.0634270608 680
0.0590757101 0.100000001 0.00628149485 0.449932486 839.26416 0.522235572 273.15 0.0624555387 680
0.0595160266 0.100000001 0.00723963566 0.386362463 859.710632 0.503124535 273.15 0.0624133572 680
0.0600324533 0.100000001 0.00821752876 0.316545308 879.777344 0.481393367 273.15 0.0629461333 680
0.060632222 0.100000001 0.00921776159 0.243959159 896.222046 0.457902342 273.15 0.0641207919 680
0.0613238562 0.100000001 0.0102446362 0.167635009 911.602356 0.432516694 273.15 0.066076383 680
0.0621173393 0.100000001 0.0112988276 0.0878058076 924.783508 0.404706031 273.15 0.0687411353 680
0.06302431 0.100000001 0.0123802663 0.00519311428 935.444824 0.3744286 273.15 0.0721641034 680
0.0640582914 0.100000001 0.0134885374 -0.0796285719 943.654968 0.341509163 273.15 0.076548636 680
0.0652349553 0.100000001 0.014623111 -0.166041449 949.87146 0.305980533 273.15 0.0822462663 680
0.0665724268 0.100000001 0.0157819618 -0.253307581 952.428101 0.267893612 273.15 0.0894752517 680
0.0680916329 0.100000001 0.0169581763 -0.338338077 949.119751 0.226146206 273.15 0.0986105874 680
0.0698166999 0.100000001 0.0181444761 -0.416277796 938.294434 0.181086957 273.15 0.110417865 680
0.0717754023 0.100000001 0.0193344138 -0.486835301 902.953125 0.135115013 273.15 0.124199949 680
0.0739996662 0.100000001 0.0205157782 -0.539036632 869.719177 0.0897702277 273.15 0.144797891 680
0.0765261296 0.100000001 0.0216751515 -0.569884539 844.507935 0.0491560288 273.15 0.178900689 680
0.0793967571 0.100000001 0.0228009001 -0.583390415 795.48468 0.0195030533 273.15 0.231154785 680
0.0826595046 0.100000001 0.0238827801 -0.575106621 733.126221 0.00457750866 273.15 0.325287879 680
0.0863690258 0.100000001 0.0249152486 -0.547409117 671.357239 0.000452894426 273.15 0.556923389 680
0.0905874016 0.100000001 0.025901342 -0.507109523 614.624512 0 273.15 0.741196454 680
0.095384868 0.100000001 0.0268572335 -0.461138695 568.903137 0 273.962 0.323982358 680
0.100840502 0.100000001 0.0278147348 -0.416254312 535.660828 0 274.844 0 680
0.107042812 0.100000001 0.0288164955 -0.378903031 514.048645 0 274.844 0 680
0.114090156 0.100000001 0.0298883246 -0.351272434 503.277283 0 274.844 0 680
0.122090895 0.100000001 0.0310376885 -0.331924409 497.078674 0 274.844 0 680
0.131163147 0.100000001 0.0322544005 -0.318278313 490.600769 0 274.844 0 680
0.141434004 0.100000001 0.0335309596 -0.308292866 483.40332 0 274.844 0 680
0.153038021 0.100000001 0.0348569996 -0.300932616 475.108246 0 274.844 0 680
0.16611479 0.100000001 0.0362183119 -0.295211196 465.461731 0 274.844 0 680
0.18080541 0.100000001 0.0375991931 -0.290499568 454.988342 0 274.844 0 680
0.197247653 0.100000001 0.0389818665 -0.286467105 444.371429 0 274.844 0 680
0.215569738 0.100000001 0.0403472192 -0.28300184 433.983124 0 274.844 0 680
0.23588268 0.100000001 0.0416753227 -0.280208707 424.082062 0 274.844 0 680
0.25827138 0.100000001 0.0429436091 -0.278306335 414.824738 0 274.844 0 680
0.282784817 0.100000001 0.0441256669 -0.277519703 406.193909 0 274.844 0 680
0.309425974 0.100000001 0.0451879625 -0.277948529 398.406525 0 274.844 0 680
0.338142397 0.100000001 0.0460862159 -0.279430658 391.602478 0 274.844 0 680
0.36881851 0.100000001 0.04676412 -0.281509042 385.386444 0 274.844 0 680
0.401270912 0.100000001 0.0471539124 -0.283281118 379.128998 0 274.844 0 680
0.435247828 0.100000001 0.04718403 -0.283470988 372.089203 0 274.844 0 680
0.470433568 0.100000001 0.0467896775 -0.280641228 363.893158 0 274.844 0 680
0.506458328 0.100000001 0.0459298179 -0.273621082 355.108185 0 274.844 0 680
0.542912962 0.100000001 0.0445967938 -0.262211204 345.36734 0 274.844 0 680
0.579367595 0.100000001 0.0428264223 -0.246775642 334.356964 0 274.844 0 680
0.615392355 0.100000001 0.0406916522 -0.228170916 323.230927 0 274.844 0 680
0.650578095 0.100000001 0.0382910279 -0.207797542 313.053955 0 274.844 0 680
0.684555011 0.100000001 0.0357298415 -0.187023178 304.30426 0 274.844 0 680
0.717007413 0.100000001 0.0331036165 -0.166900188 296.912384 0 274.844 0 680
0.747683526 0.100000001 0.0304870948 -0.147929847 290.76123 0 274.844 0 680
0.77639995 0.100000001 0.0279316616 -0.130170733 285.482452 0 274.844 0 680
0.803041106 0.100000001 0.025468376 -0.113366529 280.52063 0 274.844 0 680
0.827554543 0.100000001 0.0231149096 -0.097155951 275.520844 0 274.844 0 680
0.849943243 0.100000001 0.0208815518 -0.0812305734 270.334167 0 274.844 0 680
0.870256186 0.100000001 0.0187756365 -0.0654148981 264.973389 0 274.844 0 680
0.88857827 0.100000001 0.0168041758 -0.0497175418 259.522614 0 274.844 0 680
0.905020514 0.100000001 0.0149730975 -0.0342689417 254.130524 0 274.844 0 680
0.919711133 0.100000001 0.0132869066 -0.0192795936 249.036469 0 274.844 0 680
0.932787903 0.100000001 0.0117477146 -0.0049879984 243.789291 0 274.844 0 680
0.944391919 0.100000001 0.0103546433 0.00838468596 239.173309 0 274.844 0 680
0.954662776 0.100000001 0.00910358851 0.020675933 236.198654 0 274.844 0 680
0.963735028 0.100000001 0.00798820752 0.0318383612 233.352203 0 274.844 0 680
0.971735767 0.100000001 0.00699940625 0.0419016704 230.049683 0 274.844 0 680
0.978783112 0.100000001 0.00612650272 0.0509214997 226.855637 0 274.844 0 680
0.984985421 0.100000001 0.00536118375 0.0589039363 224.073914 0 274.844 0 680
0.990441055 0.100000001 0.00469147282 0.0659125671 221.709579 0 274.844 0 680
0.995238522 0.100000001 0.00410371417 0.072101362 219.543335 0 274.844 0 680
0.999456897 0.100000001 0.00358666644 0.0776085258 217.45372 0 274.844 0 680
1.00316642 0.100000001 0.00313103723 0.0825297311 215.455902 0 274.844 0 680
1.00642917 0.100000001 0.00272902406 0.0869413912 215.455902 0 274.844 0 680
1.00929979 0.100000001 0.00237399384 0.0909022018 213.559219 0 274.844 0 680
1.01182626 0.100000001 0.00206025487 0.0944652706 211.758118 0 274.844 0 680
1.01405052 0.100000001 0.0017828906 0.0976717547 210.041931 0 274.844 0 680
1.01600922 0.100000001 0.00153763483 0.100563437 208.405624 0 274.844 0 680
1.01773429 0.100000001 0.00132077521 0.103169046 206.842819 0 274.844 0 680
1.0192535 0.100000001 0.00112907626 0.10552384 205.343048 0 274.844 0 680
1.02059097 0.100000001 0.000959716441 0.107647963 203.898697 0 274.844 0 680
1.02176763 0.100000001 0.000810235652 0.109571524 202.500458 0 274.844 0 680
1.02280161 0.100000001 0.000678490655 0.111306883 201.140472 0 274.844 0 680
1.02370858 0.100000001 0.000562627282 0.112881474 199.804611 0 274.844 0 680
1.02450207 0.100000001 0.000461062349 0.114298828 198.492416 0 274.844 0 680
1.0251937 0.100000001 0.000372409553 0.115585461 197.189194 0 274.844 0 680
1.0251937 0.100000001 0.000372409553 0.115585461 195.889923 0 274.844 0 680
1.02579347 0.100000001 0.000295456158 0.116734579 194.568054 0 274.844 0 680
1.0263099 0.100000001 0.000229151139 0.117778629 193.248627 0 274.844 0 680
1.02675021 0.100000001 0.0001725926 0.118694089 191.777969 0 274.844 0 680
1.0271205 0.100000001 0.000125015508 0.119524218 190.441452 0 274.844 0 680
1.02742581 0.100000001 8.5780361e-05 0.120220028 188.77597 0 274.844 0 680
1.02767026 0.100000001 5.43631542e-05 0.12084686 187.783417 0 274.844 0 680
1.02785712 0.100000001 3.03468153e-05 0.121285297 189.025375 0 274.844 0 680
1.02798886 0.100000001 1.34141908e-05 0.121408187 206.014786 0 274.844 0 680
1.02806722 0.100000001 3.34260658e-06 0.12178693 312.766815 0 274.844 0 680

ZONE T="SLICE_Y_0p75_BINS07_KS_1p5mm_CUTDATA"
1.21069917 0.749999999 0 0.120392337 631.007446 0 274.844 0 680
1.21067833 0.749999999 -2.67896125e-06 0.12147028 350.702454 0 274.844 0 680
1.21061552 0.749999999 -1.07509204e-05 0.121036597 228.043457 0 274.844 0 680
1.21050994 0.749999999 -2.43217203e-05 0.121142365 208.74617 0 274.844 0 680
1.21036018 0.749999999 -4.35698249e-05 0.120856956 206.916748 0 274.844 0 680
1.21016427 0.749999999 -6.87494199e-05 0.120286062 207.128906 0 274.844 0 680
1.20991957 0.749999999 -0.000100194772 0.11971426 208.332474 0 274.844 0 680
1.2096228 0.749999999 -0.000138325848 0.118999347 209.235886 0 274.844 0 680
1.20926991 0.749999999 -0.000183655182 0.118235134 210.386932 0 274.844 0 680
1.20885601 0.749999999 -0.000236795919 0.117334038 211.453247 0 274.844 0 680
1.20837532 0.749999999 -0.000298470891 0.116362512 212.556763 0 274.844 0 680
1.207821 0.749999999 -0.000369522449 0.115262985 213.663635 0 274.844 0 680
1.20718506 0.749999999 -0.000450922552 0.114065908 214.799637 0 274.844 0 680
1.20645816 0.749999999 -0.000543782264 0.112737603 215.969131 0 274.844 0 680
1.20562947 0.749999999 -0.000649370443 0.111286126 217.170547 0 274.844 0 680
1.20468642 0.749999999 -0.000769173127 0.10968633 218.409241 0 274.844 0 680
1.20361449 0.749999999 -0.000904908034 0.107933477 219.702545 0 274.844 0 680
1.20239691 0.749999999 -0.00105854684 0.1060059 221.056046 0 274.844 0 680
1.20101434 0.749999999 -0.00123235087 0.103888862 222.449387 0 274.844 0 680
1.19944452 0.749999999 -0.00142891325 0.101559557 223.909714 0 274.844 0 680
1.19766187 0.749999999 -0.00165120927 0.0989982858 225.455704 0 274.844 0 680
1.19563701 0.749999999 -0.0019026581 0.096175395 227.067703 0 274.844 0 680
1.19333632 0.749999999 -0.00218720018 0.0930622965 228.750351 0 274.844 0 680
1.19072136 0.749999999 -0.00250939714 0.0896224976 230.511246 0 274.844 0 680
1.18774833 0.749999999 -0.00287456516 0.0858096108 232.352707 0 274.844 0 680
1.18436748 0.749999999 -0.00328895758 0.0815629512 234.307129 0 274.844 0 680
1.18052251 0.749999999 -0.00376002188 0.0768017471 236.389343 0 274.844 0 680
1.17615004 0.749999999 -0.00429676756 0.0714004561 238.708038 0 274.844 0 680
1.17117915 0.749999999 -0.00491013914 0.0652471036 241.329407 0 274.844 0 680
1.16553099 0.749999999 -0.0056097353 0.0582967587 243.96077 0 274.844 0 680
1.15911873 0.749999999 -0.00640221872 0.0505241342 246.954132 0 274.844 0 680
1.15184769 0.749999999 -0.00729615056 0.0419221781 250.631912 0 274.844 0 680
1.14361603 0.749999999 -0.00829881937 0.0325211398 254.377319 0 274.844 0 680
1.13431589 0.749999999 -0.0094153085 0.0223745573 257.906219 0 274.844 0 680
1.1238354 0.749999999 -0.0106489074 0.0115828188 261.638428 0 274.844 0 680
1.11206147 0.749999999 -0.0120003198 0.000320871535 265.930054 0 274.844 0 680
1.09888369 0.749999999 -0.0134678535 -0.0111960415 270.740021 0 274.844 0 680
1.0841993 0.749999999 -0.0150478979 -0.0227778517 275.827362 0 274.844 0 680
1.06791931 0.749999999 -0.0167357022 -0.0343053155 280.85083 0 274.844 0 680
1.04997569 0.749999999 -0.0185256462 -0.0458047241 285.581207 0 274.844 0 680
1.03032918 0.749999999 -0.0204118525 -0.0574753471 290.073944 0 274.844 0 680
1.00897739 0.749999999 -0.0223860743 -0.0696341917 294.6026 0 274.844 0 680
0.985962366 0.749999999 -0.0244341486 -0.0826369226 299.648071 0 274.844 0 680
0.961376727 0.749999999 -0.0265311827 -0.0967345685 305.73114 0 274.844 0 680
0.935367466 0.749999999 -0.0286359937 -0.111901402 313.035675 0 274.844 0 680
0.90813637 0.749999999 -0.0306886789 -0.127717704 321.719543 0 274.844 0 680
0.879936452 0.749999999 -0.0326126803 -0.143233687 331.935577 0 274.844 0 680
0.851064093 0.749999999 -0.0343236104 -0.15723367 343.215759 0 274.844 0 680
0.821847208 0.749999999 -0.0357424901 -0.168184236 354.601807 0 274.844 0 680
0.792630324 0.749999999 -0.0368108539 -0.175403267 365.403137 0 274.844 0 680
0.763757965 0.749999999 -0.0374999959 -0.178181633 374.88501 0 274.844 0 680
0.735558046 0.749999999 -0.0378160531 -0.176451594 382.893463 0 274.844 0 680
0.70832695 0.749999999 -0.0377919151 -0.171896979 389.869385 0 274.844 0 680
0.682317689 0.749999999 -0.0374795126 -0.165388972 396.114044 0 274.844 0 680
0.65773205 0.749999999 -0.0369362005 -0.157741472 402.328918 0 274.844 0 680
0.634717021 0.749999999 -0.0362162874 -0.149928719 409.103668 0 274.844 0 680
0.613365233 0.749999999 -0.0353649013 -0.142362952 416.732391 0 274.844 0 680
0.593718725 0.749999999 -0.0344175308 -0.135203883 425.29657 0 274.844 0 680
0.575775106 0.749999999 -0.0334010515 -0.128317639 434.653259 0 274.844 0 680
0.559495121 0.749999999 -0.0323366314 -0.121484868 444.63913 0 274.844 0 680
0.544810726 0.749999999 -0.0312423576 -0.114474006 455.228668 5.63287322e-05 274.823 0 680
0.531632947 0.749999999 -0.0301342018 -0.107125096 466.442871 0.000344814558 274.719 0 680
0.519859021 0.749999999 -0.0290274825 -0.099426657 478.199402 0.00100163009 274.489 0 680
0.50937853 0.749999999 -0.0279364469 -0.0915343463 490.177094 0.00240135379 274.014 0 680
0.50007839 0.749999999 -0.0268736806 -0.0837295055 501.611847 0.00411503157 273.456 0 680
0.491846722 0.749999999 -0.0258505711 -0.0768365785 512.196716 0.00763086975 273.15 0.288822442 680
0.484575686 0.749999999 -0.0248754267 -0.0712544993 521.571716 0.0112248426 273.15 0.473904163 680
0.478163424 0.749999999 -0.023954259 -0.0687506124 531.598145 0.0145973852 273.15 0.844653189 680
0.472515268 0.749999999 -0.0230952321 -0.0722190887 546.610901 0.0197660848 273.15 0.486482233 680
0.467544373 0.749999999 -0.0222923622 -0.0815650672 568.518799 0.0272559524 273.15 0.307379276 680
0.463171907 0.749999999 -0.0215249645 -0.0947474837 598.809082 0.0390054137 273.15 0.224310815 680
0.459326936 0.749999999 -0.0207588569 -0.106537096 639.378662 0.0599634536 273.15 0.178720444 680
0.455946082 0.749999999 -0.0199685437 -0.110108264 686.97345 0.0905217305 273.15 0.151266232 680
0.452973053 0.749999999 -0.0191410628 -0.10058216 736.209167 0.128705084 273.15 0.133263245 680
0.450358096 0.749999999 -0.0182739806 -0.0762336031 781.844238 0.172635004 273.15 0.120651148 680
0.448057406 0.749999999 -0.0173717396 -0.0366367288 819.007507 0.217824087 273.15 0.1110783 680
0.44603255 0.749999999 -0.0164425497 0.0172766726 847.369568 0.263455421 273.15 0.103678457 680
0.444249894 0.749999999 -0.0154957349 0.0818397254 866.734924 0.307299703 273.15 0.0978777185 680
0.442680075 0.749999999 -0.0145420489 0.152814344 878.84906 0.34783867 273.15 0.093418248 680
0.441297505 0.749999999 -0.0135912786 0.226567879 882.717285 0.385163635 273.15 0.0899655148 680
0.440079924 0.749999999 -0.0126485912 0.299153477 864.99823 0.419380903 273.15 0.0861552209 680
0.439007996 0.749999999 -0.0117198201 0.368541121 833.291199 0.450047463 273.15 0.0827153772 680
0.438064948 0.749999999 -0.0108105062 0.434851766 815.831116 0.477616966 273.15 0.0818991587 680
0.437236255 0.749999999 -0.00992227259 0.496533513 810.724731 0.502724946 273.15 0.0834975317 680
0.436509355 0.749999999 -0.00905554412 0.552394688 801.565002 0.525441408 273.15 0.0862835273 680
0.435873412 0.749999999 -0.00821065318 0.601675928 786.267639 0.545795977 273.15 0.0903953314 680
0.435319095 0.749999999 -0.00738765557 0.644395769 769.900391 0.563875854 273.15 0.0968575776 680
0.434838405 0.749999999 -0.00658601023 0.680324793 755.570801 0.579942405 273.15 0.10719543 680
0.434424511 0.749999999 -0.00580226926 0.709589601 742.915955 0.594045043 273.15 0.123695232 680
0.434071615 0.749999999 -0.00503435894 0.731429994 733.82196 0.605739236 273.15 0.150927976 680
0.433774845 0.749999999 -0.00428782076 0.74629277 729.959473 0.615678191 273.15 0.202683747 680
0.433530151 0.749999999 -0.00354316986 0.754088521 733.370667 0.623775184 273.15 0.312742025 680
0.433334234 0.749999999 -0.00284143098 0.753769815 737.462158 0.626679182 273.15 0.305107772 680
0.433184476 0.749999999 -0.00207971364 0.745858729 741.878662 0.625163019 273.15 0.189279407 680
0.433078892 0.749999999 -0.00146339258 0.728375494 757.077942 0.630994141 273.15 0.15303503 680
0.433016091 0.749999999 -0.000478377422 0.710391045 786.844055 0.642762661 273.15 0.115756385 680
0.432995248 0.749999999 0 0.674571812 819.960449 0.63962841 273.15 0.0725023076 680
0.433016091 0.749999999 0.000478377422 0.647444189 836.765686 0.629639626 273.15 0.0918207318 680
0.433078892 0.749999999 0.00146339258 0.606327891 867.647705 0.618740797 273.15 0.0893135667 680
0.433184476 0.749999999 0.00207971364 0.541463971 889.403198 0.607077837 273.15 0.0727060363 680
0.433334234 0.749999999 0.00284143098 0.493026048 913.483337 0.594355106 273.15 0.072204344 680
0.433530151 0.749999999 0.00354316986 0.426643938 944.507141 0.577806056 273.15 0.0689581558 680
0.433774845 0.749999999 0.00428782076 0.364358336 966.050049 0.56116128 273.15 0.0685213953 680
0.434071615 0.749999999 0.00503435894 0.290371746 992.093628 0.541476548 273.15 0.0683558583 680
0.434424511 0.749999999 0.00580226926 0.215504095 1012.94788 0.520631254 273.15 0.0691304654 680
0.434838405 0.749999999 0.00658601023 0.134081453 1033.448 0.49725771 273.15 0.0705412403 680
0.435319095 0.749999999 0.00738765557 0.0503910705 1050.08936 0.472250253 273.15 0.0727063939 680
0.435873412 0.749999999 0.00821065318 -0.0369453803 1066.02673 0.445439428 273.15 0.0758523196 680
0.436509355 0.749999999 0.00905554412 -0.127927572 1077.72119 0.416329473 273.15 0.0797800049 680
0.437236255 0.749999999 0.00992227259 -0.222676009 1077.92688 0.384797603 273.15 0.0840403512 680
0.438064948 0.749999999 0.0108105062 -0.318904042 1070.59033 0.350706369 273.15 0.0891393572 680
0.439007996 0.749999999 0.0117198201 -0.413848668 1079.32031 0.31411323 273.15 0.0972755998 680
0.440079924 0.749999999 0.0126485912 -0.505227208 1106.18652 0.274546713 273.15 0.109768607 680
0.441297505 0.749999999 0.0135912786 -0.594483793 1112.76965 0.231909513 273.15 0.124741472 680
0.442680075 0.749999999 0.0145420489 -0.677669406 1089.20532 0.186011538 273.15 0.142314568 680
0.444249894 0.749999999 0.0154957349 -0.747329116 1053.71826 0.138388813 273.15 0.166470766 680
0.44603255 0.749999999 0.0164425497 -0.798960149 1008.22009 0.0923293605 273.15 0.202357799 680
0.448057406 0.749999999 0.0173717396 -0.827853739 950.785339 0.0499280207 273.15 0.261235833 680
0.450358096 0.749999999 0.0182739806 -0.831243098 882.304199 0.018948026 273.15 0.374404937 680
0.452973053 0.749999999 0.0191410628 -0.808609664 807.186951 0.00418240856 273.15 0.670758545 680
0.455946082 0.749999999 0.0199685437 -0.76603049 733.185181 0.000374633964 273.15 0.78262347 680
0.459326936 0.749999999 0.0207588569 -0.710454941 666.899109 0 274.844 0 680
0.463171907 0.749999999 0.0215249645 -0.648575604 614.792358 0 274.844 0 680
0.467544373 0.749999999 0.0222923622 -0.589183569 578.675171 0 274.844 0 680
0.472515268 0.749999999 0.0230952321 -0.538905561 555.259644 0 274.844 0 680
0.478163424 0.749999999 0.023954259 -0.499172181 541.794495 0 274.844 0 680
0.484575686 0.749999999 0.0248754267 -0.468394011 534.149597 0 274.844 0 680
0.491846722 0.749999999 0.0258505711 -0.44414103 527.309448 0 274.844 0 680
0.50007839 0.749999999 0.0268736806 -0.424213171 519.028687 0 274.844 0 680
0.50937853 0.749999999 0.0279364469 -0.407307804 509.08844 0 274.844 0 680
0.519859021 0.749999999 0.0290274825 -0.392379671 497.897949 0 274.844 0 680
0.531632947 0.749999999 0.0301342018 -0.37879765 486.213043 0 274.844 0 680
0.544810726 0.749999999 0.0312423576 -0.366214603 474.434692 0 274.844 0 680
0.559495121 0.749999999 0.0323366314 -0.354489923 462.799561 0 274.844 0 680
0.575775106 0.749999999 0.0334010515 -0.34370169 451.498718 0 274.844 0 680
0.593718725 0.749999999 0.0344175308 -0.334011167 440.653076 0 274.844 0 680
0.613365233 0.749999999 0.0353649013 -0.325563937 430.465576 0 274.844 0 680
0.634717021 0.749999999 0.0362162874 -0.318401515 421.172729 0 274.844 0 680
0.65773205 0.749999999 0.0369362005 -0.312295794 412.736664 0 274.844 0 680
0.682317689 0.749999999 0.0374795126 -0.306679726 404.809937 0 274.844 0 680
0.70832695 0.749999999 0.0377919151 -0.300624043 396.828125 0 274.844 0 680
0.735558046 0.749999999 0.0378160531 -0.292948067 388.069061 0 274.844 0 680
0.763757965 0.749999999 0.0374999959 -0.282470793 378.007507 0 274.844 0 680
0.792630324 0.749999999 0.0368108539 -0.268420666 366.603394 0 274.844 0 680
0.821847208 0.749999999 0.0357424901 -0.25061661 354.130188 0 274.844 0 680
0.851064093 0.749999999 0.0343236104 -0.229561612 341.106171 0 274.844 0 680
0.879936452 0.749999999 0.0326126803 -0.206371725 328.288727 0 274.844 0 680
0.90813637 0.749999999 0.0306886789 -0.182417706 316.550049 0 274.844 0 680
0.935367466 0.749999999 0.0286359937 -0.158964932 306.373932 0 274.844 0 680
0.961376727 0.749999999 0.0265311827 -0.136839628 297.710724 0 274.844 0 680
0.985962366 0.749999999 0.0244341486 -0.116390258 290.440521 0 274.844 0 680
1.00897739 0.749999999 0.0223860743 -0.0975692868 284.263123 0 274.844 0 680
1.03032918 0.749999999 0.0204118525 -0.0800940916 278.588257 0 274.844 0 680
1.04997569 0.749999999 0.0185256462 -0.0636206493 272.938751 0 274.844 0 680
1.06791931 0.749999999 0.0167357022 -0.0478598513 267.12146 0 274.844 0 680
1.0841993 0.749999999 0.0150478979 -0.0326516926 261.126831 0 274.844 0 680
1.09888369 0.749999999 0.0134678535 -0.0179828368 255.187042 0 274.844 0 680
1.11206147 0.749999999 0.0120003198 -0.00395612186 249.637039 0 274.844 0 680
1.1238354 0.749999999 0.0106489074 0.00927519798 244.706696 0 274.844 0 680
1.13431589 0.749999999 0.0094153085 0.0215609353 240.442276 0 274.844 0 680
1.14361603 0.749999999 0.00829881937 0.0328056775 236.472031 0 274.844 0 680
1.15184769 0.749999999 0.00729615056 0.0429897308 232.337616 0 274.844 0 680
1.15911873 0.749999999 0.00640221872 0.0521296412 228.335602 0 274.844 0 680
1.16553099 0.749999999 0.0056097353 0.0602569953 225.075745 0 274.844 0 680
1.17117915 0.749999999 0.00491013914 0.0674313456 222.252716 0 274.844 0 680
1.17615004 0.749999999 0.00429676756 0.0737272203 219.498718 0 274.844 0 680
1.18052251 0.749999999 0.00376002188 0.0792259648 217.046967 0 274.844 0 680
1.18436748 0.749999999 0.00328895758 0.0840436518 214.846939 0 274.844 0 680
1.18774833 0.749999999 0.00287456516 0.0882984176 212.813995 0 274.844 0 680
1.19072136 0.749999999 0.00250939714 0.0920742229 210.932648 0 274.844 0 680
1.19333632 0.749999999 0.00218720018 0.0954384357 209.152252 0 274.844 0 680
1.19563701 0.749999999 0.0019026581 0.0984451473 209.152252 0 274.844 0 680
1.19766187 0.749999999 0.00165120927 0.101138912 207.454269 0 274.844 0 680
1.19944452 0.749999999 0.00142891325 0.103555255 205.832794 0 274.844 0 680
1.20101434 0.749999999 0.00123235087 0.105728798 204.280228 0 274.844 0 680
1.20239691 0.749999999 0.00105854684 0.107684314 202.806839 0 274.844 0 680
1.20361449 0.749999999 0.000904908034 0.109448701 201.395142 0 274.844 0 680
1.20468642 0.749999999 0.000769173127 0.111038893 200.020081 0 274.844 0 680
1.20562947 0.749999999 0.000649370443 0.112478808 198.694839 0 274.844 0 680
1.20645816 0.749999999 0.000543782264 0.11377573 197.410065 0 274.844 0 680
1.20718506 0.749999999 0.000450922552 0.114954524 196.149643 0 274.844 0 680
1.207821 0.749999999 0.000369522449 0.116011284 194.904236 0 274.844 0 680
1.20837532 0.749999999 0.000298470891 0.116975918 193.675949 0 274.844 0 680
1.20885601 0.749999999 0.000236795919 0.117827386 192.457077 0 274.844 0 680
1.20926991 0.749999999 0.000183655182 0.118609607 191.22464 0 274.844 0 680
1.2096228 0.749999999 0.000138325848 0.119278431 190.03038 0 274.844 0 680
1.20991957 0.749999999 0.000100194772 0.119890042 188.714462 0 274.844 0 680
1.21016427 0.749999999 6.87494199e-05 0.120394722 187.592758 0 274.844 0 680
1.21036018 0.749999999 4.35698249e-05 0.120840646 186.280563 0 274.844 0 680
1.21050994 0.749999999 2.43217203e-05 0.121122062 186.07164 0 274.844 0 680
1.21061552 0.749999999 1.07509204e-05 0.121044628 189.624619 0 274.844 0 680
1.21067833 0.749999999 2.67896125e-06 0.121237375 212.785507 0 274.844 0 680
1.21067833 0.749999999 2.67896125e-06 0.121237375 343.347931 0 274.844 0 680

ZONE T="SLICE_Y_1p40_BINS07_KS_1p5mm_CUTDATA"
1.39330511 1.39999998 0 0.112796858 717.722656 0 274.844 0 680
1.39328943 1.39999998 -2.01531594e-06 0.113392442 387.817505 0 274.844 0 680
1.39324218 1.39999998 -8.08765014e-06 0.113453321 249.561081 0 274.844 0 680
1.39316276 1.39999998 -1.82966255e-05 0.113683894 227.861435 0 274.844 0 680
1.3930501 1.39999998 -3.27764961e-05 0.113450989 223.783203 0 274.844 0 680
1.39290271 1.39999998 -5.17184793e-05 0.113060579 223.050613 0 274.844 0 680
1.39271864 1.39999998 -7.53740356e-05 0.112568162 223.74118 0 274.844 0 680
1.39249538 1.39999998 -0.000104059096 0.111910738 224.625153 0 274.844 0 680
1.39222991 1.39999998 -0.000138159228 0.111196719 225.780594 0 274.844 0 680
1.39191855 1.39999998 -0.000178135683 0.110362902 226.944199 0 274.844 0 680
1.39155693 1.39999998 -0.00022453223 0.109453432 228.175217 0 274.844 0 680
1.39113994 1.39999998 -0.000277982551 0.108428374 229.407791 0 274.844 0 680
1.39066153 1.39999998 -0.000339217825 0.107312493 230.684937 0 274.844 0 680
1.3901147 1.39999998 -0.000409073878 0.10607291 231.984558 0 274.844 0 680
1.3894913 1.39999998 -0.00048850524 0.104720667 233.319183 0 274.844 0 680
1.38878187 1.39999998 -0.00057862982 0.103228703 234.688232 0 274.844 0 680
1.38797548 1.39999998 -0.000680739816 0.101595871 236.100266 0 274.844 0 680
1.38705953 1.39999998 -0.000796318467 0.0997982323 237.561584 0 274.844 0 680
1.38601945 1.39999998 -0.000927066921 0.0978260189 239.077667 0 274.844 0 680
1.38483852 1.39999998 -0.00107493591 0.0956553519 240.655075 0 274.844 0 680
1.38349747 1.39999998 -0.00124216368 0.0932691172 242.298172 0 274.844 0 680
1.38197422 1.39999998 -0.00143132239 0.0906403959 244.012512 0 274.844 0 680
1.38024347 1.39999998 -0.00164537631 0.0877439082 245.80191 0 274.844 0 680
1.3782763 1.39999998 -0.00188775708 0.0845450163 247.671463 0 274.844 0 680
1.37603977 1.39999998 -0.0021624639 0.0810053051 249.627609 0 274.844 0 680
1.37349643 1.39999998 -0.00247420102 0.0770737678 251.664154 0 274.844 0 680
1.37060396 1.39999998 -0.00282857098 0.0726820007 253.690125 0 274.844 0 680
1.36731466 1.39999998 -0.00323235141 0.0677090287 255.85379 0 274.844 0 680
1.36357518 1.39999998 -0.0036937756 0.0620494001 258.600922 0 274.844 0 680
1.35932621 1.39999998 -0.0042200644 0.0556881353 261.752228 0 274.844 0 680
1.35450243 1.39999998 -0.00481622997 0.0486277118 265.098267 0 274.844 0 680
1.34903261 1.39999998 -0.00548871267 0.0408594608 268.775421 0 274.844 0 680
1.34284013 1.39999998 -0.00624299548 0.0324127711 272.737488 0 274.844 0 680
1.33584386 1.39999998 -0.0070829025 0.0233630762 276.783417 0 274.844 0 680
1.32795965 1.39999998 -0.00801090826 0.013830456 280.852905 0 274.844 0 680
1.31910242 1.39999998 -0.00902754224 0.00396673335 285.126495 0 274.844 0 680
1.3091891 1.39999998 -0.0101315314 -0.00604571402 289.726257 0 274.844 0 680
1.2981424 1.39999998 -0.0113201595 -0.0160456952 294.607666 0 274.844 0 680
1.28589537 1.39999998 -0.0125898527 -0.025953494 299.575714 0 274.844 0 680
1.27239683 1.39999998 -0.0139363831 -0.0358280651 304.559326 0 274.844 0 680
1.25761725 1.39999998 -0.0153553291 -0.0458900295 309.645081 0 274.844 0 680
1.24155483 1.39999998 -0.0168404871 -0.0564780422 315.017487 0 274.844 0 680
1.2242412 1.39999998 -0.0183812025 -0.0679655969 321.073761 0 274.844 0 680
1.20574603 1.39999998 -0.0199587491 -0.0806377158 328.136139 0 274.844 0 680
1.18617991 1.39999998 -0.0215421461 -0.094534196 336.101257 0 274.844 0 680
1.16569464 1.39999998 -0.0230863301 -0.109341078 344.558746 0 274.844 0 680
1.14448054 1.39999998 -0.0245337085 -0.124381341 353.413116 0 274.844 0 680
1.12276058 1.39999998 -0.0258207987 -0.138605565 362.858978 0 274.844 0 680
1.10078145 1.39999998 -0.0268881867 -0.150865152 372.790619 0 274.844 0 680
1.07880231 1.39999998 -0.0276918902 -0.160163105 382.877289 0 274.844 0 680
1.05708235 1.39999998 -0.0282103146 -0.166134 392.827026 0 274.844 0 680
1.03586825 1.39999998 -0.0284480766 -0.16890353 402.329651 0 274.844 0 680
1.01538298 1.39999998 -0.0284299182 -0.169032156 411.370422 0 274.844 0 680
0.995816857 1.39999998 -0.0281949055 -0.167629421 420.214539 0 274.844 0 680
0.977321692 1.39999998 -0.0277861853 -0.165600628 429.049316 0 274.844 0 680
0.960008059 1.39999998 -0.0272446126 -0.163528204 438.186249 0 274.844 0 680
0.943945639 1.39999998 -0.026604136 -0.16172576 447.934021 0 274.844 0 680
0.92916606 1.39999998 -0.0258914527 -0.160184324 458.392426 0 274.844 0 680
0.915667521 1.39999998 -0.0251267806 -0.15864189 469.576141 0.000126941697 274.798 0 680
0.903420493 1.39999998 -0.0243260438 -0.156730548 481.504852 0.000399720768 274.703 0 680
0.892373788 1.39999998 -0.0235028488 -0.154084697 494.063782 0.00148676382 274.334 0 680
0.882460472 1.39999998 -0.0226692108 -0.15045616 506.959564 0.00288958824 273.879 0 680
0.873603241 1.39999998 -0.0218366534 -0.145822823 519.891968 0.00635115011 273.15 0.157714993 680
0.865719028 1.39999998 -0.0210158945 -0.140385345 532.519775 0.010241406 273.15 0.424580604 680
0.858722763 1.39999998 -0.0202164017 -0.134624794 544.747131 0.0153281623 273.15 0.571642816 680
0.852530284 1.39999998 -0.019446742 -0.129260048 556.77948 0.0219763983 273.15 0.662862062 680
0.847060465 1.39999998 -0.018713165 -0.125194818 568.183411 0.0285497066 273.15 0.807606637 680
0.842236679 1.39999998 -0.0180201935 -0.124137066 580.152527 0.0347083211 273.15 0.686921537 680
0.837987712 1.39999998 -0.0173739689 -0.128040984 596.541016 0.0415868461 273.15 0.392585039 680
0.834248231 1.39999998 -0.0167699899 -0.137928784 620.103638 0.0517636053 273.15 0.273876131 680
0.830958934 1.39999998 -0.0161926956 -0.151488423 653.787415 0.0675979778 273.15 0.213041246 680
0.828066458 1.39999998 -0.0156163719 -0.163082615 699.598206 0.0911297053 273.15 0.173456356 680
0.825523125 1.39999998 -0.015021839 -0.166665211 753.040527 0.124969125 273.15 0.148809299 680
0.82328659 1.39999998 -0.0143993456 -0.157107502 808.365601 0.165133819 273.15 0.132633045 680
0.821319422 1.39999998 -0.0137470613 -0.132747516 860.44989 0.208990172 273.15 0.121369995 680
0.819588671 1.39999998 -0.0130683278 -0.093045257 904.531006 0.255211383 273.15 0.113037996 680
0.818065422 1.39999998 -0.0123693213 -0.0389696881 938.575562 0.301004469 273.15 0.106599741 680
0.816724374 1.39999998 -0.0116570561 0.0259610321 960.641479 0.344664097 273.15 0.101418339 680
0.815543439 1.39999998 -0.0109396218 0.0975055099 971.3974 0.385090619 273.15 0.0972151607 680
0.814503365 1.39999998 -0.010224381 0.171762124 973.703369 0.42240262 273.15 0.0940534547 680
0.81358741 1.39999998 -0.00951522067 0.246236935 973.703369 0.42240262 273.15 0.0940534547 680
0.812781025 1.39999998 -0.00881652927 0.318371594 969.633484 0.456664085 273.15 0.0906656832 680
0.812071593 1.39999998 -0.00813247502 0.38633588 959.627991 0.487456173 273.15 0.0880846158 680
0.811448188 1.39999998 -0.00746427898 0.449327171 945.808228 0.515208483 273.15 0.0865841135 680
0.810901359 1.39999998 -0.0068122607 0.506757915 930.57605 0.540507913 273.15 0.0863783062 680
0.810422955 1.39999998 -0.00617667025 0.558080435 913.072205 0.563439488 273.15 0.0874688029 680
0.810005956 1.39999998 -0.00555754961 0.602861345 894.425049 0.584025323 273.15 0.0901116729 680
0.809644345 1.39999998 -0.00495449175 0.641073346 877.066956 0.602369487 273.15 0.0948776305 680
0.809332982 1.39999998 -0.00436490291 0.672356606 860.201965 0.618737102 273.15 0.102524333 680
0.809067508 1.39999998 -0.00378722306 0.696685731 843.995972 0.633182049 273.15 0.114507124 680
0.809067508 1.39999998 -0.00378722306 0.696685731 831.424072 0.645245492 273.15 0.13335681 680
0.808844255 1.39999998 -0.00322562095 0.713621318 822.825684 0.655600548 273.15 0.165976137 680
0.808660178 1.39999998 -0.00266543859 0.723520339 823.58606 0.663765132 273.15 0.227575853 680
0.808512795 1.39999998 -0.00213753788 0.726173222 834.213745 0.667700112 273.15 0.262228787 680
0.808400135 1.39999998 -0.00156451687 0.721562922 841.669617 0.668563664 273.15 0.201486796 680
0.808320707 1.39999998 -0.00110087385 0.706424296 867.545776 0.674058974 273.15 0.161053613 680
0.808273463 1.39999998 -0.000359871441 0.69015646 890.942505 0.681679368 273.15 0.122931756 680
0.808257784 1.39999998 0 0.661824584 918.719238 0.676928937 273.15 0.0793783814 680
0.808273463 1.39999998 0.000359871441 0.629291177 930.043152 0.66891396 273.15 0.097508803 680
0.808320707 1.39999998 0.00110087385 0.593678355 968.157532 0.660199463 273.15 0.0948035493 680
0.808400135 1.39999998 0.00156451687 0.535668612 1012.53662 0.650168359 273.15 0.0793356895 680
0.808512795 1.39999998 0.00213753788 0.487537265 1034.5321 0.638649344 273.15 0.0785054639 680
0.808660178 1.39999998 0.00266543859 0.425117701 1068.47229 0.623309731 273.15 0.0751755014 680
0.808844255 1.39999998 0.00322562095 0.363125145 1081.72717 0.607611001 273.15 0.0741933137 680
0.809067508 1.39999998 0.00378722306 0.292711169 1104.09595 0.588875294 273.15 0.0737387463 680
0.809332982 1.39999998 0.00436490291 0.219522133 1122.60693 0.56888181 273.15 0.0743804872 680
0.809644345 1.39999998 0.00495449175 0.140864164 1142.2146 0.546390474 273.15 0.0757780895 680
0.810005956 1.39999998 0.00555754961 0.0592273623 1157.41858 0.522243083 273.15 0.0779600888 680
0.810422955 1.39999998 0.00617667025 -0.0260262396 1171.2356 0.496332318 273.15 0.0811319724 680
0.810901359 1.39999998 0.0068122607 -0.11460676 1183.77502 0.468215555 273.15 0.0853417888 680
0.811448188 1.39999998 0.00746427898 -0.205720067 1192.69531 0.437724352 273.15 0.0899133831 680
0.812071593 1.39999998 0.00813247502 -0.298263639 1197.48584 0.404828757 273.15 0.0954427794 680
0.812781025 1.39999998 0.00881652927 -0.391379654 1199.40955 0.369472146 273.15 0.102553666 680
0.81358741 1.39999998 0.00951522067 -0.483794957 1196.01929 0.330887318 273.15 0.111482888 680
0.814503365 1.39999998 0.010224381 -0.572327793 1183.55481 0.288443506 273.15 0.122613043 680
0.815543439 1.39999998 0.0109396218 -0.651950479 1161.49524 0.243356824 273.15 0.137010664 680
0.816724374 1.39999998 0.0116570561 -0.719193935 1128.16077 0.196398675 273.15 0.156193748 680
0.818065422 1.39999998 0.0123693213 -0.769097805 1079.92236 0.146387443 273.15 0.182829618 680
0.819588671 1.39999998 0.0130683278 -0.797296643 1016.68018 0.0976997539 273.15 0.223468095 680
0.821319422 1.39999998 0.0137470613 -0.801591933 943.367981 0.0533492714 273.15 0.2951217 680
0.82328659 1.39999998 0.0143993456 -0.781084418 863.92688 0.0217901636 273.15 0.452110142 680
0.825523125 1.39999998 0.015021839 -0.741348326 784.458313 0.0051865913 273.15 0.850453019 680
0.828066458 1.39999998 0.0156163719 -0.688791931 712.036072 0.000559571607 274.711 0 680
0.830958934 1.39999998 0.0161926956 -0.629865587 653.595642 0 274.844 0 680
0.834248231 1.39999998 0.0167699899 -0.572529197 613.520569 0 274.844 0 680
0.837987712 1.39999998 0.0173739689 -0.522879958 588.644531 0 274.844 0 680
0.842236679 1.39999998 0.0180201935 -0.482496738 573.95282 0 274.844 0 680
0.847060465 1.39999998 0.018713165 -0.449946672 564.673645 0 274.844 0 680
0.852530284 1.39999998 0.019446742 -0.423087299 556.062256 0 274.844 0 680
0.858722763 1.39999998 0.0202164017 -0.399955481 546.354736 0 274.844 0 680
0.865719028 1.39999998 0.0210158945 -0.379371881 535.566223 0 274.844 0 680
0.873603241 1.39999998 0.0218366534 -0.360348195 523.529236 0 274.844 0 680
0.882460472 1.39999998 0.0226692108 -0.342296153 510.464142 0 274.844 0 680
0.892373788 1.39999998 0.0235028488 -0.324965775 496.697968 0 274.844 0 680
0.903420493 1.39999998 0.0243260438 -0.308371544 482.700104 0 274.844 0 680
0.915667521 1.39999998 0.0251267806 -0.292773575 468.993011 0 274.844 0 680
0.92916606 1.39999998 0.0258914527 -0.278508663 455.900116 0 274.844 0 680
0.943945639 1.39999998 0.026604136 -0.265853435 443.530151 0 274.844 0 680
0.960008059 1.39999998 0.0272446126 -0.254917562 431.867401 0 274.844 0 680
0.977321692 1.39999998 0.0277861853 -0.245509461 420.748505 0 274.844 0 680
0.995816857 1.39999998 0.0281949055 -0.23709856 409.794159 0 274.844 0 680
1.01538298 1.39999998 0.0284299182 -0.228810027 398.601837 0 274.844 0 680
1.03586825 1.39999998 0.0284480766 -0.219565868 386.967987 0 274.844 0 680
1.05708235 1.39999998 0.0282103146 -0.208308116 374.75119 0 274.844 0 680
1.07880231 1.39999998 0.0276918902 -0.194349274 361.955627 0 274.844 0 680
1.10078145 1.39999998 0.0268881867 -0.177569658 348.834259 0 274.844 0 680
1.12276058 1.39999998 0.0258207987 -0.158507556 335.715759 0 274.844 0 680
1.14448054 1.39999998 0.0245337085 -0.13822034 323.083191 0 274.844 0 680
1.16569464 1.39999998 0.0230863301 -0.117899999 311.255188 0 274.844 0 680
1.18617991 1.39999998 0.0215421461 -0.0985611528 300.122589 0 274.844 0 680
1.20574603 1.39999998 0.0199587491 -0.0808107778 289.742462 0 274.844 0 680
1.2242412 1.39999998 0.0183812025 -0.0648609623 280.421021 0 274.844 0 680
1.24155483 1.39999998 0.0168404871 -0.0505844578 272.238037 0 274.844 0 680
1.25761725 1.39999998 0.0153553291 -0.0376494415 264.945953 0 274.844 0 680
1.27239683 1.39999998 0.0139363831 -0.0256731883 258.218842 0 274.844 0 680
1.28589537 1.39999998 0.0125898527 -0.0143265082 251.911407 0 274.844 0 680
1.2981424 1.39999998 0.0113201595 -0.00339958398 245.951004 0 274.844 0 680
1.3091891 1.39999998 0.0101315314 0.0071769692 240.414703 0 274.844 0 680
1.31910242 1.39999998 0.00902754224 0.0173582137 235.46463 0 274.844 0 680
1.32795965 1.39999998 0.00801090826 0.0270469692 231.053787 0 274.844 0 680
1.33584386 1.39999998 0.0070829025 0.0361386985 227.045898 0 274.844 0 680
1.34284013 1.39999998 0.00624299548 0.0445570983 223.194733 0 274.844 0 680
1.34903261 1.39999998 0.00548871267 0.0522606 219.502289 0 274.844 0 680
1.35450243 1.39999998 0.00481622997 0.0592299774 216.152588 0 274.844 0 680
1.35932621 1.39999998 0.0042200644 0.0654803962 213.141739 0 274.844 0 680
1.36357518 1.39999998 0.0036937756 0.0710481927 210.410416 0 274.844 0 680
1.36731466 1.39999998 0.00323235141 0.0759611428 208.1091 0 274.844 0 680
1.37060396 1.39999998 0.00282857098 0.0802610666 206.308228 0 274.844 0 680
1.37349643 1.39999998 0.00247420102 0.0840422213 204.643799 0 274.844 0 680
1.37603977 1.39999998 0.0021624639 0.0874037668 203.000015 0 274.844 0 680
1.3782763 1.39999998 0.00188775708 0.0904070958 201.432388 0 274.844 0 680
1.38024347 1.39999998 0.00164537631 0.0931019932 199.930328 0 274.844 0 680
1.38197422 1.39999998 0.00143132239 0.0955256224 198.489838 0 274.844 0 680
1.38349747 1.39999998 0.00124216368 0.097711876 197.106094 0 274.844 0 680
1.38483852 1.39999998 0.00107493591 0.0996848494 195.774933 0 274.844 0 680
1.38601945 1.39999998 0.000927066921 0.101470999 194.491669 0 274.844 0 680
1.38705953 1.39999998 0.000796318467 0.103085861 193.250626 0 274.844 0 680
1.38797548 1.39999998 0.000680739816 0.104552835 192.045227 0 274.844 0 680
1.38878187 1.39999998 0.00057862982 0.105879962 190.866974 0 274.844 0 680
1.3894913 1.39999998 0.00048850524 0.107090443 189.710541 0 274.844 0 680
1.3901147 1.39999998 0.000409073878 0.108184189 188.569626 0 274.844 0 680
1.39066153 1.39999998 0.000339217825 0.109186277 187.44928 0 274.844 0 680
1.39113994 1.39999998 0.000277982551 0.110086933 186.327179 0 274.844 0 680
1.39155693 1.39999998 0.00022453223 0.110914335 185.240341 0 274.844 0 680
1.39191855 1.39999998 0.000178135683 0.111650415 184.121597 0 274.844 0 680
1.39222991 1.39999998 0.000138159228 0.112327002 183.06929 0 274.844 0 680
1.39249538 1.39999998 0.000104059096 0.112902135 181.960861 0 274.844 0 680
1.39271864 1.39999998 7.53740356e-05 0.113436654 181.133209 0 274.844 0 680
1.39290271 1.39999998 5.17184793e-05 0.113844231 180.517059 0 274.844 0 680
1.3930501 1.39999998 3.27764961e-05 0.114138626 181.506165 0 274.844 0 680
1.39316276 1.39999998 1.82966255e-05 0.114314705 187.254333 0 274.844 0 680
1.39324218 1.39999998 8.08765014e-06 0.114020295 214.447647 0 274.844 0 680
1.39328943 1.39999998 2.01531594e-06 0.114068478 369.405426 0 274.844 0 680

